,dog_ensembl_id,dog_gene_symbol,human_ensembl_id,human_gene_symbol,orthology_type,pct_id_dog_to_human,pct_id_human_to_dog
47690,ENSCAFG00000032250,,ENSG00000176294,,ortholog_one2one,90.228,90.228
47834,ENSCAFG00000015460,,ENSG00000182652,,ortholog_one2many,77.3913,83.1776
47942,ENSCAFG00000023739,,ENSG00000182652,,ortholog_one2many,86.8339,86.2928
48018,ENSCAFG00000043265,,ENSG00000258453,,ortholog_one2many,79.2049,79.4479
48019,ENSCAFG00000043265,,ENSG00000130538,,ortholog_one2many,78.2875,81.2698
48020,ENSCAFG00000043265,,ENSG00000257115,,ortholog_one2many,79.8165,80.0613
48305,ENSCAFG00000044423,,ENSG00000196832,,ortholog_one2one,80.0643,72.1739
48576,ENSCAFG00000023370,,ENSG00000176219,,ortholog_one2one,86.9697,86.9697
48653,ENSCAFG00000046131,,ENSG00000258806,,ortholog_one2one,85.3503,85.3503
48795,ENSCAFG00000023312,,ENSG00000176198,,ortholog_one2one,85.8462,86.1111
48904,ENSCAFG00000005383,,ENSG00000136319,,ortholog_one2one,83.4467,83.6364
49103,ENSCAFG00000005384,,ENSG00000100814,,ortholog_one2one,78.869,95.6679
49300,ENSCAFG00000005387,,ENSG00000135597,,ortholog_one2many,92.4841,91.206
49552,ENSCAFG00000005389,,ENSG00000129484,,ortholog_one2one,79.0698,81.6467
49743,ENSCAFG00000005404,,ENSG00000129566,,ortholog_one2one,71.3906,71.5265
49858,ENSCAFG00000028477,,ENSG00000185271,,ortholog_one2one,55.3191,26.0979
50081,ENSCAFG00000032205,,ENSG00000092094,,ortholog_one2one,83.3333,88.0597
50304,ENSCAFG00000032033,,ENSG00000100823,,ortholog_one2one,65.8696,95.283
50539,ENSCAFG00000005419,,ENSG00000198805,,ortholog_one2one,83.737,83.737
51070,ENSCAFG00000005421,,ENSG00000182545,,ortholog_one2one,50.5051,61.4754
51229,ENSCAFG00000005422,,ENSG00000188655,,ortholog_one2one,44.4444,41.9048
51378,ENSCAFG00000024274,,ENSG00000258436,,ortholog_one2one,61.5385,70.7483
51537,ENSCAFG00000005424,,ENSG00000181803,,ortholog_one2one,86.7069,86.7069
51615,ENSCAFG00000005426,,ENSG00000258818,,ortholog_one2one,61.4213,82.3129
51900,ENSCAFG00000005427,,ENSG00000169413,,ortholog_one2many,44.8718,23.3333
52090,ENSCAFG00000005429,,ENSG00000181562,,ortholog_one2many,48.9655,48.2993
52091,ENSCAFG00000005429,,ENSG00000181552,,ortholog_one2many,51.0345,50.3401
52170,ENSCAFG00000005430,,ENSG00000169413,,ortholog_one2many,50.6024,28.0
52352,ENSCAFG00000005431,,ENSG00000129538,,ortholog_one2one,44.5946,63.4615
52576,ENSCAFG00000005435,,ENSG00000165792,,ortholog_one2one,32.5749,56.9038
52761,ENSCAFG00000005438,,ENSG00000165794,,ortholog_one2one,79.9353,79.9353
52887,ENSCAFG00000005461,,ENSG00000165795,,ortholog_one2one,77.13,92.7224
53086,ENSCAFG00000005474,,ENSG00000179636,,ortholog_one2one,63.6364,82.3529
53248,ENSCAFG00000024269,,ENSG00000206150,,ortholog_one2one,67.7419,67.3077
53394,ENSCAFG00000005483,,ENSG00000165801,,ortholog_one2one,82.2044,87.8868
53509,ENSCAFG00000024620,,ENSG00000232070,,ortholog_one2one,65.6,75.576
53617,ENSCAFG00000005511,,ENSG00000092200,,ortholog_one2one,70.885,66.6407
53792,ENSCAFG00000005576,,ENSG00000092201,,ortholog_one2one,99.809,99.809
54010,ENSCAFG00000005626,,ENSG00000100888,,ortholog_one2one,96.6857,98.334
54248,ENSCAFG00000005641,,ENSG00000129472,,ortholog_one2one,72.0136,97.6852
54392,ENSCAFG00000005647,,ENSG00000092203,,ortholog_one2many,96.1279,91.9485
54598,ENSCAFG00000005657,,ENSG00000165819,,ortholog_one2one,98.4483,98.4483
55061,ENSCAFG00000005676,,ENSG00000165821,,ortholog_one2one,73.5931,67.5273
55174,ENSCAFG00000005679,,ENSG00000221977,,ortholog_one2one,83.4416,82.1086
62394,ENSCAFG00000043870,,ENSG00000125835,,ortholog_one2many,68.8312,22.0833
105792,ENSCAFG00000049113,,ENSG00000131174,,ortholog_one2many,79.7468,78.75
107783,ENSCAFG00000030583,,ENSG00000180658,,ortholog_one2many,83.5484,83.5484
132245,ENSCAFG00000046117,,ENSG00000181915,,ortholog_one2many,92.963,92.963
140983,ENSCAFG00000004961,,ENSG00000198445,,ortholog_one2one,71.7117,71.4542
141527,ENSCAFG00000005001,,ENSG00000165672,,ortholog_one2many,87.7551,83.9844
154251,ENSCAFG00000005828,,ENSG00000146072,,ortholog_one2many,90.0307,89.6183
162431,ENSCAFG00000006342,,ENSG00000213719,,ortholog_one2many,96.0976,81.7427
173165,ENSCAFG00000007135,,ENSG00000273748,,ortholog_one2many,38.3721,80.4878
183100,ENSCAFG00000008535,,ENSG00000100902,,ortholog_one2many,96.2963,82.5397
196936,ENSCAFG00000003639,,ENSG00000148672,,ortholog_many2many,84.0336,35.8423
196937,ENSCAFG00000003639,,ENSG00000182890,,ortholog_many2many,81.0924,34.5878
204554,ENSCAFG00000048993,,ENSG00000112335,,ortholog_one2many,92.5,68.5185
225194,ENSCAFG00000005757,,ENSG00000131174,,ortholog_one2many,85.0,63.75
242332,ENSCAFG00000042036,,ENSG00000012061,,ortholog_one2many,67.033,56.6563
248380,ENSCAFG00000032169,,ENSG00000101367,,ortholog_one2many,75.3333,84.3284
277437,ENSCAFG00000023223,,ENSG00000028839,,ortholog_one2many,82.8026,69.8925
342670,ENSCAFG00000032118,,ENSG00000187581,,ortholog_one2one,30.8824,29.1667
446968,ENSCAFG00000024629,,ENSG00000125753,,ortholog_one2one,49.635,17.8947
463830,ENSCAFG00000003628,,ENSG00000182712,,ortholog_one2many,67.5325,76.4706
472747,ENSCAFG00000003951,,ENSG00000170191,,ortholog_one2many,89.1775,83.0645
480017,ENSCAFG00000004229,,ENSG00000148672,,ortholog_many2many,95.5102,83.871
480018,ENSCAFG00000004229,,ENSG00000182890,,ortholog_many2many,92.8571,81.5412
483972,ENSCAFG00000028785,,ENSG00000112096,,ortholog_one2many,61.1842,41.8919
497020,ENSCAFG00000031531,,ENSG00000000003,,ortholog_one2many,92.3445,78.7755
499123,ENSCAFG00000005529,,ENSG00000165672,,ortholog_one2many,81.4126,85.5469
499864,ENSCAFG00000045114,,ENSG00000102309,,ortholog_one2many,90.0763,75.641
501360,ENSCAFG00000005653,,ENSG00000269437,,ortholog_many2many,64.4444,60.2236
501361,ENSCAFG00000005653,,ENSG00000269405,,ortholog_many2many,64.4444,60.2236
501362,ENSCAFG00000005653,,ENSG00000126952,,ortholog_many2many,38.8034,62.1918
506756,ENSCAFG00000042708,,ENSG00000234278,,ortholog_one2many,31.4516,35.2941
506757,ENSCAFG00000042708,,ENSG00000229665,,ortholog_one2many,31.4516,35.2941
506758,ENSCAFG00000042708,,ENSG00000204918,,ortholog_one2many,31.4516,35.2941
506759,ENSCAFG00000042708,,ENSG00000204919,,ortholog_one2many,31.4516,35.2941
506760,ENSCAFG00000042708,,ENSG00000227151,,ortholog_one2many,31.4516,35.2941
512808,ENSCAFG00000004411,,ENSG00000102409,,ortholog_one2one,74.5763,73.3333
531639,ENSCAFG00000047459,,ENSG00000150459,,ortholog_one2many,78.5311,80.814
593425,ENSCAFG00000014153,,ENSG00000105726,,ortholog_one2one,96.2687,96.4286
593665,ENSCAFG00000014170,,ENSG00000089639,,ortholog_one2one,79.461,88.1443
593878,ENSCAFG00000014181,,ENSG00000064547,,ortholog_one2one,96.0114,96.0114
594174,ENSCAFG00000014191,,ENSG00000105717,,ortholog_one2one,79.4805,81.8182
594398,ENSCAFG00000023249,,ENSG00000160161,,ortholog_one2one,88.65,88.7263
594613,ENSCAFG00000014244,,ENSG00000186010,,ortholog_one2one,70.1389,67.3333
594824,ENSCAFG00000030319,,ENSG00000178093,,ortholog_one2one,97.6654,91.9414
595041,ENSCAFG00000014267,,ENSG00000167491,,ortholog_one2one,88.9561,92.7445
595350,ENSCAFG00000014291,,ENSG00000129933,,ortholog_one2one,99.6737,99.6737
595618,ENSCAFG00000014314,,ENSG00000105705,,ortholog_one2one,87.7458,89.9225
595861,ENSCAFG00000014329,,ENSG00000213996,,ortholog_one2one,82.9787,82.7586
596008,ENSCAFG00000023570,,ENSG00000187664,,ortholog_one2one,95.5446,96.0199
596221,ENSCAFG00000014218,,ENSG00000130287,,ortholog_one2one,75.1663,76.9871
596545,ENSCAFG00000014331,,ENSG00000184162,,ortholog_one2one,89.9281,74.8503
596770,ENSCAFG00000014341,,ENSG00000064490,,ortholog_one2one,91.9231,91.9231
596994,ENSCAFG00000024526,,ENSG00000254901,,ortholog_one2one,59.887,89.0756
597207,ENSCAFG00000014350,,ENSG00000064489,,ortholog_one2many,66.6667,65.445
597208,ENSCAFG00000014350,,ENSG00000213999,,ortholog_one2many,82.1333,82.1333
597430,ENSCAFG00000014369,,ENSG00000064545,,ortholog_one2one,63.2224,75.3653
597662,ENSCAFG00000014386,,ENSG00000181035,,ortholog_one2one,56.2005,66.9811
597954,ENSCAFG00000014404,,ENSG00000105676,,ortholog_one2one,84.0336,79.8403
598185,ENSCAFG00000014431,,ENSG00000064607,,ortholog_one2one,77.0169,74.9088
598347,ENSCAFG00000014475,,ENSG00000268193,,ortholog_one2many,19.7222,84.5238
598348,ENSCAFG00000014475,,ENSG00000051128,,ortholog_one2many,93.8889,93.6288
598655,ENSCAFG00000014512,,ENSG00000105671,,ortholog_one2one,70.405,93.5818
598891,ENSCAFG00000014531,,ENSG00000105669,,ortholog_one2one,81.5864,87.0091
599123,ENSCAFG00000014578,,ENSG00000005007,,ortholog_one2one,99.646,99.7343
599404,ENSCAFG00000014616,,ENSG00000105664,,ortholog_one2one,77.5533,91.2814
599634,ENSCAFG00000014647,,ENSG00000105662,,ortholog_one2one,95.5658,96.1538
599929,ENSCAFG00000014671,,ENSG00000167487,,ortholog_one2one,89.426,96.2602
600172,ENSCAFG00000014687,,ENSG00000105696,,ortholog_one2one,55.9889,58.7719
600387,ENSCAFG00000014698,,ENSG00000006016,,ortholog_one2one,98.1723,89.0995
600719,ENSCAFG00000014713,,ENSG00000006015,,ortholog_one2one,35.2564,54.7264
600804,ENSCAFG00000014723,,ENSG00000221983,,ortholog_one2many,85.9375,79.7101
601023,ENSCAFG00000014727,,ENSG00000105700,,ortholog_one2one,94.3182,85.1282
601225,ENSCAFG00000014770,,ENSG00000105656,,ortholog_one2one,47.2774,88.0837
601530,ENSCAFG00000014862,,ENSG00000130511,,ortholog_one2one,56.1798,77.9221
601783,ENSCAFG00000014879,,ENSG00000175489,,ortholog_one2one,58.9226,57.377
601867,ENSCAFG00000014882,,ENSG00000130513,,ortholog_one2one,62.215,62.013
602092,ENSCAFG00000014891,,ENSG00000130517,,ortholog_one2one,96.5854,94.7368
602381,ENSCAFG00000014900,,ENSG00000130520,,ortholog_one2many,86.3309,50.4202
602590,ENSCAFG00000023338,,ENSG00000130522,,ortholog_one2one,60.4824,93.9481
602817,ENSCAFG00000014928,,ENSG00000105650,,ortholog_one2many,61.1924,76.4045
602818,ENSCAFG00000014928,,ENSG00000285188,,ortholog_one2many,61.1924,76.4045
602921,ENSCAFG00000014907,,ENSG00000130518,,ortholog_one2one,48.381,55.7425
602997,ENSCAFG00000014945,,ENSG00000105649,,ortholog_one2one,99.0909,99.0909
603306,ENSCAFG00000014954,,ENSG00000254858,,ortholog_one2one,49.8507,81.068
603535,ENSCAFG00000014956,,ENSG00000216490,,ortholog_one2one,66.1355,66.4
603697,ENSCAFG00000014978,,ENSG00000268173,,ortholog_one2many,96.9697,96.7033
603698,ENSCAFG00000014978,,ENSG00000105647,,ortholog_one2many,96.9697,96.7033
603982,ENSCAFG00000015009,,ENSG00000099308,,ortholog_one2one,90.5488,90.7563
604286,ENSCAFG00000015028,,ENSG00000096996,,ortholog_one2one,62.7049,69.3354
604390,ENSCAFG00000015088,,ENSG00000105643,,ortholog_one2one,71.0983,90.6634
604641,ENSCAFG00000015092,,ENSG00000105642,,ortholog_one2one,80.9904,93.3702
604939,ENSCAFG00000015098,,ENSG00000007080,,ortholog_one2one,95.5157,95.5157
605160,ENSCAFG00000015051,,ENSG00000105641,,ortholog_one2one,83.9564,83.8258
605560,ENSCAFG00000015159,,ENSG00000105639,,ortholog_one2one,90.1179,88.4342
605692,ENSCAFG00000015192,,ENSG00000179913,,ortholog_one2one,72.8495,72.8495
606026,ENSCAFG00000015256,,ENSG00000167483,,ortholog_one2one,65.2051,66.1406
606136,ENSCAFG00000015212,,ENSG00000130475,,ortholog_one2one,86.5672,90.625
606372,ENSCAFG00000015229,,ENSG00000130479,,ortholog_one2one,83.3648,83.2861
606631,ENSCAFG00000024064,,ENSG00000130477,,ortholog_one2one,90.1348,85.4239
606800,ENSCAFG00000031738,,ENSG00000130309,,ortholog_one2one,95.9872,96.1415
607076,ENSCAFG00000015270,,ENSG00000130313,,ortholog_one2one,96.5116,96.5116
607299,ENSCAFG00000015315,,ENSG00000130304,,ortholog_one2one,91.7305,92.7245
607612,ENSCAFG00000015337,,ENSG00000130300,,ortholog_one2one,64.7303,70.5882
607871,ENSCAFG00000015329,,ENSG00000269035,,ortholog_one2many,46.7354,60.177
607872,ENSCAFG00000015329,,ENSG00000188051,,ortholog_one2many,86.9416,86.9416
607955,ENSCAFG00000015332,,ENSG00000141971,,ortholog_one2one,77.8135,88.6447
608159,ENSCAFG00000031353,,ENSG00000130303,,ortholog_one2one,37.766,39.4444
608247,ENSCAFG00000034757,,ENSG00000269720,,ortholog_one2one,81.3559,82.0513
608306,ENSCAFG00000015378,,ENSG00000130299,,ortholog_one2one,86.9919,81.6794
608512,ENSCAFG00000015416,,ENSG00000074855,,ortholog_one2one,77.3035,92.6136
608807,ENSCAFG00000031251,,ENSG00000130311,,ortholog_one2one,27.2727,82.3529
609112,ENSCAFG00000028802,,ENSG00000130312,,ortholog_one2one,74.4186,34.7826
609341,ENSCAFG00000015430,,ENSG00000127220,,ortholog_one2one,74.9553,95.4442
609654,ENSCAFG00000015434,,ENSG00000160117,,ortholog_one2one,54.6407,54.559
609853,ENSCAFG00000015487,,ENSG00000160113,,ortholog_one2one,49.8691,94.3069
610168,ENSCAFG00000015454,,ENSG00000105393,,ortholog_one2one,93.1548,95.1368
610376,ENSCAFG00000015462,,ENSG00000130307,,ortholog_one2one,75.5334,75.5334
610532,ENSCAFG00000015500,,ENSG00000099330,,ortholog_one2one,58.7459,67.4242
610895,ENSCAFG00000015513,,ENSG00000053501,,ortholog_one2one,87.1795,91.8919
611137,ENSCAFG00000015532,,ENSG00000099331,,ortholog_one2one,84.3241,88.7807
611443,ENSCAFG00000015551,,ENSG00000131351,,ortholog_one2one,64.3541,65.6098
611639,ENSCAFG00000015590,,ENSG00000160111,,ortholog_one2one,83.4356,77.4327
611834,ENSCAFG00000015606,,ENSG00000127533,,ortholog_one2one,71.2821,72.2078
612062,ENSCAFG00000015616,,ENSG00000127511,,ortholog_one2one,95.6444,92.599
612305,ENSCAFG00000015626,,ENSG00000188039,,ortholog_one2one,82.0562,82.1611
612432,ENSCAFG00000030694,,ENSG00000072954,,ortholog_one2one,95.6522,95.6522
612669,ENSCAFG00000015648,,ENSG00000105085,,ortholog_one2many,80.5389,89.6667
612670,ENSCAFG00000015648,,ENSG00000141979,,ortholog_one2many,52.994,82.904
612967,ENSCAFG00000015651,,ENSG00000127526,,ortholog_one2one,95.1219,95.1219
613204,ENSCAFG00000015671,,ENSG00000085872,,ortholog_one2one,98.1661,98.1661
613447,ENSCAFG00000015691,,ENSG00000105072,,ortholog_one2one,57.9937,56.3166
613644,ENSCAFG00000015694,,ENSG00000269058,,ortholog_one2one,86.4935,86.7188
613849,ENSCAFG00000015735,,ENSG00000127527,,ortholog_one2one,94.0605,95.7143
614102,ENSCAFG00000015762,,ENSG00000072958,,ortholog_one2one,96.0829,95.8621
614344,ENSCAFG00000048510,,ENSG00000105058,,ortholog_one2many,99.1071,99.1071
614577,ENSCAFG00000015775,,ENSG00000141977,,ortholog_one2one,97.3262,97.3262
614814,ENSCAFG00000015778,,ENSG00000196684,,ortholog_one2one,61.4958,63.0682
614976,ENSCAFG00000015782,,ENSG00000167461,,ortholog_one2one,100.0,100.0
615278,ENSCAFG00000015796,,ENSG00000167460,,ortholog_one2one,98.9437,98.9437
615668,ENSCAFG00000023401,,ENSG00000171954,,ortholog_one2one,76.0188,91.3371
615820,ENSCAFG00000049224,,ENSG00000172519,,ortholog_many2many,82.6923,81.9048
615821,ENSCAFG00000049224,,ENSG00000186723,,ortholog_many2many,82.6923,81.1321
616268,ENSCAFG00000047126,,ENSG00000176231,,ortholog_one2many,80.5732,80.0633
616269,ENSCAFG00000047126,,ENSG00000171936,,ortholog_one2many,79.9363,79.4304
616403,ENSCAFG00000046421,,ENSG00000172519,,ortholog_many2many,77.7778,84.4444
616404,ENSCAFG00000046421,,ENSG00000186723,,ortholog_many2many,78.0702,83.9623
616647,ENSCAFG00000015962,,ENSG00000161031,,ortholog_one2one,72.7455,57.2555
616951,ENSCAFG00000015976,,ENSG00000105122,,ortholog_one2one,75.1628,79.9209
617167,ENSCAFG00000016006,,ENSG00000011451,,ortholog_one2one,91.0005,91.0005
617447,ENSCAFG00000016083,,ENSG00000105127,,ortholog_one2one,81.085,79.9133
617589,ENSCAFG00000016085,,ENSG00000141867,,ortholog_one2one,96.8359,96.6226
617661,ENSCAFG00000029522,,ENSG00000105131,,ortholog_one2one,81.362,63.0556
617855,ENSCAFG00000016107,,ENSG00000074181,,ortholog_one2one,88.4078,81.8182
618063,ENSCAFG00000016130,,ENSG00000105135,,ortholog_one2one,91.9304,91.9304
618282,ENSCAFG00000016147,,ENSG00000105137,,ortholog_one2one,90.8844,90.8844
618479,ENSCAFG00000016157,,ENSG00000094661,,ortholog_one2one,76.2058,66.7606
618668,ENSCAFG00000016159,,ENSG00000105141,,ortholog_one2one,85.5372,85.5372
618868,ENSCAFG00000016174,,ENSG00000105143,,ortholog_one2one,86.7624,96.4539
619101,ENSCAFG00000016167,,ENSG00000160994,,ortholog_one2one,82.9659,82.9659
619220,ENSCAFG00000032462,,ENSG00000185385,,ortholog_many2many,74.4548,77.3463
619221,ENSCAFG00000032462,,ENSG00000188269,,ortholog_many2many,75.0779,75.5486
619222,ENSCAFG00000032462,,ENSG00000127515,,ortholog_many2many,74.7664,77.6699
620157,ENSCAFG00000043561,,ENSG00000185385,,ortholog_many2many,77.0227,77.0227
620158,ENSCAFG00000043561,,ENSG00000188269,,ortholog_many2many,79.288,76.8025
620159,ENSCAFG00000043561,,ENSG00000127515,,ortholog_many2many,77.6699,77.6699
620393,ENSCAFG00000030673,,ENSG00000185385,,ortholog_many2many,73.2919,76.3754
620394,ENSCAFG00000030673,,ENSG00000188269,,ortholog_many2many,75.1553,75.8621
620395,ENSCAFG00000030673,,ENSG00000127515,,ortholog_many2many,74.2236,77.3463
620626,ENSCAFG00000032665,,ENSG00000185385,,ortholog_many2many,74.2236,77.3463
620627,ENSCAFG00000032665,,ENSG00000188269,,ortholog_many2many,73.2919,73.9812
620628,ENSCAFG00000032665,,ENSG00000127515,,ortholog_many2many,72.9814,76.0518
620839,ENSCAFG00000030549,,ENSG00000127530,,ortholog_one2one,77.8125,77.8125
621065,ENSCAFG00000032644,,ENSG00000127529,,ortholog_one2one,77.8481,77.116
621488,ENSCAFG00000029023,,ENSG00000185385,,ortholog_many2many,75.0809,75.0809
621489,ENSCAFG00000029023,,ENSG00000188269,,ortholog_many2many,76.699,74.2947
621490,ENSCAFG00000029023,,ENSG00000127515,,ortholog_many2many,76.0518,76.0518
621732,ENSCAFG00000045076,,ENSG00000185385,,ortholog_many2many,72.5857,75.4045
621733,ENSCAFG00000045076,,ENSG00000188269,,ortholog_many2many,71.9626,72.4138
621734,ENSCAFG00000045076,,ENSG00000127515,,ortholog_many2many,71.6511,74.4337
621968,ENSCAFG00000031363,,ENSG00000185385,,ortholog_many2many,77.6699,77.6699
621969,ENSCAFG00000031363,,ENSG00000188269,,ortholog_many2many,77.3463,74.9216
621970,ENSCAFG00000031363,,ENSG00000127515,,ortholog_many2many,76.3754,76.3754
622208,ENSCAFG00000041401,,ENSG00000185385,,ortholog_many2many,79.0323,79.288
622209,ENSCAFG00000041401,,ENSG00000188269,,ortholog_many2many,77.0968,74.9216
622210,ENSCAFG00000041401,,ENSG00000127515,,ortholog_many2many,75.8064,76.0518
622445,ENSCAFG00000041284,,ENSG00000185385,,ortholog_many2many,74.4409,75.4045
622446,ENSCAFG00000041284,,ENSG00000188269,,ortholog_many2many,72.2045,70.8464
622447,ENSCAFG00000041284,,ENSG00000127515,,ortholog_many2many,71.885,72.8155
622809,ENSCAFG00000047151,,ENSG00000185385,,ortholog_many2many,72.1003,74.4337
622810,ENSCAFG00000047151,,ENSG00000188269,,ortholog_many2many,73.3542,73.3542
622811,ENSCAFG00000047151,,ENSG00000127515,,ortholog_many2many,73.9812,76.3754
623048,ENSCAFG00000049878,,ENSG00000185385,,ortholog_many2many,66.3743,73.4628
623049,ENSCAFG00000049878,,ENSG00000188269,,ortholog_many2many,64.6199,69.279
623050,ENSCAFG00000049878,,ENSG00000127515,,ortholog_many2many,63.7427,70.5502
623566,ENSCAFG00000042599,,ENSG00000185385,,ortholog_many2many,76.9737,75.7282
623567,ENSCAFG00000042599,,ENSG00000188269,,ortholog_many2many,76.3158,72.7273
623568,ENSCAFG00000042599,,ENSG00000127515,,ortholog_many2many,75.6579,74.4337
623854,ENSCAFG00000030256,,ENSG00000160961,,ortholog_one2one,68.3442,63.3083
623933,ENSCAFG00000023992,,ENSG00000131355,,ortholog_one2one,61.9303,70.8589
624010,ENSCAFG00000016258,,ENSG00000099795,,ortholog_one2one,78.1022,78.1022
624211,ENSCAFG00000016276,,ENSG00000099797,,ortholog_one2one,95.1429,96.2428
624491,ENSCAFG00000016286,,ENSG00000132002,,ortholog_one2one,97.0588,97.0588
624936,ENSCAFG00000016295,,ENSG00000123159,,ortholog_one2one,81.0606,96.3964
625135,ENSCAFG00000016300,,ENSG00000160951,,ortholog_one2one,80.4989,88.3085
625278,ENSCAFG00000016316,,ENSG00000123143,,ortholog_one2one,77.8166,93.9873
625606,ENSCAFG00000016355,,ENSG00000123136,,ortholog_one2one,97.8923,97.8923
625892,ENSCAFG00000016385,,ENSG00000123146,,ortholog_one2one,61.8202,66.7066
626103,ENSCAFG00000016453,,ENSG00000072071,,ortholog_one2one,89.1411,98.5753
626376,ENSCAFG00000016482,,ENSG00000105011,,ortholog_one2many,95.5224,95.0495
626636,ENSCAFG00000016488,,ENSG00000072062,,ortholog_one2one,95.4286,95.1567
627004,ENSCAFG00000028625,,ENSG00000188032,,ortholog_one2one,84.7262,82.1229
627179,ENSCAFG00000016500,,ENSG00000141854,,ortholog_one2one,60.8414,52.0776
627292,ENSCAFG00000016501,,ENSG00000187867,,ortholog_one2one,56.0606,37.6453
627404,ENSCAFG00000016504,,ENSG00000104998,,ortholog_one2one,58.3333,71.5409
627499,ENSCAFG00000041658,,ENSG00000171136,,ortholog_one2one,61.6279,74.6479
627740,ENSCAFG00000016511,,ENSG00000132005,,ortholog_one2one,95.7862,95.1992
628003,ENSCAFG00000016398,,ENSG00000132017,,ortholog_one2one,93.3222,93.1667
628189,ENSCAFG00000016521,,ENSG00000132000,,ortholog_one2one,90.087,90.2439
628303,ENSCAFG00000016566,,ENSG00000132024,,ortholog_one2one,90.9569,90.9569
628511,ENSCAFG00000016588,,ENSG00000132016,,ortholog_one2one,40.5034,26.497
628605,ENSCAFG00000016592,,ENSG00000187556,,ortholog_one2one,58.0357,67.7083
628830,ENSCAFG00000016604,,ENSG00000132003,,ortholog_one2one,86.1136,96.5622
628946,ENSCAFG00000029030,,ENSG00000104979,,ortholog_one2one,83.8384,83.8384
629131,ENSCAFG00000016615,,ENSG00000037757,,ortholog_one2one,91.3043,91.0569
629339,ENSCAFG00000016626,,ENSG00000104957,,ortholog_one2one,68.7251,87.1212
629552,ENSCAFG00000016897,,ENSG00000141837,,ortholog_one2one,95.9632,95.5812
629865,ENSCAFG00000023155,,ENSG00000160888,,ortholog_one2one,88.7387,88.3408
630023,ENSCAFG00000017045,,ENSG00000104915,,ortholog_one2one,91.5663,91.5663
630117,ENSCAFG00000017060,,ENSG00000160877,,ortholog_one2one,92.7063,91.6509
630408,ENSCAFG00000017070,,ENSG00000104907,,ortholog_one2one,88.9226,88.9226
630624,ENSCAFG00000043872,,ENSG00000104903,,ortholog_one2many,43.6709,49.2857
630724,ENSCAFG00000017009,,ENSG00000008441,,ortholog_one2one,98.8024,97.0588
631033,ENSCAFG00000017074,,ENSG00000179284,,ortholog_one2one,65.7895,66.1376
631173,ENSCAFG00000017085,,ENSG00000179262,,ortholog_one2one,61.553,89.5317
631384,ENSCAFG00000017076,,ENSG00000179271,,ortholog_one2one,79.9087,78.8288
631572,ENSCAFG00000017093,,ENSG00000179218,,ortholog_one2one,94.964,94.964
631733,ENSCAFG00000017096,,ENSG00000179115,,ortholog_one2one,94.2913,87.4088
631951,ENSCAFG00000017099,,ENSG00000161860,,ortholog_one2one,67.0659,51.3761
632063,ENSCAFG00000017106,,ENSG00000105607,,ortholog_one2one,73.823,89.4977
632322,ENSCAFG00000017111,,ENSG00000105610,,ortholog_one2one,80.7588,82.3204
632430,ENSCAFG00000017115,,ENSG00000105612,,ortholog_one2one,71.7033,72.5
632622,ENSCAFG00000017133,,ENSG00000105613,,ortholog_one2one,95.1839,90.6369
632924,ENSCAFG00000017154,,ENSG00000132026,,ortholog_one2one,71.3004,60.9195
633148,ENSCAFG00000017159,,ENSG00000104889,,ortholog_one2one,50.3984,84.6154
633357,ENSCAFG00000017163,,ENSG00000167815,,ortholog_one2one,92.9293,92.9293
633512,ENSCAFG00000028848,,ENSG00000171223,,ortholog_one2one,97.1182,97.1182
633742,ENSCAFG00000017183,,ENSG00000095066,,ortholog_one2one,92.6287,92.6287
633934,ENSCAFG00000017200,,ENSG00000039987,,ortholog_one2one,89.5874,89.5874
634158,ENSCAFG00000017208,,ENSG00000198356,,ortholog_one2one,100.0,100.0
634378,ENSCAFG00000030547,,ENSG00000123144,,ortholog_one2one,93.8548,95.4545
634567,ENSCAFG00000017226,,ENSG00000105576,,ortholog_one2one,99.8885,99.8885
634867,ENSCAFG00000017235,,ENSG00000132004,,ortholog_one2one,79.9127,76.569
635230,ENSCAFG00000017245,,ENSG00000285589,,ortholog_one2many,28.7263,77.3723
635231,ENSCAFG00000017245,,ENSG00000095059,,ortholog_one2many,93.4959,93.2432
635473,ENSCAFG00000017249,,ENSG00000123154,,ortholog_one2one,96.5079,96.5079
635700,ENSCAFG00000028908,,ENSG00000105583,,ortholog_one2one,100.0,100.0
635917,ENSCAFG00000017257,,ENSG00000269242,,ortholog_one2many,10.5566,55.5556
635918,ENSCAFG00000017257,,ENSG00000104774,,ortholog_one2many,75.5278,77.8437
636185,ENSCAFG00000030317,,ENSG00000242852,,ortholog_many2many,30.7829,26.9891
636186,ENSCAFG00000030317,,ENSG00000196826,,ortholog_many2many,30.7829,26.9891
636187,ENSCAFG00000030317,,ENSG00000269755,,ortholog_many2many,1.9573,13.75
636353,ENSCAFG00000049346,,ENSG00000242852,,ortholog_many2many,27.7778,35.8814
636354,ENSCAFG00000049346,,ENSG00000196826,,ortholog_many2many,27.7778,35.8814
636355,ENSCAFG00000049346,,ENSG00000269755,,ortholog_many2many,3.74396,38.75
636431,ENSCAFG00000017319,,ENSG00000102575,,ortholog_one2one,84.2566,88.9231
636643,ENSCAFG00000041379,,ENSG00000130165,,ortholog_one2many,81.9277,56.6667
636857,ENSCAFG00000017326,,ENSG00000130176,,ortholog_one2one,98.9899,98.9899
637095,ENSCAFG00000017334,,ENSG00000130159,,ortholog_one2one,78.06,78.4223
637301,ENSCAFG00000031712,,ENSG00000161914,,ortholog_one2one,86.0327,94.1463
637501,ENSCAFG00000017350,,ENSG00000196361,,ortholog_one2one,99.7275,99.7275
637703,ENSCAFG00000017392,,ENSG00000130175,,ortholog_one2one,89.9441,90.2804
637898,ENSCAFG00000017400,,ENSG00000198003,,ortholog_one2one,74.5791,74.4538
638192,ENSCAFG00000017411,,ENSG00000187266,,ortholog_one2one,82.4803,82.4803
638385,ENSCAFG00000017428,,ENSG00000173928,,ortholog_one2one,69.9275,77.2
638489,ENSCAFG00000017423,,ENSG00000105520,,ortholog_one2one,65.6364,84.5433
638757,ENSCAFG00000017432,,ENSG00000183401,,ortholog_one2one,56.7376,80.8081
638849,ENSCAFG00000017434,,ENSG00000105518,,ortholog_one2one,88.8889,88.8889
639017,ENSCAFG00000017438,,ENSG00000105514,,ortholog_one2one,70.0337,94.9772
639288,ENSCAFG00000044165,,ENSG00000130167,,ortholog_one2one,43.2039,36.3265
639362,ENSCAFG00000017507,,ENSG00000130158,,ortholog_one2one,91.7658,94.1866
639563,ENSCAFG00000017534,,ENSG00000130173,,ortholog_one2one,76.2626,76.2626
639659,ENSCAFG00000017539,,ENSG00000130164,,ortholog_one2one,70.1577,65.7173
639802,ENSCAFG00000017366,,ENSG00000197256,,ortholog_one2one,88.7981,88.5914
640003,ENSCAFG00000017538,,ENSG00000161888,,ortholog_one2one,62.4365,58.8517
640183,ENSCAFG00000017584,,ENSG00000127616,,ortholog_one2one,97.7535,95.7763
640484,ENSCAFG00000017613,,ENSG00000130733,,ortholog_one2one,57.2072,80.3797
640681,ENSCAFG00000017610,,ENSG00000142444,,ortholog_one2one,83.8462,83.8462
640886,ENSCAFG00000017621,,ENSG00000142453,,ortholog_one2one,76.204,88.4868
641104,ENSCAFG00000017628,,ENSG00000214212,,ortholog_one2one,65.1064,66.5217
641205,ENSCAFG00000017631,,ENSG00000099203,,ortholog_one2one,82.0,90.3084
641475,ENSCAFG00000017651,,ENSG00000079805,,ortholog_one2one,96.9318,98.046
641804,ENSCAFG00000017671,,ENSG00000213339,,ortholog_one2one,94.5409,94.5409
642007,ENSCAFG00000017691,,ENSG00000129351,,ortholog_one2one,97.5556,97.7728
642260,ENSCAFG00000017715,,ENSG00000129353,,ortholog_one2one,80.7416,94.9367
642572,ENSCAFG00000017746,,ENSG00000129354,,ortholog_one2one,95.0588,95.0588
642789,ENSCAFG00000044970,,ENSG00000129355,,ortholog_one2one,89.759,89.759
642966,ENSCAFG00000017764,,ENSG00000129347,,ortholog_one2one,85.3107,85.1904
643177,ENSCAFG00000017776,,ENSG00000130734,,ortholog_one2one,94.5032,94.3038
643429,ENSCAFG00000017781,,ENSG00000180739,,ortholog_one2one,85.6784,85.6784
643673,ENSCAFG00000017784,,ENSG00000079999,,ortholog_one2one,97.5962,97.5962
643886,ENSCAFG00000017790,,ENSG00000065989,,ortholog_one2one,81.6826,86.5688
644161,ENSCAFG00000017800,,ENSG00000105401,,ortholog_one2one,76.7816,88.3598
644437,ENSCAFG00000017834,,ENSG00000105397,,ortholog_one2one,80.3922,79.444
644680,ENSCAFG00000042542,,ENSG00000076662,,ortholog_one2one,64.7913,65.2651
645289,ENSCAFG00000017861,,ENSG00000161847,,ortholog_one2many,92.7441,92.9894
645290,ENSCAFG00000017861,,ENSG00000267303,,ortholog_one2many,19.657,94.9045
645498,ENSCAFG00000017868,,ENSG00000267673,,ortholog_one2many,87.6344,87.6344
645499,ENSCAFG00000017868,,ENSG00000167807,,ortholog_one2many,61.2903,78.6207
645688,ENSCAFG00000017872,,ENSG00000105376,,ortholog_one2one,76.0113,87.4459
645783,ENSCAFG00000031603,,ENSG00000220201,,ortholog_one2one,67.9144,46.8635
645950,ENSCAFG00000017874,,ENSG00000105371,,ortholog_one2one,41.3919,41.5441
646044,ENSCAFG00000031460,,ENSG00000090339,,ortholog_one2one,61.9586,61.8421
646151,ENSCAFG00000017881,,ENSG00000105364,,ortholog_one2one,79.2,55.4622
646367,ENSCAFG00000042407,,ENSG00000267534,,ortholog_one2one,89.7727,89.5184
646584,ENSCAFG00000017892,,ENSG00000130816,,ortholog_one2one,90.846,86.7913
646816,ENSCAFG00000017908,,ENSG00000130811,,ortholog_one2one,99.375,99.375
647044,ENSCAFG00000017917,,ENSG00000244165,,ortholog_one2one,70.8108,70.0535
647198,ENSCAFG00000043972,,ENSG00000243207,,ortholog_one2many,76.9723,45.466
647199,ENSCAFG00000043972,,ENSG00000130810,,ortholog_one2many,78.2516,77.5899
647411,ENSCAFG00000017920,,ENSG00000130812,,ortholog_one2one,61.1354,89.3617
647553,ENSCAFG00000017921,,ENSG00000130813,,ortholog_one2one,95.1049,93.4708
648111,ENSCAFG00000017955,,ENSG00000080511,,ortholog_one2one,82.1752,82.1752
648486,ENSCAFG00000017958,,ENSG00000080573,,ortholog_one2one,86.9565,88.2522
648585,ENSCAFG00000017965,,ENSG00000105088,,ortholog_one2one,98.1383,81.2775
648864,ENSCAFG00000017967,,ENSG00000127445,,ortholog_one2one,98.773,98.773
649096,ENSCAFG00000032630,,ENSG00000198258,,ortholog_one2one,100.0,100.0
649277,ENSCAFG00000023016,,ENSG00000127452,,ortholog_one2one,96.0123,96.0123
649485,ENSCAFG00000049968,,ENSG00000196605,,ortholog_one2one,66.6667,11.6323
649712,ENSCAFG00000032585,,ENSG00000174652,,ortholog_one2one,41.2463,45.1299
650015,ENSCAFG00000048053,,ENSG00000270011,,ortholog_one2many,56.25,84.1122
650016,ENSCAFG00000048053,,ENSG00000188629,,ortholog_one2many,77.5,77.3389
650167,ENSCAFG00000041809,,ENSG00000188321,,ortholog_one2one,70.2381,9.80066
650287,ENSCAFG00000017815,,ENSG00000196110,,ortholog_one2one,77.0468,82.0872
650597,ENSCAFG00000042723,,ENSG00000237521,,ortholog_one2one,75.6839,73.4513
651326,ENSCAFG00000032058,,ENSG00000174667,,ortholog_one2one,81.7308,81.7308
651679,ENSCAFG00000046909,,ENSG00000188000,,ortholog_one2one,88.7821,88.7821
651827,ENSCAFG00000018071,,ENSG00000130803,,ortholog_one2one,89.4649,89.916
652286,ENSCAFG00000048117,,ENSG00000170920,,ortholog_one2one,83.0128,83.0128
652440,ENSCAFG00000049895,,ENSG00000161807,,ortholog_one2many,76.2821,76.5273
652558,ENSCAFG00000043430,,ENSG00000161807,,ortholog_one2many,76.9231,77.1704
652690,ENSCAFG00000043681,,ENSG00000161807,,ortholog_one2many,73.0061,76.5273
652828,ENSCAFG00000048609,,ENSG00000161807,,ortholog_one2many,77.8846,78.135
653347,ENSCAFG00000047375,,ENSG00000170923,,ortholog_one2one,66.6667,60.8696
653840,ENSCAFG00000030401,,ENSG00000170929,,ortholog_one2one,88.1789,88.1789
654022,ENSCAFG00000018129,,ENSG00000181143,,ortholog_one2many,41.8722,9.71255
654129,ENSCAFG00000045229,,ENSG00000181143,,ortholog_one2many,71.9844,1.27525
654242,ENSCAFG00000018139,,ENSG00000170948,,ortholog_one2one,64.9485,64.9485
654462,ENSCAFG00000030395,,ENSG00000167785,,ortholog_one2many,86.8159,86.8159
654463,ENSCAFG00000030395,,ENSG00000130544,,ortholog_one2many,73.8806,69.0698
654931,ENSCAFG00000018170,,ENSG00000171105,,ortholog_one2one,93.4566,95.0796
655261,ENSCAFG00000018211,,ENSG00000268861,,ortholog_one2many,59.3023,79.6143
655262,ENSCAFG00000018211,,ENSG00000104880,,ortholog_one2many,61.0807,76.1296
655571,ENSCAFG00000018220,,ENSG00000104883,,ortholog_one2one,52.2788,80.9129
655789,ENSCAFG00000018229,,ENSG00000198816,,ortholog_one2one,70.297,87.5
655873,ENSCAFG00000018262,,ENSG00000032444,,ortholog_one2one,94.9488,94.3273
656108,ENSCAFG00000018297,,ENSG00000076924,,ortholog_one2one,93.6436,96.4912
656314,ENSCAFG00000041734,,ENSG00000229833,,ortholog_one2many,77.6316,80.8219
656472,ENSCAFG00000018302,,ENSG00000174788,,ortholog_one2one,86.0294,86.0294
656581,ENSCAFG00000018306,,ENSG00000076944,,ortholog_one2one,93.2007,93.0464
656781,ENSCAFG00000018307,,ENSG00000104918,,ortholog_one2one,72.4771,73.1481
656887,ENSCAFG00000029509,,ENSG00000183019,,ortholog_one2one,50.0,49.1979
656972,ENSCAFG00000030055,,ENSG00000104921,,ortholog_one2one,60.0,57.0093
657063,ENSCAFG00000018312,,ENSG00000182566,,ortholog_one2one,67.8808,69.9659
657275,ENSCAFG00000018316,,ENSG00000142459,,ortholog_one2one,72.7468,84.2236
657503,ENSCAFG00000018322,,ENSG00000171017,,ortholog_one2one,92.5599,92.2111
657741,ENSCAFG00000031522,,ENSG00000076984,,ortholog_one2one,98.8506,98.8506
657957,ENSCAFG00000031676,,ENSG00000104976,,ortholog_one2one,73.1707,71.8563
658127,ENSCAFG00000023386,,ENSG00000178531,,ortholog_one2one,98.7805,98.7805
658380,ENSCAFG00000018346,,ENSG00000104980,,ortholog_one2one,92.7313,93.1416
658684,ENSCAFG00000018353,,ENSG00000066044,,ortholog_one2many,99.6933,99.6933
658990,ENSCAFG00000018358,,ENSG00000131142,,ortholog_one2one,43.2927,47.3333
659040,ENSCAFG00000018422,,ENSG00000142449,,ortholog_one2one,84.3992,84.2511
659297,ENSCAFG00000018482,,ENSG00000090661,,ortholog_one2one,47.1795,70.0508
659631,ENSCAFG00000018493,,ENSG00000167775,,ortholog_one2one,47.5177,47.5177
659724,ENSCAFG00000018497,,ENSG00000167774,,ortholog_one2many,39.1892,76.9911
659725,ENSCAFG00000018497,,ENSG00000267855,,ortholog_one2many,39.1892,76.9911
659956,ENSCAFG00000045671,,ENSG00000233927,,ortholog_one2one,100.0,100.0
660252,ENSCAFG00000029570,,ENSG00000186994,,ortholog_one2one,71.6648,77.381
660408,ENSCAFG00000018506,,ENSG00000167772,,ortholog_one2one,78.2927,79.064
660681,ENSCAFG00000032060,,ENSG00000185236,,ortholog_one2one,100.0,100.0
660837,ENSCAFG00000018515,,ENSG00000099785,,ortholog_one2one,75.2768,82.9268
661124,ENSCAFG00000018524,,ENSG00000099783,,ortholog_one2one,84.7584,93.6986
661409,ENSCAFG00000018529,,ENSG00000133250,,ortholog_one2one,59.4891,83.5897
661624,ENSCAFG00000018540,,ENSG00000142347,,ortholog_one2one,94.7615,92.2587
661875,ENSCAFG00000018557,,ENSG00000142303,,ortholog_one2one,74.2681,87.398
662121,ENSCAFG00000041922,,ENSG00000268480,,ortholog_one2one,63.2258,33.91
662245,ENSCAFG00000018565,,ENSG00000181786,,ortholog_one2one,81.25,81.25
662378,ENSCAFG00000029073,,ENSG00000237247,,ortholog_one2many,33.6634,49.0385
662379,ENSCAFG00000029073,,ENSG00000196589,,ortholog_one2many,33.9934,50.4902
662380,ENSCAFG00000029073,,ENSG00000182315,,ortholog_one2many,34.3234,50.0
662381,ENSCAFG00000029073,,ENSG00000230522,,ortholog_one2many,33.9934,49.5192
662382,ENSCAFG00000029073,,ENSG00000205718,,ortholog_one2many,33.9934,49.5192
662877,ENSCAFG00000018571,,ENSG00000174837,,ortholog_one2one,54.7332,71.7833
662988,ENSCAFG00000018590,,ENSG00000141968,,ortholog_one2one,96.213,96.213
663224,ENSCAFG00000018602,,ENSG00000125731,,ortholog_one2one,80.9028,80.9028
663393,ENSCAFG00000018610,,ENSG00000125733,,ortholog_one2one,89.9054,94.8419
663647,ENSCAFG00000018620,,ENSG00000125734,,ortholog_one2one,69.9842,81.5838
663831,ENSCAFG00000018625,,ENSG00000125730,,ortholog_one2one,73.5632,69.2724
664405,ENSCAFG00000018627,,ENSG00000125735,,ortholog_one2one,82.0833,82.0833
664628,ENSCAFG00000030308,,ENSG00000125726,,ortholog_one2one,53.2663,50.9615
664721,ENSCAFG00000030400,,ENSG00000125657,,ortholog_one2one,56.2992,56.2992
664802,ENSCAFG00000018634,,ENSG00000104833,,ortholog_one2one,100.0,100.0
664895,ENSCAFG00000018636,,ENSG00000205744,,ortholog_one2one,74.6791,79.9001
665075,ENSCAFG00000049307,,ENSG00000130545,,ortholog_one2one,78.8618,78.8618
665288,ENSCAFG00000018643,,ENSG00000125648,,ortholog_one2one,59.7279,93.8034
665497,ENSCAFG00000018657,,ENSG00000181240,,ortholog_one2one,65.7315,88.6487
665592,ENSCAFG00000018667,,ENSG00000088247,,ortholog_one2one,98.786,91.5612
665795,ENSCAFG00000018681,,ENSG00000125651,,ortholog_one2one,62.6446,73.3075
666014,ENSCAFG00000018687,,ENSG00000130382,,ortholog_one2one,83.4171,89.0877
666458,ENSCAFG00000018693,,ENSG00000125652,,ortholog_one2one,93.6652,93.6652
666658,ENSCAFG00000018696,,ENSG00000125656,,ortholog_one2one,79.402,86.2816
666864,ENSCAFG00000018699,,ENSG00000167769,,ortholog_one2one,85.5513,85.2273
667517,ENSCAFG00000018708,,ENSG00000130377,,ortholog_one2one,70.5539,72.6727
667815,ENSCAFG00000018728,,ENSG00000087903,,ortholog_one2one,91.6667,94.3292
668058,ENSCAFG00000018739,,ENSG00000031823,,ortholog_one2one,92.2801,90.6526
668304,ENSCAFG00000018746,,ENSG00000105519,,ortholog_one2one,86.7725,86.7725
668404,ENSCAFG00000018751,,ENSG00000187650,,ortholog_one2one,88.8235,89.3491
668530,ENSCAFG00000018753,,ENSG00000267740,,ortholog_one2many,42.4084,47.929
668531,ENSCAFG00000018753,,ENSG00000174886,,ortholog_one2many,45.5497,38.1579
669169,ENSCAFG00000029745,,ENSG00000171119,,ortholog_one2one,93.8462,92.8934
669808,ENSCAFG00000018762,,ENSG00000141994,,ortholog_one2one,84.186,83.5385
670037,ENSCAFG00000024169,,ENSG00000212123,,ortholog_one2one,68.2648,70.8531
670125,ENSCAFG00000018769,,ENSG00000174898,,ortholog_one2one,60.3727,60.9023
670221,ENSCAFG00000018775,,ENSG00000196365,,ortholog_one2one,93.6458,93.7435
670595,ENSCAFG00000018793,,ENSG00000167733,,ortholog_one2one,57.0681,65.4655
670824,ENSCAFG00000018796,,ENSG00000174917,,ortholog_one2one,65.4412,63.5714
671061,ENSCAFG00000018803,,ENSG00000160633,,ortholog_one2one,80.4695,93.4569
671367,ENSCAFG00000018814,,ENSG00000130254,,ortholog_one2one,88.7841,88.8772
671479,ENSCAFG00000018819,,ENSG00000105428,,ortholog_one2one,42.2893,62.0047
671662,ENSCAFG00000018859,,ENSG00000105426,,ortholog_one2one,89.4063,78.8501
671835,ENSCAFG00000018925,,ENSG00000127663,,ortholog_one2one,62.9721,67.8761
672089,ENSCAFG00000018934,,ENSG00000276043,,ortholog_one2one,88.7626,82.0303
672326,ENSCAFG00000023027,,ENSG00000205784,,ortholog_one2one,66.5871,81.5789
672962,ENSCAFG00000018942,,ENSG00000105355,,ortholog_one2one,84.788,78.341
673152,ENSCAFG00000018946,,ENSG00000127666,,ortholog_one2one,64.7137,68.2584
673292,ENSCAFG00000048123,,ENSG00000141965,,ortholog_one2one,93.4621,94.0209
673499,ENSCAFG00000018991,,ENSG00000142002,,ortholog_one2one,81.5553,91.704
673790,ENSCAFG00000019008,,ENSG00000074842,,ortholog_one2one,79.7688,73.0159
674005,ENSCAFG00000019011,,ENSG00000185361,,ortholog_one2one,51.0703,89.7849
674225,ENSCAFG00000019014,,ENSG00000167680,,ortholog_one2one,86.443,72.5225
674511,ENSCAFG00000019015,,ENSG00000171236,,ortholog_one2one,71.7514,73.1988
674601,ENSCAFG00000019018,,ENSG00000214456,,ortholog_one2one,83.2967,81.8575
674927,ENSCAFG00000015323,,ENSG00000167676,,ortholog_one2one,56.965,70.0437
675093,ENSCAFG00000019033,,ENSG00000167674,,ortholog_one2one,79.5775,84.2027
675347,ENSCAFG00000019059,,ENSG00000167671,,ortholog_one2one,86.8895,76.644
675586,ENSCAFG00000019070,,ENSG00000167670,,ortholog_one2one,79.4148,79.4979
675827,ENSCAFG00000019083,,ENSG00000141985,,ortholog_one2one,87.4036,92.3913
676143,ENSCAFG00000019091,,ENSG00000008382,,ortholog_one2one,69.2557,85.0895
676356,ENSCAFG00000019095,,ENSG00000178078,,ortholog_one2one,64.0798,64.3653
676601,ENSCAFG00000019098,,ENSG00000105255,,ortholog_one2one,96.1694,96.1694
676851,ENSCAFG00000019109,,ENSG00000105251,,ortholog_one2one,89.4118,89.4118
677126,ENSCAFG00000019112,,ENSG00000105248,,ortholog_one2one,63.5389,73.3746
677375,ENSCAFG00000019114,,ENSG00000105246,,ortholog_one2one,73.4513,72.4891
677607,ENSCAFG00000019121,,ENSG00000089847,,ortholog_one2one,82.5593,64.7249
677827,ENSCAFG00000019123,,ENSG00000077463,,ortholog_one2one,81.3896,92.3944
678059,ENSCAFG00000019126,,ENSG00000060566,,ortholog_one2one,73.1602,73.3189
678329,ENSCAFG00000019138,,ENSG00000126934,,ortholog_one2many,74.2081,82.0
678623,ENSCAFG00000024335,,ENSG00000178951,,ortholog_one2one,75.6302,92.4658
678783,ENSCAFG00000019158,,ENSG00000167658,,ortholog_one2one,99.5338,99.5338
679052,ENSCAFG00000019154,,ENSG00000105229,,ortholog_one2one,91.9386,93.9216
679298,ENSCAFG00000019167,,ENSG00000167657,,ortholog_one2one,94.7137,94.7137
679474,ENSCAFG00000019150,,ENSG00000167654,,ortholog_one2one,94.3396,92.8382
679764,ENSCAFG00000019173,,ENSG00000105278,,ortholog_one2one,56.5708,58.6794
679945,ENSCAFG00000019187,,ENSG00000007264,,ortholog_one2one,90.1381,89.9606
680160,ENSCAFG00000019191,,ENSG00000173976,,ortholog_one2one,92.3913,92.3913
680225,ENSCAFG00000019192,,ENSG00000183617,,ortholog_one2one,78.2609,78.2609
680454,ENSCAFG00000019193,,ENSG00000011132,,ortholog_one2one,86.6782,87.1304
680687,ENSCAFG00000019197,,ENSG00000105289,,ortholog_one2one,74.0385,82.0896
680920,ENSCAFG00000019205,,ENSG00000186111,,ortholog_one2one,92.3077,86.5629
681213,ENSCAFG00000019208,,ENSG00000105298,,ortholog_one2one,93.3511,92.6121
681450,ENSCAFG00000019175,,ENSG00000006638,,ortholog_one2one,84.8397,71.4988
681692,ENSCAFG00000019217,,ENSG00000161091,,ortholog_one2one,64.2127,65.4167
681950,ENSCAFG00000019218,,ENSG00000183397,,ortholog_one2one,78.8462,78.4689
682064,ENSCAFG00000019222,,ENSG00000105325,,ortholog_one2one,91.2621,94.7581
682349,ENSCAFG00000019225,,ENSG00000129932,,ortholog_one2one,86.4686,86.755
682481,ENSCAFG00000019228,,ENSG00000095932,,ortholog_one2one,57.5758,58.4615
682562,ENSCAFG00000019246,,ENSG00000141905,,ortholog_one2one,61.3072,88.4906
682794,ENSCAFG00000019263,,ENSG00000161082,,ortholog_one2one,75.2336,99.5876
683010,ENSCAFG00000019272,,ENSG00000125912,,ortholog_one2one,95.2043,95.2043
683237,ENSCAFG00000019278,,ENSG00000125910,,ortholog_one2one,86.1619,85.9375
683454,ENSCAFG00000019279,,ENSG00000060558,,ortholog_one2one,70.9424,72.4599
683575,ENSCAFG00000019293,,ENSG00000065717,,ortholog_one2one,95.8277,95.6989
683850,ENSCAFG00000019300,,ENSG00000104953,,ortholog_one2one,59.3052,41.7832
683997,ENSCAFG00000029454,,ENSG00000171970,,ortholog_one2one,39.1447,21.3645
684070,ENSCAFG00000032592,,ENSG00000172000,,ortholog_one2one,58.1053,60.5263
684214,ENSCAFG00000031385,,ENSG00000186300,,ortholog_one2one,79.4682,85.6688
684384,ENSCAFG00000019378,,ENSG00000172009,,ortholog_one2one,89.9563,89.6952
684630,ENSCAFG00000019382,,ENSG00000104969,,ortholog_one2one,75.7188,65.8333
684874,ENSCAFG00000031660,,ENSG00000141873,,ortholog_one2one,69.9758,89.4737
685094,ENSCAFG00000019384,,ENSG00000176490,,ortholog_one2one,97.4747,97.4747
685372,ENSCAFG00000019386,,ENSG00000099860,,ortholog_one2one,79.375,72.1591
685602,ENSCAFG00000019389,,ENSG00000176619,,ortholog_one2one,76.874,77.7419
685914,ENSCAFG00000019393,,ENSG00000178297,,ortholog_one2one,49.5223,28.4538
686145,ENSCAFG00000019406,,ENSG00000005206,,ortholog_one2one,44.0204,58.4459
686385,ENSCAFG00000019409,,ENSG00000130332,,ortholog_one2one,99.0291,99.0291
686611,ENSCAFG00000024487,,ENSG00000188305,,ortholog_one2one,42.5697,58.1395
686668,ENSCAFG00000019411,,ENSG00000104904,,ortholog_one2one,90.6593,72.3684
686896,ENSCAFG00000019414,,ENSG00000104897,,ortholog_one2one,91.2134,93.9655
687128,ENSCAFG00000019420,,ENSG00000104885,,ortholog_one2one,74.9856,84.6454
687368,ENSCAFG00000019425,,ENSG00000065000,,ortholog_one2one,90.0493,90.1235
687621,ENSCAFG00000019426,,ENSG00000099840,,ortholog_one2one,83.2599,81.4655
687714,ENSCAFG00000019427,,ENSG00000172081,,ortholog_one2one,55.2486,92.1659
687959,ENSCAFG00000019432,,ENSG00000133243,,ortholog_one2one,90.8333,62.2857
688214,ENSCAFG00000019435,,ENSG00000133275,,ortholog_one2one,74.4813,86.506
688579,ENSCAFG00000029188,,ENSG00000227500,,ortholog_one2one,41.3934,88.2096
688819,ENSCAFG00000019448,,ENSG00000129968,,ortholog_one2one,94.8387,81.4404
689115,ENSCAFG00000043654,,ENSG00000129911,,ortholog_one2one,34.8974,47.2222
689205,ENSCAFG00000019455,,ENSG00000079313,,ortholog_one2one,79.1667,76.249
689372,ENSCAFG00000019487,,ENSG00000071564,,ortholog_one2one,70.2454,67.4521
689673,ENSCAFG00000019543,,ENSG00000064932,,ortholog_one2one,80.1097,85.5051
689913,ENSCAFG00000019501,,ENSG00000127540,,ortholog_one2many,85.7143,85.7143
689914,ENSCAFG00000019501,,ENSG00000267059,,ortholog_one2many,85.7143,85.7143
690103,ENSCAFG00000019503,,ENSG00000071655,,ortholog_one2one,54.2553,70.1031
690280,ENSCAFG00000023712,,ENSG00000181588,,ortholog_one2one,59.7616,61.5975
690476,ENSCAFG00000023709,,ENSG00000185988,,ortholog_one2one,69.6429,69.6429
690588,ENSCAFG00000019512,,ENSG00000185761,,ortholog_one2one,71.8391,79.6178
690807,ENSCAFG00000023645,,ENSG00000115255,,ortholog_one2one,80.0,68.2464
691046,ENSCAFG00000019516,,ENSG00000115257,,ortholog_one2one,75.9134,74.3046
691207,ENSCAFG00000049675,,ENSG00000119559,,ortholog_one2one,55.9322,41.25
691387,ENSCAFG00000019523,,ENSG00000115266,,ortholog_one2one,81.9981,73.7733
691858,ENSCAFG00000019528,,ENSG00000071626,,ortholog_one2one,99.5074,99.2629
692103,ENSCAFG00000019529,,ENSG00000115286,,ortholog_one2one,34.6939,64.8305
692338,ENSCAFG00000019531,,ENSG00000160953,,ortholog_one2one,65.312,61.4754
692555,ENSCAFG00000019506,,ENSG00000099622,,ortholog_one2one,97.6744,56.5657
692738,ENSCAFG00000019534,,ENSG00000167470,,ortholog_one2one,60.7877,75.8547
692959,ENSCAFG00000019536,,ENSG00000099624,,ortholog_one2one,68.4931,89.2857
693193,ENSCAFG00000019538,,ENSG00000118046,,ortholog_one2one,92.2551,93.5335
693593,ENSCAFG00000019546,,ENSG00000099817,,ortholog_one2one,62.8458,75.7143
693837,ENSCAFG00000019552,,ENSG00000180448,,ortholog_one2one,78.4071,76.1823
694078,ENSCAFG00000019617,,ENSG00000064687,,ortholog_one2one,44.8138,15.7036
694263,ENSCAFG00000019648,,ENSG00000182087,,ortholog_one2one,58.7778,85.3226
694489,ENSCAFG00000019651,,ENSG00000065268,,ortholog_one2one,62.3158,68.5185
694721,ENSCAFG00000019652,,ENSG00000116017,,ortholog_one2one,82.8099,84.4857
694932,ENSCAFG00000019653,,ENSG00000125522,,ortholog_one2one,23.822,27.3273
695108,ENSCAFG00000019665,,ENSG00000198858,,ortholog_one2one,30.303,55.9701
695401,ENSCAFG00000019659,,ENSG00000175221,,ortholog_one2one,84.8867,38.4265
695569,ENSCAFG00000019669,,ENSG00000197561,,ortholog_one2one,60.3834,70.7865
695669,ENSCAFG00000019679,,ENSG00000129951,,ortholog_one2one,82.0988,89.1421
695958,ENSCAFG00000019693,,ENSG00000011304,,ortholog_one2one,94.7099,94.3878
696168,ENSCAFG00000029882,,ENSG00000099812,,ortholog_one2one,56.8144,50.9573
696341,ENSCAFG00000019698,,ENSG00000099864,,ortholog_one2one,62.4758,83.4625
696610,ENSCAFG00000019702,,ENSG00000185198,,ortholog_one2one,74.3056,75.6184
696755,ENSCAFG00000023272,,ENSG00000070404,,ortholog_one2one,86.7424,87.0722
696977,ENSCAFG00000019704,,ENSG00000070423,,ortholog_one2one,24.5592,62.701
697266,ENSCAFG00000019707,,ENSG00000070388,,ortholog_one2one,80.5882,80.5882
697486,ENSCAFG00000019711,,ENSG00000099821,,ortholog_one2one,65.1326,67.8862
697716,ENSCAFG00000019716,,ENSG00000099822,,ortholog_one2one,95.7369,88.4139
698001,ENSCAFG00000019717,,ENSG00000172270,,ortholog_one2one,50.9677,41.039
698240,ENSCAFG00000029464,,ENSG00000099804,,ortholog_one2one,98.7288,98.7288
698404,ENSCAFG00000019719,,ENSG00000141933,,ortholog_one2one,86.9416,87.2414
698596,ENSCAFG00000019720,,ENSG00000099866,,ortholog_one2one,35.1816,45.3202
698718,ENSCAFG00000019722,,ENSG00000181781,,ortholog_one2one,77.2563,74.0484
699186,ENSCAFG00000019725,,ENSG00000183186,,ortholog_one2one,64.9648,87.6485
699454,ENSCAFG00000019728,,ENSG00000105549,,ortholog_one2one,61.5789,61.7414
699561,ENSCAFG00000019729,,ENSG00000105556,,ortholog_one2one,71.3355,80.367
699776,ENSCAFG00000019734,,ENSG00000141934,,ortholog_one2one,47.156,83.1715
702142,ENSCAFG00000004073,,ENSG00000087586,,ortholog_one2many,85.2243,80.1489
777806,ENSCAFG00000007241,,ENSG00000166347,,ortholog_one2many,88.3333,79.1045
781746,ENSCAFG00000007678,,ENSG00000101911,,ortholog_one2many,85.2941,54.2056
797890,ENSCAFG00000010023,,ENSG00000180817,,ortholog_one2many,82.2485,48.0969
803496,ENSCAFG00000049427,,ENSG00000213741,,ortholog_one2one,89.2857,57.4713
807197,ENSCAFG00000004252,,ENSG00000253710,,ortholog_one2one,66.4168,90.0406
807485,ENSCAFG00000004261,,ENSG00000123191,,ortholog_one2one,85.4951,83.686
807735,ENSCAFG00000004278,,ENSG00000123171,,ortholog_one2one,77.6316,79.7297
807915,ENSCAFG00000004282,,ENSG00000139668,,ortholog_one2one,73.0769,85.5
808175,ENSCAFG00000025364,,ENSG00000102786,,ortholog_one2one,97.7832,89.5152
808417,ENSCAFG00000028728,,ENSG00000253309,,ortholog_one2one,63.7056,59.1981
808655,ENSCAFG00000004287,,ENSG00000150510,,ortholog_one2one,71.2676,43.4708
809031,ENSCAFG00000004295,,ENSG00000136104,,ortholog_one2one,58.1461,58.3099
809285,ENSCAFG00000004309,,ENSG00000123178,,ortholog_one2one,69.7479,84.6939
809552,ENSCAFG00000004308,,ENSG00000204977,,ortholog_one2one,82.8571,91.9512
809822,ENSCAFG00000004325,,ENSG00000102753,,ortholog_one2one,99.3976,95.0096
810075,ENSCAFG00000004337,,ENSG00000123179,,ortholog_one2one,30.7087,56.7961
810474,ENSCAFG00000004345,,ENSG00000136144,,ortholog_one2one,98.6817,98.6817
810776,ENSCAFG00000004341,,ENSG00000136169,,ortholog_one2one,80.2837,78.7204
811008,ENSCAFG00000004408,,ENSG00000102547,,ortholog_one2one,80.6818,84.273
811250,ENSCAFG00000004421,,ENSG00000102543,,ortholog_one2one,92.0388,92.2179
811475,ENSCAFG00000031043,,ENSG00000102539,,ortholog_one2one,76.5586,74.5146
811678,ENSCAFG00000004379,,ENSG00000102531,,ortholog_one2one,94.7456,94.8247
811917,ENSCAFG00000004428,,ENSG00000152207,,ortholog_one2one,76.8116,76.5896
812049,ENSCAFG00000004432,,ENSG00000136161,,ortholog_one2one,77.9141,45.6835
812296,ENSCAFG00000004436,,ENSG00000139687,,ortholog_one2one,88.4574,88.3621
812538,ENSCAFG00000029700,,ENSG00000139679,,ortholog_one2one,89.5652,89.8256
812823,ENSCAFG00000004447,,ENSG00000136156,,ortholog_one2one,95.7143,75.5639
813091,ENSCAFG00000004451,,ENSG00000136146,,ortholog_one2many,97.3214,80.7407
813357,ENSCAFG00000004452,,ENSG00000136159,,ortholog_one2one,85.4545,85.9756
813595,ENSCAFG00000004454,,ENSG00000136143,,ortholog_one2one,94.2263,84.2975
814556,ENSCAFG00000028871,,ENSG00000102468,,ortholog_one2one,65.8203,71.5499
814814,ENSCAFG00000004473,,ENSG00000139684,,ortholog_one2one,95.1049,96.4539
815090,ENSCAFG00000004478,,ENSG00000136141,,ortholog_one2one,83.2653,80.2097
815379,ENSCAFG00000004480,,ENSG00000102445,,ortholog_one2one,73.9044,56.0423
815600,ENSCAFG00000030857,,ENSG00000173988,,ortholog_one2one,60.8621,60.1363
815687,ENSCAFG00000004491,,ENSG00000136167,,ortholog_one2one,81.8061,98.2456
815962,ENSCAFG00000004499,,ENSG00000080618,,ortholog_one2one,80.1418,80.1418
816218,ENSCAFG00000004511,,ENSG00000123200,,ortholog_one2one,91.8246,92.87
816408,ENSCAFG00000004514,,ENSG00000215475,,ortholog_one2one,93.985,92.9368
816564,ENSCAFG00000004526,,ENSG00000136152,,ortholog_one2one,95.0602,95.2899
816809,ENSCAFG00000004523,,ENSG00000165837,,ortholog_one2one,51.3158,44.8276
816878,ENSCAFG00000004531,,ENSG00000174032,,ortholog_one2one,83.3828,96.5636
817100,ENSCAFG00000004533,,ENSG00000133112,,ortholog_one2one,96.4646,96.9543
817376,ENSCAFG00000004540,,ENSG00000188342,,ortholog_one2one,97.992,97.992
817703,ENSCAFG00000004547,,ENSG00000180332,,ortholog_one2one,99.6124,99.2278
818246,ENSCAFG00000004564,,ENSG00000083635,,ortholog_one2one,80.4928,79.1919
818469,ENSCAFG00000004584,,ENSG00000102804,,ortholog_one2one,90.0372,90.1212
818692,ENSCAFG00000045623,,ENSG00000139656,,ortholog_one2one,63.0952,62.3529
818730,ENSCAFG00000004602,,ENSG00000179630,,ortholog_one2many,84.8837,84.8837
818731,ENSCAFG00000004602,,ENSG00000281883,,ortholog_one2many,26.7442,73.2484
818964,ENSCAFG00000004607,,ENSG00000151773,,ortholog_one2one,76.9759,82.0513
819143,ENSCAFG00000004644,,ENSG00000120658,,ortholog_one2one,80.1829,81.804
819383,ENSCAFG00000004664,,ENSG00000120675,,ortholog_one2one,32.8571,61.3333
819615,ENSCAFG00000044274,,ENSG00000133106,,ortholog_one2one,75.0842,54.3902
819791,ENSCAFG00000004671,,ENSG00000179813,,ortholog_one2one,52.2727,66.187
819885,ENSCAFG00000004675,,ENSG00000120659,,ortholog_one2one,54.4922,88.0126
820121,ENSCAFG00000004677,,ENSG00000023516,,ortholog_one2one,82.1485,82.0621
820360,ENSCAFG00000004733,,ENSG00000102780,,ortholog_one2one,92.6606,91.0656
820619,ENSCAFG00000004764,,ENSG00000102763,,ortholog_one2one,90.5651,91.706
820864,ENSCAFG00000004778,,ENSG00000172766,,ortholog_one2one,95.3516,92.5926
821042,ENSCAFG00000004795,,ENSG00000120662,,ortholog_one2one,86.4865,86.2921
821460,ENSCAFG00000024949,,ENSG00000120696,,ortholog_one2one,94.5508,93.8596
821575,ENSCAFG00000004802,,ENSG00000165572,,ortholog_one2one,86.338,90.9496
821686,ENSCAFG00000004805,,ENSG00000120688,,ortholog_one2one,86.5229,85.3723
821925,ENSCAFG00000004817,,ENSG00000120690,,ortholog_one2one,92.5687,92.5687
822162,ENSCAFG00000004823,,ENSG00000165416,,ortholog_one2one,91.5916,83.5616
822413,ENSCAFG00000004829,,ENSG00000136110,,ortholog_one2one,38.6885,35.3293
822699,ENSCAFG00000004836,,ENSG00000136099,,ortholog_one2many,95.9888,96.1682
823011,ENSCAFG00000004843,,ENSG00000102837,,ortholog_one2one,79.1498,76.6667
823296,ENSCAFG00000024745,,ENSG00000136099,,ortholog_one2many,93.5484,46.0748
823707,ENSCAFG00000004870,,ENSG00000118946,,ortholog_one2one,97.5737,97.1527
824049,ENSCAFG00000004902,,ENSG00000139734,,ortholog_one2one,91.3518,91.1987
824303,ENSCAFG00000023746,,ENSG00000083544,,ortholog_one2one,91.358,79.5699
825314,ENSCAFG00000004935,,ENSG00000280165,,ortholog_one2many,92.9548,92.9548
825315,ENSCAFG00000004935,,ENSG00000197991,,ortholog_one2many,92.9548,92.9548
826049,ENSCAFG00000046830,,ENSG00000112695,,ortholog_one2many,80.3922,35.6522
826347,ENSCAFG00000004944,,ENSG00000184226,,ortholog_one2one,99.5958,99.5958
826688,ENSCAFG00000004963,,ENSG00000174015,,ortholog_one2one,30.7087,17.4107
826884,ENSCAFG00000004969,,ENSG00000150361,,ortholog_one2one,95.2957,94.7861
827073,ENSCAFG00000004978,,ENSG00000276644,,ortholog_one2one,92.511,55.409
827304,ENSCAFG00000030611,,ENSG00000204899,,ortholog_one2one,48.3444,89.0244
827563,ENSCAFG00000004981,,ENSG00000136122,,ortholog_one2one,80.9174,69.5584
827799,ENSCAFG00000005016,,ENSG00000083520,,ortholog_one2one,94.6764,94.6764
828075,ENSCAFG00000005032,,ENSG00000083535,,ortholog_one2one,91.1493,91.1493
828417,ENSCAFG00000005037,,ENSG00000102554,,ortholog_one2one,95.6236,95.6236
828716,ENSCAFG00000005040,,ENSG00000118922,,ortholog_one2one,87.3479,89.3035
829020,ENSCAFG00000005044,,ENSG00000136111,,ortholog_one2one,90.6051,87.6733
829258,ENSCAFG00000029815,,ENSG00000188243,,ortholog_one2one,51.938,67.0
829483,ENSCAFG00000029050,,ENSG00000118939,,ortholog_one2one,60.0536,97.3913
829739,ENSCAFG00000005061,,ENSG00000136153,,ortholog_one2one,71.5252,82.3741
830156,ENSCAFG00000005068,,ENSG00000178695,,ortholog_one2one,90.8046,97.2308
830427,ENSCAFG00000005070,,ENSG00000102794,,ortholog_one2one,81.9502,82.1206
830656,ENSCAFG00000005071,,ENSG00000283208,,ortholog_one2many,41.1429,71.6418
830657,ENSCAFG00000005071,,ENSG00000102805,,ortholog_one2many,83.4286,81.5642
830894,ENSCAFG00000005072,,ENSG00000005812,,ortholog_one2one,97.4886,99.7664
831161,ENSCAFG00000005105,,ENSG00000005810,,ortholog_one2one,96.8704,98.5891
831426,ENSCAFG00000005175,,ENSG00000136155,,ortholog_one2one,72.3164,74.4186
831588,ENSCAFG00000005183,,ENSG00000139737,,ortholog_one2one,86.478,93.2203
831760,ENSCAFG00000005187,,ENSG00000136160,,ortholog_one2one,88.939,74.0602
832061,ENSCAFG00000031900,,ENSG00000152193,,ortholog_one2one,92.4686,91.3223
832301,ENSCAFG00000005242,,ENSG00000139746,,ortholog_one2one,94.0097,96.4321
832545,ENSCAFG00000005256,,ENSG00000102471,,ortholog_one2one,66.1157,71.4286
832846,ENSCAFG00000005260,,ENSG00000136158,,ortholog_one2one,97.1429,97.1429
833339,ENSCAFG00000042466,,ENSG00000102172,,ortholog_one2many,87.1901,57.6503
834224,ENSCAFG00000023840,,ENSG00000178235,,ortholog_one2one,99.2816,99.2816
834449,ENSCAFG00000005289,,ENSG00000184564,,ortholog_one2one,89.0536,92.8656
835277,ENSCAFG00000005293,,ENSG00000165300,,ortholog_one2one,98.3299,98.3299
835709,ENSCAFG00000042810,,ENSG00000092199,,ortholog_one2one,73.6842,36.6013
835801,ENSCAFG00000005303,,ENSG00000101608,,ortholog_one2many,91.2791,88.7006
836032,ENSCAFG00000005311,,ENSG00000179399,,ortholog_one2one,87.5657,87.4126
836550,ENSCAFG00000030307,,ENSG00000183098,,ortholog_one2one,98.5586,98.5586
836871,ENSCAFG00000005323,,ENSG00000080166,,ortholog_one2one,80.1095,79.529
837122,ENSCAFG00000005327,,ENSG00000088451,,ortholog_one2one,68.1922,85.1429
837372,ENSCAFG00000005334,,ENSG00000152749,,ortholog_one2one,81.0916,94.5455
837610,ENSCAFG00000005433,,ENSG00000125257,,ortholog_one2one,87.6712,86.9434
838168,ENSCAFG00000005458,,ENSG00000134873,,ortholog_one2one,94.8498,96.9298
838615,ENSCAFG00000005465,,ENSG00000134874,,ortholog_one2one,74.2441,76.4706
838894,ENSCAFG00000005480,,ENSG00000102580,,ortholog_one2one,82.4197,86.5079
839069,ENSCAFG00000005500,,ENSG00000102595,,ortholog_one2one,75.6286,77.3747
839338,ENSCAFG00000029934,,ENSG00000185352,,ortholog_one2one,67.81,54.5648
839641,ENSCAFG00000005515,,ENSG00000165621,,ortholog_one2one,90.2077,90.2077
839908,ENSCAFG00000005523,,ENSG00000139793,,ortholog_one2one,94.3734,98.9276
840207,ENSCAFG00000031424,,ENSG00000125249,,ortholog_one2one,80.7882,89.6175
840577,ENSCAFG00000005561,,ENSG00000065150,,ortholog_one2one,99.0766,96.2332
840830,ENSCAFG00000005595,,ENSG00000152767,,ortholog_one2one,92.3151,89.3123
841145,ENSCAFG00000005625,,ENSG00000102572,,ortholog_one2one,92.9825,95.7111
841745,ENSCAFG00000005656,,ENSG00000088386,,ortholog_one2one,82.6271,82.6271
842049,ENSCAFG00000005730,,ENSG00000088387,,ortholog_one2one,90.5204,92.7178
842319,ENSCAFG00000005799,,ENSG00000134882,,ortholog_one2one,60.4938,71.2209
842560,ENSCAFG00000005800,,ENSG00000125245,,ortholog_one2one,90.0302,90.0302
842789,ENSCAFG00000005802,,ENSG00000169508,,ortholog_one2one,86.6667,90.0277
843022,ENSCAFG00000005809,,ENSG00000125304,,ortholog_one2one,97.281,97.1342
843239,ENSCAFG00000031580,,ENSG00000125246,,ortholog_one2one,86.8195,89.1176
843708,ENSCAFG00000005834,,ENSG00000139800,,ortholog_one2one,92.6647,93.3635
843965,ENSCAFG00000005835,,ENSG00000043355,,ortholog_one2one,86.8235,69.3609
844210,ENSCAFG00000005838,,ENSG00000175198,,ortholog_one2one,89.8769,90.2473
844720,ENSCAFG00000005857,,ENSG00000134864,,ortholog_one2one,61.5854,66.0131
844983,ENSCAFG00000005865,,ENSG00000125247,,ortholog_one2one,67.0182,91.9737
845224,ENSCAFG00000005902,,ENSG00000102452,,ortholog_one2one,97.0721,97.5665
845481,ENSCAFG00000005918,,ENSG00000198542,,ortholog_one2one,91.984,92.915
845719,ENSCAFG00000005926,,ENSG00000102466,,ortholog_one2one,99.2064,99.2064
846301,ENSCAFG00000005950,,ENSG00000134900,,ortholog_one2one,96.9097,96.9097
846537,ENSCAFG00000005984,,ENSG00000134901,,ortholog_one2one,92.0849,95.0199
846781,ENSCAFG00000005963,,ENSG00000139780,,ortholog_one2one,84.0909,84.0909
847091,ENSCAFG00000005966,,ENSG00000151287,,ortholog_one2one,97.7778,96.9163
847187,ENSCAFG00000006000,,ENSG00000134897,,ortholog_one2many,29.0104,88.3895
847188,ENSCAFG00000006000,,ENSG00000134899,,ortholog_one2many,53.7185,73.6931
847189,ENSCAFG00000006000,,ENSG00000270181,,ortholog_one2many,81.4382,80.7927
847708,ENSCAFG00000006008,,ENSG00000125255,,ortholog_one2one,87.931,87.931
848504,ENSCAFG00000006022,,ENSG00000125266,,ortholog_one2one,96.0961,96.0961
848772,ENSCAFG00000024434,,ENSG00000134884,,ortholog_one2one,50.5988,61.9048
849015,ENSCAFG00000029765,,ENSG00000204442,,ortholog_one2one,90.8451,84.4978
849312,ENSCAFG00000006031,,ENSG00000174405,,ortholog_one2one,90.9989,90.9989
849545,ENSCAFG00000006032,,ENSG00000139826,,ortholog_one2one,90.2703,99.1098
849782,ENSCAFG00000031735,,ENSG00000102524,,ortholog_one2one,61.8919,80.3509
850027,ENSCAFG00000006050,,ENSG00000041515,,ortholog_one2one,88.9244,44.4149
850258,ENSCAFG00000006058,,ENSG00000185950,,ortholog_one2one,85.0217,87.8176
850525,ENSCAFG00000006062,,ENSG00000187498,,ortholog_one2one,92.3707,87.7771
850753,ENSCAFG00000006069,,ENSG00000134871,,ortholog_one2one,87.234,16.764
850956,ENSCAFG00000006072,,ENSG00000139832,,ortholog_one2one,83.8298,84.188
851215,ENSCAFG00000006076,,ENSG00000213995,,ortholog_one2one,63.1356,38.2051
851461,ENSCAFG00000006082,,ENSG00000134905,,ortholog_one2one,69.0236,72.695
851700,ENSCAFG00000006088,,ENSG00000153487,,ortholog_one2one,74.6479,50.237
851984,ENSCAFG00000049006,,ENSG00000189403,,ortholog_one2one,78.6667,82.3256
852302,ENSCAFG00000006095,,ENSG00000088448,,ortholog_one2one,65.5773,71.6667
852733,ENSCAFG00000006116,,ENSG00000102606,,ortholog_one2one,95.6629,89.5592
852973,ENSCAFG00000023644,,ENSG00000153495,,ortholog_one2one,51.4286,47.6821
853081,ENSCAFG00000031412,,ENSG00000153498,,ortholog_one2one,45.509,38.9744
853137,ENSCAFG00000006143,,ENSG00000126216,,ortholog_one2one,93.054,93.054
853376,ENSCAFG00000006199,,ENSG00000068650,,ortholog_one2one,88.9167,89.5886
853683,ENSCAFG00000006240,,ENSG00000126217,,ortholog_one2one,79.1246,82.6737
853970,ENSCAFG00000006258,,ENSG00000126218,,ortholog_one2one,48.8636,70.4918
854258,ENSCAFG00000006269,,ENSG00000126226,,ortholog_one2one,93.9024,84.989
854504,ENSCAFG00000006290,,ENSG00000139842,,ortholog_one2one,94.3495,94.5982
854749,ENSCAFG00000006323,,ENSG00000185896,,ortholog_one2one,80.8717,80.0959
855058,ENSCAFG00000006334,,ENSG00000139835,,ortholog_one2one,76.4012,75.2907
855418,ENSCAFG00000006359,,ENSG00000150401,,ortholog_one2one,94.7761,49.0347
855734,ENSCAFG00000006372,,ENSG00000150403,,ortholog_one2one,86.1152,86.1152
855998,ENSCAFG00000006384,,ENSG00000198176,,ortholog_one2one,88.5583,94.3902
856269,ENSCAFG00000006390,,ENSG00000186009,,ortholog_one2one,83.1034,82.8179
856474,ENSCAFG00000006393,,ENSG00000185974,,ortholog_one2one,87.2114,87.2114
856711,ENSCAFG00000032408,,ENSG00000184497,,ortholog_one2one,42.7646,60.7362
856919,ENSCAFG00000006421,,ENSG00000183087,,ortholog_one2one,75.7943,73.8938
857107,ENSCAFG00000006458,,ENSG00000185989,,ortholog_one2one,94.1247,94.1247
857349,ENSCAFG00000030364,,ENSG00000283361,,ortholog_one2one,46.6165,37.3494
857424,ENSCAFG00000006493,,ENSG00000130177,,ortholog_one2one,97.9032,97.9032
857674,ENSCAFG00000006504,,ENSG00000169062,,ortholog_one2one,64.0977,71.6387
857908,ENSCAFG00000006507,,ENSG00000198824,,ortholog_one2one,89.9619,87.1921
858054,ENSCAFG00000004298,,ENSG00000101435,,ortholog_one2one,31.875,34.6939
858227,ENSCAFG00000028765,,ENSG00000101439,,ortholog_one2many,32.2684,69.1781
858569,ENSCAFG00000004315,,ENSG00000101463,,ortholog_one2one,69.1429,93.7984
859255,ENSCAFG00000004318,,ENSG00000077984,,ortholog_one2one,70.8333,70.3448
859483,ENSCAFG00000004322,,ENSG00000101474,,ortholog_one2one,86.4989,90.8654
859733,ENSCAFG00000004360,,ENSG00000154930,,ortholog_one2one,63.7778,83.3091
859951,ENSCAFG00000004368,,ENSG00000100987,,ortholog_one2one,82.4176,82.1918
860155,ENSCAFG00000004371,,ENSG00000197586,,ortholog_one2one,84.2975,84.2975
860399,ENSCAFG00000004380,,ENSG00000100994,,ortholog_one2one,84.3158,95.0178
860614,ENSCAFG00000004389,,ENSG00000100997,,ortholog_one2one,91.9598,90.5941
860854,ENSCAFG00000004391,,ENSG00000236444,,ortholog_one2one,90.0826,70.7792
861183,ENSCAFG00000029334,,ENSG00000101003,,ortholog_one2one,94.898,94.898
861425,ENSCAFG00000004400,,ENSG00000101004,,ortholog_one2one,61.788,62.0116
861611,ENSCAFG00000030184,,ENSG00000170191,,ortholog_one2many,55.7951,83.4677
862503,ENSCAFG00000042245,,ENSG00000107443,,ortholog_one2one,58.8556,56.3969
877243,ENSCAFG00000014657,,ENSG00000182180,,ortholog_one2many,80.9524,74.4526
889659,ENSCAFG00000005831,,ENSG00000111843,,ortholog_one2many,71.028,67.8571
890776,ENSCAFG00000005867,,ENSG00000187191,,ortholog_one2many,57.1429,41.0959
890777,ENSCAFG00000005867,,ENSG00000188120,,ortholog_one2many,60.0,25.4032
890778,ENSCAFG00000005867,,ENSG00000205916,,ortholog_one2many,60.0,29.0323
890779,ENSCAFG00000005867,,ENSG00000205944,,ortholog_one2many,57.4603,27.6758
897947,ENSCAFG00000010012,,ENSG00000100380,,ortholog_one2one,95.082,62.8726
906719,ENSCAFG00000044462,,ENSG00000138279,,ortholog_one2many,75.188,20.4918
908449,ENSCAFG00000043636,,ENSG00000067064,,ortholog_one2one,71.3483,44.7183
929919,ENSCAFG00000005117,,ENSG00000125815,,ortholog_one2one,59.1549,59.1549
930100,ENSCAFG00000005120,,ENSG00000170367,,ortholog_many2many,24.2857,23.9437
930101,ENSCAFG00000005120,,ENSG00000173335,,ortholog_many2many,26.4286,23.2704
930248,ENSCAFG00000005124,,ENSG00000125831,,ortholog_one2one,61.5942,61.5942
930415,ENSCAFG00000029019,,ENSG00000125823,,ortholog_one2one,72.4638,68.9655
930583,ENSCAFG00000005130,,ENSG00000125814,,ortholog_one2one,99.6644,98.3444
930890,ENSCAFG00000005142,,ENSG00000125812,,ortholog_one2one,84.8656,84.3882
931128,ENSCAFG00000005153,,ENSG00000125810,,ortholog_one2one,71.1214,71.0123
931418,ENSCAFG00000005157,,ENSG00000178726,,ortholog_one2one,73.7024,74.087
931710,ENSCAFG00000005168,,ENSG00000125798,,ortholog_one2one,96.5812,97.6242
931948,ENSCAFG00000005170,,ENSG00000125813,,ortholog_one2one,88.3929,74.1573
932192,ENSCAFG00000005173,,ENSG00000125820,,ortholog_one2one,59.4595,72.5275
932412,ENSCAFG00000031316,,ENSG00000125816,,ortholog_one2one,93.2367,54.5198
932684,ENSCAFG00000005185,,ENSG00000088930,,ortholog_one2one,98.0,98.0
932930,ENSCAFG00000005214,,ENSG00000088970,,ortholog_one2one,71.8475,72.8083
933129,ENSCAFG00000005251,,ENSG00000188559,,ortholog_one2one,89.849,92.1516
933493,ENSCAFG00000005270,,ENSG00000089101,,ortholog_one2one,85.4487,85.4487
933929,ENSCAFG00000005333,,ENSG00000101343,,ortholog_one2one,92.8571,79.717
934176,ENSCAFG00000032025,,ENSG00000173418,,ortholog_one2many,69.1057,95.5056
934414,ENSCAFG00000005360,,ENSG00000204576,,ortholog_one2many,82.9016,85.1064
934520,ENSCAFG00000005363,,ENSG00000132669,,ortholog_one2one,86.4425,84.428
934833,ENSCAFG00000005373,,ENSG00000185052,,ortholog_one2one,92.6523,80.2795
935119,ENSCAFG00000005375,,ENSG00000132631,,ortholog_one2one,77.551,73.0769
935227,ENSCAFG00000028659,,ENSG00000125821,,ortholog_one2one,44.8179,75.1174
935462,ENSCAFG00000032343,,ENSG00000232388,,ortholog_one2one,57.3171,49.4737
935553,ENSCAFG00000005405,,ENSG00000101310,,ortholog_one2one,96.6452,97.6532
935808,ENSCAFG00000005414,,ENSG00000089050,,ortholog_one2one,65.6716,70.9677
935941,ENSCAFG00000005425,,ENSG00000089091,,ortholog_one2one,73.7789,76.3298
936177,ENSCAFG00000030504,,ENSG00000125846,,ortholog_one2one,80.8096,80.8096
936367,ENSCAFG00000005450,,ENSG00000149474,,ortholog_one2one,96.927,96.8031
936601,ENSCAFG00000043258,,ENSG00000232838,,ortholog_one2one,88.8889,88.8889
936714,ENSCAFG00000005453,,ENSG00000125850,,ortholog_one2one,56.5104,78.9091
936944,ENSCAFG00000005454,,ENSG00000125871,,ortholog_one2one,55.2743,38.0814
937203,ENSCAFG00000005463,,ENSG00000089006,,ortholog_one2one,79.0984,95.5446
937472,ENSCAFG00000005476,,ENSG00000125888,,ortholog_one2one,90.0,83.5052
937577,ENSCAFG00000005479,,ENSG00000125844,,ortholog_one2one,84.0028,84.539
937834,ENSCAFG00000030619,,ENSG00000125868,,ortholog_one2one,54.717,70.303
938104,ENSCAFG00000005485,,ENSG00000125864,,ortholog_one2one,75.3776,75.0376
938337,ENSCAFG00000005498,,ENSG00000125851,,ortholog_one2one,98.4326,98.4326
938652,ENSCAFG00000030197,,ENSG00000125879,,ortholog_one2one,65.7143,89.8438
938823,ENSCAFG00000005520,,ENSG00000125870,,ortholog_one2many,98.6667,98.6667
939108,ENSCAFG00000005544,,ENSG00000089177,,ortholog_one2one,67.1825,90.4454
939229,ENSCAFG00000046699,,ENSG00000172264,,ortholog_one2one,85.3982,85.2097
939442,ENSCAFG00000005560,,ENSG00000125848,,ortholog_one2one,97.5347,97.5347
939686,ENSCAFG00000005566,,ENSG00000101251,,ortholog_one2one,81.3699,86.3372
939850,ENSCAFG00000005571,,ENSG00000101247,,ortholog_one2one,89.8551,89.8551
940092,ENSCAFG00000005587,,ENSG00000089048,,ortholog_one2one,84.8057,84.6063
940388,ENSCAFG00000005600,,ENSG00000089123,,ortholog_one2one,97.8571,97.8571
940631,ENSCAFG00000005603,,ENSG00000101230,,ortholog_one2one,80.3181,87.069
940863,ENSCAFG00000005607,,ENSG00000172296,,ortholog_one2one,79.062,85.5072
941106,ENSCAFG00000030748,,ENSG00000132640,,ortholog_one2one,92.4214,95.7854
941485,ENSCAFG00000005627,,ENSG00000101384,,ortholog_one2one,97.3727,97.3727
941700,ENSCAFG00000025077,,ENSG00000149346,,ortholog_one2one,75.4476,72.3039
942063,ENSCAFG00000005651,,ENSG00000125863,,ortholog_one2one,83.5088,83.5088
942300,ENSCAFG00000005662,,ENSG00000132639,,ortholog_one2one,95.6311,95.6311
942617,ENSCAFG00000005668,,ENSG00000132623,,ortholog_one2one,87.3711,87.3711
942874,ENSCAFG00000005685,,ENSG00000101349,,ortholog_one2one,96.9402,96.9402
943127,ENSCAFG00000005690,,ENSG00000125869,,ortholog_one2one,93.5714,93.5714
943432,ENSCAFG00000005760,,ENSG00000101333,,ortholog_one2one,98.0099,98.5
943688,ENSCAFG00000005856,,ENSG00000182621,,ortholog_one2one,97.9713,95.3125
944013,ENSCAFG00000005883,,ENSG00000125827,,ortholog_one2one,74.2765,66.1891
944201,ENSCAFG00000005890,,ENSG00000101323,,ortholog_one2one,90.8108,90.8108
944383,ENSCAFG00000031497,,ENSG00000125845,,ortholog_one2one,85.7798,94.4444
944647,ENSCAFG00000005917,,ENSG00000101311,,ortholog_one2one,90.9352,93.353
944887,ENSCAFG00000024978,,ENSG00000125872,,ortholog_one2one,66.015,59.3243
945051,ENSCAFG00000005951,,ENSG00000286235,,ortholog_one2many,89.033,74.8266
945052,ENSCAFG00000005951,,ENSG00000125885,,ortholog_one2many,90.3302,87.0455
945296,ENSCAFG00000005969,,ENSG00000089195,,ortholog_one2one,93.159,93.159
945635,ENSCAFG00000005988,,ENSG00000089199,,ortholog_one2one,74.29,73.4121
945796,ENSCAFG00000005993,,ENSG00000171984,,ortholog_one2one,60.2317,76.0976
945950,ENSCAFG00000045054,,ENSG00000131174,,ortholog_one2many,65.8537,67.5
946183,ENSCAFG00000005997,,ENSG00000125772,,ortholog_one2one,89.019,90.4762
946430,ENSCAFG00000006020,,ENSG00000101290,,ortholog_one2one,74.7387,96.4045
946675,ENSCAFG00000006030,,ENSG00000132646,,ortholog_one2one,99.6169,99.6169
946945,ENSCAFG00000006039,,ENSG00000089063,,ortholog_one2one,76.6667,50.2732
947283,ENSCAFG00000006052,,ENSG00000101265,,ortholog_one2one,95.7055,95.7055
947522,ENSCAFG00000006063,,ENSG00000171864,,ortholog_one2one,78.0899,78.9773
947603,ENSCAFG00000006065,,ENSG00000171867,,ortholog_one2one,80.7843,81.4229
947757,ENSCAFG00000006068,,ENSG00000171873,,ortholog_one2one,93.8172,61.014
948004,ENSCAFG00000006089,,ENSG00000088826,,ortholog_one2one,95.0427,95.0427
948256,ENSCAFG00000006140,,ENSG00000101236,,ortholog_one2one,100.0,87.574
948513,ENSCAFG00000007483,,ENSG00000249222,,ortholog_many2many,80.198,81.0
948847,ENSCAFG00000006150,,ENSG00000125779,,ortholog_one2one,41.7952,52.2807
949085,ENSCAFG00000006157,,ENSG00000088888,,ortholog_one2one,55.1923,53.1481
949230,ENSCAFG00000006159,,ENSG00000125843,,ortholog_one2one,91.0,91.0
949443,ENSCAFG00000006175,,ENSG00000101224,,ortholog_one2one,75.7774,79.8276
949658,ENSCAFG00000006187,,ENSG00000125817,,ortholog_one2one,89.7561,92.1536
949849,ENSCAFG00000006190,,ENSG00000101222,,ortholog_one2one,62.3907,90.678
950062,ENSCAFG00000043071,,ENSG00000101220,,ortholog_one2one,92.3858,91.4573
950338,ENSCAFG00000006209,,ENSG00000132622,,ortholog_one2one,89.1746,96.0641
950570,ENSCAFG00000006219,,ENSG00000088827,,ortholog_one2one,76.6725,77.1211
950818,ENSCAFG00000006234,,ENSG00000149451,,ortholog_one2one,62.9714,67.7737
951047,ENSCAFG00000006246,,ENSG00000125861,,ortholog_one2one,72.9927,66.8896
951343,ENSCAFG00000006278,,ENSG00000088812,,ortholog_one2one,95.4834,94.6816
951921,ENSCAFG00000006374,,ENSG00000088854,,ortholog_one2one,91.5038,91.5038
952126,ENSCAFG00000006389,,ENSG00000088836,,ortholog_one2one,78.0645,79.085
952421,ENSCAFG00000031613,,ENSG00000125877,,ortholog_one2many,35.4455,92.268
952659,ENSCAFG00000006407,,ENSG00000198171,,ortholog_one2one,72.3077,89.8089
952855,ENSCAFG00000006417,,ENSG00000088899,,ortholog_one2one,97.6226,97.6226
953099,ENSCAFG00000024131,,ENSG00000215251,,ortholog_one2one,71.8171,76.0471
953273,ENSCAFG00000006425,,ENSG00000185019,,ortholog_one2one,89.464,89.464
953508,ENSCAFG00000006432,,ENSG00000101200,,ortholog_one2one,70.6161,90.8537
953816,ENSCAFG00000006437,,ENSG00000101405,,ortholog_one2one,39.0438,78.4
954140,ENSCAFG00000006438,,ENSG00000125901,,ortholog_one2one,75.2427,75.6098
954367,ENSCAFG00000006460,,ENSG00000132670,,ortholog_one2one,96.1347,96.1347
954619,ENSCAFG00000006534,,ENSG00000215305,,ortholog_one2one,92.5508,97.7354
954843,ENSCAFG00000006588,,ENSG00000132635,,ortholog_one2one,92.511,92.511
955038,ENSCAFG00000006599,,ENSG00000198326,,ortholog_one2one,85.5263,66.6667
955119,ENSCAFG00000031835,,ENSG00000258713,,ortholog_one2one,70.2381,71.5152
955187,ENSCAFG00000006608,,ENSG00000088882,,ortholog_one2one,88.9344,88.6921
955486,ENSCAFG00000006631,,ENSG00000088881,,ortholog_one2one,97.6744,97.6744
955776,ENSCAFG00000006639,,ENSG00000101365,,ortholog_one2many,96.1039,95.6072
956014,ENSCAFG00000006651,,ENSG00000101361,,ortholog_one2one,93.8023,94.2761
956244,ENSCAFG00000006675,,ENSG00000149488,,ortholog_one2one,87.7618,87.8587
956721,ENSCAFG00000006727,,ENSG00000166948,,ortholog_one2one,76.3085,78.4703
956892,ENSCAFG00000023828,,ENSG00000286022,,ortholog_one2many,63.5514,76.4045
956893,ENSCAFG00000023828,,ENSG00000125780,,ortholog_one2many,63.3178,78.2107
957067,ENSCAFG00000006748,,ENSG00000101327,,ortholog_one2one,77.3438,77.9528
957304,ENSCAFG00000025524,,ENSG00000089012,,ortholog_many2many,48.8142,63.8243
957305,ENSCAFG00000025524,,ENSG00000101307,,ortholog_many2many,51.3834,65.3266
957306,ENSCAFG00000025524,,ENSG00000260861,,ortholog_many2many,21.3439,61.0169
957307,ENSCAFG00000025524,,ENSG00000198053,,ortholog_many2many,77.668,77.3622
957842,ENSCAFG00000025454,,ENSG00000089012,,ortholog_many2many,52.043,62.5323
957843,ENSCAFG00000025454,,ENSG00000101307,,ortholog_many2many,53.9785,63.0653
957844,ENSCAFG00000025454,,ENSG00000260861,,ortholog_many2many,23.2258,61.0169
957845,ENSCAFG00000025454,,ENSG00000198053,,ortholog_many2many,55.914,51.1811
958130,ENSCAFG00000025335,,ENSG00000125900,,ortholog_one2many,33.6957,46.9697
958195,ENSCAFG00000046516,,ENSG00000125900,,ortholog_one2many,40.3141,38.8889
958261,ENSCAFG00000043919,,ENSG00000122958,,ortholog_one2many,75.3165,36.3914
958514,ENSCAFG00000029125,,ENSG00000196209,,ortholog_one2one,68.1416,67.5439
958620,ENSCAFG00000006789,,ENSG00000088833,,ortholog_one2one,97.043,97.043
958881,ENSCAFG00000006795,,ENSG00000088832,,ortholog_many2many,60.1942,48.062
958882,ENSCAFG00000006795,,ENSG00000198225,,ortholog_many2many,89.3204,85.1852
959108,ENSCAFG00000006811,,ENSG00000125775,,ortholog_one2one,52.3546,64.726
959351,ENSCAFG00000044714,,ENSG00000244588,,ortholog_one2one,84.8649,84.7122
959500,ENSCAFG00000042476,,ENSG00000215595,,ortholog_one2one,83.6735,67.2131
959573,ENSCAFG00000006829,,ENSG00000125895,,ortholog_one2one,77.1331,88.2812
959746,ENSCAFG00000006834,,ENSG00000125818,,ortholog_one2one,90.4059,90.4059
959984,ENSCAFG00000006836,,ENSG00000101282,,ortholog_one2one,85.0427,85.0427
960193,ENSCAFG00000006861,,ENSG00000101280,,ortholog_one2one,68.8755,68.1909
960424,ENSCAFG00000006877,,ENSG00000125898,,ortholog_one2one,86.4952,91.1864
960693,ENSCAFG00000006904,,ENSG00000101276,,ortholog_one2one,81.6631,81.6631
960929,ENSCAFG00000028688,,ENSG00000271303,,ortholog_one2one,97.8947,67.8832
961132,ENSCAFG00000006930,,ENSG00000125878,,ortholog_one2one,95.5446,96.9849
961400,ENSCAFG00000006946,,ENSG00000101266,,ortholog_one2many,100.0,100.0
961578,ENSCAFG00000030816,,ENSG00000125875,,ortholog_one2one,95.0372,95.0372
961818,ENSCAFG00000006921,,ENSG00000125826,,ortholog_one2one,81.0084,94.5098
962014,ENSCAFG00000006965,,ENSG00000101255,,ortholog_one2one,82.1229,76.3636
962230,ENSCAFG00000032144,,ENSG00000125841,,ortholog_one2one,93.1034,92.6471
962346,ENSCAFG00000006973,,ENSG00000177732,,ortholog_one2one,95.3271,97.1429
962450,ENSCAFG00000006974,,ENSG00000196476,,ortholog_one2one,64.4628,64.4628
962576,ENSCAFG00000006980,,ENSG00000125903,,ortholog_one2one,62.6506,56.8306
962660,ENSCAFG00000006987,,ENSG00000088782,,ortholog_one2one,63.0,63.6364
962746,ENSCAFG00000006984,,ENSG00000185982,,ortholog_one2one,56.383,56.9892
962829,ENSCAFG00000025122,,ENSG00000125788,,ortholog_one2one,28.9655,37.8378
962873,ENSCAFG00000025097,,ENSG00000178591,,ortholog_one2one,42.2414,31.4103
962953,ENSCAFG00000025079,,ENSG00000215545,,ortholog_one2one,72.2772,71.5686
963027,ENSCAFG00000025054,,ENSG00000131068,,ortholog_one2one,27.4854,38.2114
963131,ENSCAFG00000025021,,ENSG00000204548,,ortholog_one2one,57.7465,53.9474
963483,ENSCAFG00000030438,,ENSG00000180424,,ortholog_one2one,16.388,73.1343
963583,ENSCAFG00000024871,,ENSG00000180383,,ortholog_one2one,74.2857,73.2394
963688,ENSCAFG00000006991,,ENSG00000088320,,ortholog_one2one,52.2634,85.2349
963907,ENSCAFG00000007038,,ENSG00000101294,,ortholog_one2one,87.6485,86.6197
964147,ENSCAFG00000007045,,ENSG00000125968,,ortholog_one2one,93.5065,92.9032
964344,ENSCAFG00000007049,,ENSG00000131055,,ortholog_one2one,69.1542,81.2866
964530,ENSCAFG00000007053,,ENSG00000171552,,ortholog_one2one,100.0,75.8958
964856,ENSCAFG00000007075,,ENSG00000088325,,ortholog_one2one,84.7682,81.7369
965097,ENSCAFG00000007089,,ENSG00000101306,,ortholog_one2one,80.5994,85.7383
965250,ENSCAFG00000047105,,ENSG00000179772,,ortholog_one2one,89.697,89.697
965559,ENSCAFG00000031031,,ENSG00000149599,,ortholog_one2one,65.9574,52.5424
965715,ENSCAFG00000007107,,ENSG00000131044,,ortholog_one2one,83.2972,87.4715
965921,ENSCAFG00000007116,,ENSG00000088356,,ortholog_one2one,96.2406,96.2406
966146,ENSCAFG00000007118,,ENSG00000260903,,ortholog_one2one,92.7711,93.0915
966451,ENSCAFG00000007119,,ENSG00000101331,,ortholog_one2one,88.6562,88.9667
966722,ENSCAFG00000007122,,ENSG00000101336,,ortholog_one2one,76.3955,91.0646
966964,ENSCAFG00000007145,,ENSG00000101337,,ortholog_one2one,98.5981,98.5981
967221,ENSCAFG00000031042,,ENSG00000126003,,ortholog_one2one,98.9919,98.9919
967388,ENSCAFG00000007186,,ENSG00000101346,,ortholog_one2one,89.5141,90.2062
967628,ENSCAFG00000007219,,ENSG00000101350,,ortholog_one2one,31.8681,93.1727
967875,ENSCAFG00000007232,,ENSG00000197183,,ortholog_one2one,96.6176,96.6176
968122,ENSCAFG00000030371,,ENSG00000149600,,ortholog_one2one,67.5676,87.5
968362,ENSCAFG00000007268,,ENSG00000088305,,ortholog_one2one,87.1264,88.8628
968610,ENSCAFG00000031611,,ENSG00000215529,,ortholog_one2one,64.7604,65.0621
968736,ENSCAFG00000007323,,ENSG00000167098,,ortholog_one2one,82.4658,79.4195
968885,ENSCAFG00000007329,,ENSG00000078898,,ortholog_one2one,77.8261,78.1659
968994,ENSCAFG00000007341,,ENSG00000167104,,ortholog_one2one,83.4821,82.5607
969128,ENSCAFG00000007349,,ENSG00000186190,,ortholog_one2one,82.2547,82.7731
969237,ENSCAFG00000007356,,ENSG00000186191,,ortholog_one2one,90.2192,72.6902
969383,ENSCAFG00000007360,,ENSG00000131050,,ortholog_one2one,51.8072,51.8072
969457,ENSCAFG00000024453,,ENSG00000198183,,ortholog_one2one,53.4591,66.4062
969578,ENSCAFG00000024734,,ENSG00000131059,,ortholog_one2one,66.8067,62.5984
969775,ENSCAFG00000007381,,ENSG00000125999,,ortholog_one2one,59.7122,68.595
969927,ENSCAFG00000007403,,ENSG00000101391,,ortholog_one2one,90.9091,88.1864
970098,ENSCAFG00000007410,,ENSG00000101400,,ortholog_one2one,90.535,87.1287
970333,ENSCAFG00000007420,,ENSG00000078699,,ortholog_one2one,95.0166,93.1596
970591,ENSCAFG00000007429,,ENSG00000125967,,ortholog_one2one,56.051,66.6667
970896,ENSCAFG00000029918,,ENSG00000149609,,ortholog_one2one,37.9121,45.098
970973,ENSCAFG00000007430,,ENSG00000288649,,ortholog_one2many,83.6735,56.4738
970974,ENSCAFG00000007430,,ENSG00000182584,,ortholog_one2many,83.6735,83.6735
971096,ENSCAFG00000007443,,ENSG00000101417,,ortholog_one2one,83.9623,83.9623
971463,ENSCAFG00000007460,,ENSG00000131061,,ortholog_one2one,95.3107,95.1991
971717,ENSCAFG00000007478,,ENSG00000101421,,ortholog_one2one,97.7679,97.7679
972061,ENSCAFG00000007490,,ENSG00000125970,,ortholog_one2one,78.2334,81.0458
972307,ENSCAFG00000007498,,ENSG00000125977,,ortholog_one2many,98.1982,98.1982
972599,ENSCAFG00000024967,,ENSG00000101440,,ortholog_one2one,80.916,80.303
972805,ENSCAFG00000007504,,ENSG00000101444,,ortholog_one2one,92.4706,90.9722
973212,ENSCAFG00000007528,,ENSG00000078747,,ortholog_one2one,97.2158,92.8018
973529,ENSCAFG00000007547,,ENSG00000101460,,ortholog_one2one,57.3684,87.2
973764,ENSCAFG00000007571,,ENSG00000101464,,ortholog_one2one,98.6207,98.6207
974005,ENSCAFG00000007578,,ENSG00000078804,,ortholog_one2one,89.5928,90.0
974229,ENSCAFG00000007588,,ENSG00000198646,,ortholog_one2one,94.9515,94.8134
974471,ENSCAFG00000007671,,ENSG00000131067,,ortholog_one2one,97.1471,97.7341
974746,ENSCAFG00000007637,,ENSG00000131069,,ortholog_one2one,86.5123,88.9356
975000,ENSCAFG00000007782,,ENSG00000078814,,ortholog_one2one,97.3427,90.5651
975172,ENSCAFG00000007912,,ENSG00000100991,,ortholog_one2one,98.9962,98.9962
975621,ENSCAFG00000007932,,ENSG00000088298,,ortholog_one2one,96.3605,96.1938
975855,ENSCAFG00000007945,,ENSG00000101000,,ortholog_one2one,60.5364,66.3866
976009,ENSCAFG00000007966,,ENSG00000125966,,ortholog_one2one,91.7208,87.5969
976245,ENSCAFG00000008000,,ENSG00000242372,,ortholog_one2one,98.3673,98.3673
976490,ENSCAFG00000008011,,ENSG00000125998,,ortholog_one2one,76.1905,81.3922
976714,ENSCAFG00000008016,,ENSG00000101019,,ortholog_one2one,75.6494,77.9264
976952,ENSCAFG00000008027,,ENSG00000125965,,ortholog_one2one,96.994,96.6068
977187,ENSCAFG00000008037,,ENSG00000126001,,ortholog_one2one,82.0418,81.941
977563,ENSCAFG00000042565,,ENSG00000125975,,ortholog_one2one,40.5694,56.4356
977637,ENSCAFG00000008085,,ENSG00000125991,,ortholog_one2one,95.6186,93.4509
978100,ENSCAFG00000008191,,ENSG00000061656,,ortholog_one2one,87.0159,87.4142
978214,ENSCAFG00000008256,,ENSG00000244462,,ortholog_one2one,96.3164,95.3863
978368,ENSCAFG00000008308,,ENSG00000244005,,ortholog_one2one,94.0919,94.0919
978611,ENSCAFG00000048078,,ENSG00000125995,,ortholog_one2one,100.0,100.0
978890,ENSCAFG00000008327,,ENSG00000131051,,ortholog_one2one,100.0,100.0
979179,ENSCAFG00000008352,,ENSG00000025293,,ortholog_one2one,94.1757,94.2688
979482,ENSCAFG00000008362,,ENSG00000171222,,ortholog_one2one,78.2123,78.2123
979572,ENSCAFG00000008365,,ENSG00000149646,,ortholog_one2one,61.6498,73.9583
979693,ENSCAFG00000008413,,ENSG00000088367,,ortholog_one2one,71.344,75.5486
979927,ENSCAFG00000008435,,ENSG00000131043,,ortholog_one2one,63.7827,79.6482
980169,ENSCAFG00000008491,,ENSG00000080845,,ortholog_one2one,97.6791,97.5806
980545,ENSCAFG00000046881,,ENSG00000198918,,ortholog_one2many,96.0784,96.0784
980650,ENSCAFG00000008540,,ENSG00000101335,,ortholog_one2many,100.0,100.0
980944,ENSCAFG00000030473,,ENSG00000118707,,ortholog_one2one,96.6245,96.6245
981126,ENSCAFG00000029848,,ENSG00000101084,,ortholog_one2one,89.5105,89.5105
981358,ENSCAFG00000008573,,ENSG00000101082,,ortholog_one2one,77.5362,81.9923
981587,ENSCAFG00000008593,,ENSG00000101079,,ortholog_one2many,97.3333,94.0722
981909,ENSCAFG00000008618,,ENSG00000149636,,ortholog_one2one,57.0564,79.4944
982105,ENSCAFG00000008635,,ENSG00000149639,,ortholog_one2one,93.6774,87.4172
982411,ENSCAFG00000008650,,ENSG00000101342,,ortholog_one2one,80.7175,83.7209
982519,ENSCAFG00000008659,,ENSG00000101347,,ortholog_one2one,77.193,77.3163
982770,ENSCAFG00000008696,,ENSG00000080839,,ortholog_one2one,94.7473,89.5131
983009,ENSCAFG00000008726,,ENSG00000101353,,ortholog_one2one,51.1111,78.9552
983163,ENSCAFG00000008737,,ENSG00000118705,,ortholog_one2one,85.5319,95.5626
983407,ENSCAFG00000008743,,ENSG00000118702,,ortholog_one2one,79.2453,77.7778
983616,ENSCAFG00000045814,,ENSG00000101363,,ortholog_one2many,52.4194,76.4706
983859,ENSCAFG00000008755,,ENSG00000197122,,ortholog_one2one,96.9259,98.893
984156,ENSCAFG00000032145,,ENSG00000166619,,ortholog_one2one,100.0,100.0
984385,ENSCAFG00000008786,,ENSG00000053438,,ortholog_one2one,33.1361,44.8
984469,ENSCAFG00000008790,,ENSG00000132792,,ortholog_one2one,98.0462,97.1831
984718,ENSCAFG00000028604,,ENSG00000132821,,ortholog_one2one,98.0392,98.0392
985004,ENSCAFG00000008812,,ENSG00000101407,,ortholog_one2one,80.8219,81.2672
985242,ENSCAFG00000008832,,ENSG00000101413,,ortholog_one2one,100.0,100.0
985487,ENSCAFG00000008869,,ENSG00000198959,,ortholog_one2one,76.1442,79.9127
985766,ENSCAFG00000008896,,ENSG00000149633,,ortholog_one2one,76.2144,75.8333
985918,ENSCAFG00000008901,,ENSG00000101425,,ortholog_one2one,51.2648,62.423
986041,ENSCAFG00000008917,,ENSG00000129988,,ortholog_one2one,79.0021,79.0021
986332,ENSCAFG00000008947,,ENSG00000170471,,ortholog_one2one,88.5524,97.8581
986584,ENSCAFG00000008987,,ENSG00000101438,,ortholog_one2one,98.289,98.4762
986855,ENSCAFG00000009000,,ENSG00000101442,,ortholog_one2one,91.5447,92.7512
987095,ENSCAFG00000009017,,ENSG00000101445,,ortholog_one2one,97.1831,97.3545
987333,ENSCAFG00000009027,,ENSG00000101447,,ortholog_one2one,78.7307,74.6341
987599,ENSCAFG00000009044,,ENSG00000101452,,ortholog_one2one,84.8787,84.6373
987841,ENSCAFG00000024903,,ENSG00000204103,,ortholog_one2one,57.8182,49.226
988299,ENSCAFG00000009058,,ENSG00000198900,,ortholog_one2one,97.5325,98.1699
988606,ENSCAFG00000009082,,ENSG00000124181,,ortholog_one2one,91.242,88.7684
988847,ENSCAFG00000009101,,ENSG00000174306,,ortholog_one2one,78.75,78.0186
989139,ENSCAFG00000009142,,ENSG00000132793,,ortholog_one2one,82.4085,81.9249
989378,ENSCAFG00000009178,,ENSG00000183798,,ortholog_one2one,86.2159,86.5535
989667,ENSCAFG00000009236,,ENSG00000124177,,ortholog_one2one,91.8232,91.8232
989896,ENSCAFG00000048687,,ENSG00000198918,,ortholog_one2many,38.1679,98.0392
989999,ENSCAFG00000009280,,ENSG00000196090,,ortholog_one2one,95.8923,97.3342
990275,ENSCAFG00000009289,,ENSG00000124193,,ortholog_one2one,65.9259,25.8721
990564,ENSCAFG00000009291,,ENSG00000185513,,ortholog_one2many,71.2151,82.9466
990565,ENSCAFG00000009291,,ENSG00000277611,,ortholog_one2many,6.57371,88.0
990566,ENSCAFG00000009291,,ENSG00000288000,,ortholog_one2many,71.2151,65.5963
990803,ENSCAFG00000044408,,ENSG00000101049,,ortholog_one2one,94.5504,81.2646
991035,ENSCAFG00000009319,,ENSG00000101052,,ortholog_one2one,92.3767,94.2792
991280,ENSCAFG00000009336,,ENSG00000101057,,ortholog_one2one,87.6033,90.8571
991514,ENSCAFG00000009338,,ENSG00000124196,,ortholog_one2one,66.879,70.9459
991685,ENSCAFG00000009354,,ENSG00000124191,,ortholog_one2one,78.2467,95.2569
992192,ENSCAFG00000042378,,ENSG00000149596,,ortholog_one2one,96.8992,17.9598
992449,ENSCAFG00000030579,,ENSG00000132823,,ortholog_one2one,70.0,86.3014
992685,ENSCAFG00000009368,,ENSG00000124194,,ortholog_one2one,93.2796,89.8964
992944,ENSCAFG00000009374,,ENSG00000197296,,ortholog_one2one,62.1134,91.9847
993181,ENSCAFG00000009376,,ENSG00000101074,,ortholog_one2one,84.9206,84.585
993436,ENSCAFG00000009411,,ENSG00000101076,,ortholog_one2one,89.2562,91.1392
993721,ENSCAFG00000009426,,ENSG00000124120,,ortholog_one2one,94.7368,94.7368
993973,ENSCAFG00000009471,,ENSG00000132824,,ortholog_one2one,85.4123,85.4123
994217,ENSCAFG00000009480,,ENSG00000168734,,ortholog_one2one,90.7895,90.7895
994426,ENSCAFG00000009498,,ENSG00000196839,,ortholog_one2one,58.7065,65.0138
994671,ENSCAFG00000009519,,ENSG00000064205,,ortholog_one2one,48.0899,85.6
994922,ENSCAFG00000009522,,ENSG00000124249,,ortholog_one2one,82.7795,83.0303
995210,ENSCAFG00000009526,,ENSG00000101098,,ortholog_one2one,90.8046,87.7778
995448,ENSCAFG00000009514,,ENSG00000166913,,ortholog_one2one,99.5935,99.5935
995766,ENSCAFG00000009573,,ENSG00000101104,,ortholog_one2one,87.8887,86.7528
996032,ENSCAFG00000009591,,ENSG00000025772,,ortholog_one2one,41.2281,76.0518
996162,ENSCAFG00000009615,,ENSG00000101109,,ortholog_one2one,83.463,88.0903
996341,ENSCAFG00000009639,,ENSG00000124134,,ortholog_one2one,87.666,87.8327
996572,ENSCAFG00000009640,,ENSG00000175121,,ortholog_one2one,72.3577,39.7321
996671,ENSCAFG00000009641,,ENSG00000124102,,ortholog_one2one,71.028,64.9573
996745,ENSCAFG00000030633,,ENSG00000168703,,ortholog_many2many,20.0,25.2252
996817,ENSCAFG00000028626,,ENSG00000124107,,ortholog_one2one,63.0769,62.1212
996924,ENSCAFG00000009664,,ENSG00000124159,,ortholog_one2one,60.1504,90.0322
997182,ENSCAFG00000009670,,ENSG00000124232,,ortholog_one2one,90.7157,90.7157
997411,ENSCAFG00000009681,,ENSG00000204070,,ortholog_one2one,99.359,99.359
997645,ENSCAFG00000009683,,ENSG00000124251,,ortholog_one2one,56.8702,51.3793
997747,ENSCAFG00000009684,,ENSG00000244274,,ortholog_one2one,88.6792,54.4402
998025,ENSCAFG00000009687,,ENSG00000124155,,ortholog_one2one,81.6393,85.8621
998261,ENSCAFG00000032096,,ENSG00000243543,,ortholog_many2many,10.0,7.63359
998348,ENSCAFG00000009696,,ENSG00000101443,,ortholog_one2one,71.8182,63.7097
998925,ENSCAFG00000009704,,ENSG00000158901,,ortholog_one2one,57.1984,60.9958
999522,ENSCAFG00000030127,,ENSG00000180305,,ortholog_one2one,61.25,62.0253
999591,ENSCAFG00000024605,,ENSG00000180205,,ortholog_one2one,67.4157,67.4157
999682,ENSCAFG00000009723,,ENSG00000180083,,ortholog_one2one,65.1163,64.3678
999766,ENSCAFG00000009724,,ENSG00000182931,,ortholog_one2one,41.0959,33.7079
999822,ENSCAFG00000009728,,ENSG00000168634,,ortholog_one2one,57.6087,56.9892
999904,ENSCAFG00000009730,,ENSG00000149651,,ortholog_one2one,72.449,71.7172
1000583,ENSCAFG00000031732,,ENSG00000124116,,ortholog_one2one,76.3393,74.026
1000691,ENSCAFG00000009733,,ENSG00000101457,,ortholog_one2one,86.7924,97.8723
1000927,ENSCAFG00000009768,,ENSG00000101473,,ortholog_one2one,62.8647,74.2947
1001189,ENSCAFG00000009745,,ENSG00000175063,,ortholog_one2one,97.7654,97.7654
1001463,ENSCAFG00000009759,,ENSG00000124104,,ortholog_one2one,93.4066,91.1528
1001688,ENSCAFG00000009774,,ENSG00000132801,,ortholog_one2one,86.7816,86.7816
1001816,ENSCAFG00000009776,,ENSG00000168612,,ortholog_one2one,87.7193,82.4742
1001922,ENSCAFG00000009778,,ENSG00000149634,,ortholog_one2one,81.1404,81.4978
1002018,ENSCAFG00000009780,,ENSG00000124257,,ortholog_one2one,93.3333,93.3333
1002239,ENSCAFG00000009819,,ENSG00000064601,,ortholog_one2one,88.8668,89.759
1002477,ENSCAFG00000009837,,ENSG00000100979,,ortholog_one2one,88.3365,93.712
1002727,ENSCAFG00000009847,,ENSG00000100982,,ortholog_one2one,98.1481,97.8693
1002967,ENSCAFG00000009882,,ENSG00000198026,,ortholog_one2one,84.2754,86.6617
1003216,ENSCAFG00000009905,,ENSG00000100985,,ortholog_one2one,78.0055,80.7638
1003470,ENSCAFG00000009931,,ENSG00000124140,,ortholog_one2one,97.7758,96.4881
1003646,ENSCAFG00000009982,,ENSG00000124160,,ortholog_one2one,95.3368,95.3368
1003886,ENSCAFG00000009994,,ENSG00000101017,,ortholog_one2one,48.4507,62.0939
1004051,ENSCAFG00000010175,,ENSG00000149654,,ortholog_one2one,96.4848,96.1353
1004293,ENSCAFG00000010265,,ENSG00000080189,,ortholog_one2one,95.9239,89.5939
1004502,ENSCAFG00000010313,,ENSG00000062598,,ortholog_one2one,97.8142,99.4444
1004978,ENSCAFG00000010435,,ENSG00000149635,,ortholog_one2one,75.4132,64.4876
1005195,ENSCAFG00000010486,,ENSG00000158296,,ortholog_one2one,66.3366,66.7774
1005452,ENSCAFG00000029496,,ENSG00000172315,,ortholog_one2one,77.1523,92.0949
1005694,ENSCAFG00000010640,,ENSG00000197496,,ortholog_one2one,76.91,83.7338
1005913,ENSCAFG00000010677,,ENSG00000064655,,ortholog_one2one,86.1592,92.5651
1006155,ENSCAFG00000010734,,ENSG00000101040,,ortholog_one2one,79.6095,88.7188
1006476,ENSCAFG00000010812,,ENSG00000124151,,ortholog_one2one,92.3729,91.8539
1006990,ENSCAFG00000010874,,ENSG00000196562,,ortholog_one2one,93.658,95.0575
1007404,ENSCAFG00000010948,,ENSG00000124126,,ortholog_one2one,93.6908,89.5118
1007646,ENSCAFG00000011181,,ENSG00000124198,,ortholog_one2one,97.591,97.591
1007885,ENSCAFG00000011260,,ENSG00000124207,,ortholog_one2one,90.3918,99.794
1008138,ENSCAFG00000011347,,ENSG00000124214,,ortholog_one2one,81.7109,96.0139
1008393,ENSCAFG00000011384,,ENSG00000124228,,ortholog_one2one,89.7698,88.191
1008639,ENSCAFG00000011408,,ENSG00000124201,,ortholog_one2one,91.1887,91.1887
1008890,ENSCAFG00000011366,,ENSG00000158445,,ortholog_one2one,97.4359,97.4359
1009197,ENSCAFG00000011426,,ENSG00000124212,,ortholog_one2one,87.7895,83.4
1009446,ENSCAFG00000011445,,ENSG00000158470,,ortholog_one2one,79.0909,89.6907
1009819,ENSCAFG00000011460,,ENSG00000197818,,ortholog_one2one,98.3193,97.99
1010053,ENSCAFG00000011481,,ENSG00000182393,,ortholog_one2many,73.1579,69.5
1010168,ENSCAFG00000011486,,ENSG00000158480,,ortholog_one2one,90.1923,90.1923
1010406,ENSCAFG00000011490,,ENSG00000124226,,ortholog_one2one,94.2982,94.2982
1010641,ENSCAFG00000011499,,ENSG00000124216,,ortholog_one2one,82.1293,81.8182
1011063,ENSCAFG00000031195,,ENSG00000240849,,ortholog_one2one,92.9889,93.3333
1011162,ENSCAFG00000031326,,ENSG00000172216,,ortholog_one2one,98.2659,98.5507
1011353,ENSCAFG00000011531,,ENSG00000196396,,ortholog_one2one,87.2881,71.0345
1011604,ENSCAFG00000011556,,ENSG00000042062,,ortholog_one2one,67.818,84.7368
1011848,ENSCAFG00000011576,,ENSG00000101126,,ortholog_one2one,97.5521,91.6525
1012159,ENSCAFG00000030079,,ENSG00000000419,,ortholog_one2one,96.1538,84.7458
1012415,ENSCAFG00000011596,,ENSG00000124217,,ortholog_one2one,84.5382,91.5217
1012665,ENSCAFG00000011572,,ENSG00000026559,,ortholog_one2one,92.4855,93.5673
1012906,ENSCAFG00000011625,,ENSG00000101096,,ortholog_one2one,78.453,92.1081
1013215,ENSCAFG00000011659,,ENSG00000054793,,ortholog_one2one,98.8338,97.1347
1013457,ENSCAFG00000011738,,ENSG00000101115,,ortholog_one2one,87.0019,87.0845
1013752,ENSCAFG00000011788,,ENSG00000020256,,ortholog_one2one,95.2941,95.1542
1013996,ENSCAFG00000011808,,ENSG00000182463,,ortholog_one2one,86.0443,86.4604
1014339,ENSCAFG00000011813,,ENSG00000171940,,ortholog_one2one,62.5445,67.0802
1014571,ENSCAFG00000011825,,ENSG00000064787,,ortholog_one2one,66.4577,72.6027
1014732,ENSCAFG00000011839,,ENSG00000019186,,ortholog_one2one,89.2996,89.2996
1014972,ENSCAFG00000011856,,ENSG00000101132,,ortholog_one2many,93.8462,91.0448
1015261,ENSCAFG00000011874,,ENSG00000101134,,ortholog_one2one,96.1806,90.5229
1015436,ENSCAFG00000011882,,ENSG00000054803,,ortholog_one2one,85.6459,89.0547
1015661,ENSCAFG00000011887,,ENSG00000124089,,ortholog_one2one,92.2601,92.2601
1015849,ENSCAFG00000030763,,ENSG00000124098,,ortholog_one2one,65.8163,67.1875
1016094,ENSCAFG00000029331,,ENSG00000087586,,ortholog_one2many,89.3827,89.8263
1016367,ENSCAFG00000011914,,ENSG00000101138,,ortholog_one2one,99.768,99.768
1016611,ENSCAFG00000011920,,ENSG00000087589,,ortholog_one2one,72.7621,72.3919
1016843,ENSCAFG00000011946,,ENSG00000022277,,ortholog_one2one,79.9427,83.0357
1017085,ENSCAFG00000011964,,ENSG00000124091,,ortholog_one2one,78.6047,78.7879
1017353,ENSCAFG00000011968,,ENSG00000124103,,ortholog_one2many,68.2353,67.8363
1017354,ENSCAFG00000011968,,ENSG00000213714,,ortholog_one2many,67.6471,67.2515
1017493,ENSCAFG00000011996,,ENSG00000087510,,ortholog_one2one,66.0,95.3333
1017743,ENSCAFG00000012011,,ENSG00000101144,,ortholog_one2one,64.3185,97.4478
1018058,ENSCAFG00000012031,,ENSG00000054796,,ortholog_one2one,90.404,90.404
1018294,ENSCAFG00000032121,,ENSG00000132819,,ortholog_one2one,94.3038,62.3431
1018571,ENSCAFG00000012058,,ENSG00000124092,,ortholog_one2one,70.14,64.4286
1018717,ENSCAFG00000012065,,ENSG00000124253,,ortholog_one2one,83.7594,89.5498
1018952,ENSCAFG00000023783,,ENSG00000124256,,ortholog_one2one,54.9587,31.0023
1019044,ENSCAFG00000031382,,ENSG00000124225,,ortholog_one2one,70.922,69.6864
1019272,ENSCAFG00000012074,,ENSG00000124237,,ortholog_one2one,68.75,72.2628
1019670,ENSCAFG00000012101,,ENSG00000124209,,ortholog_one2one,80.0,80.4124
1019933,ENSCAFG00000012110,,ENSG00000124164,,ortholog_one2one,96.2963,96.2963
1020241,ENSCAFG00000029961,,ENSG00000198768,,ortholog_one2one,83.5341,83.0339
1020443,ENSCAFG00000012125,,ENSG00000124222,,ortholog_one2one,95.092,95.3846
1020680,ENSCAFG00000012143,,ENSG00000215440,,ortholog_one2one,77.2102,75.1434
1021001,ENSCAFG00000023756,,ENSG00000087460,,ortholog_one2one,91.7647,30.0868
1021294,ENSCAFG00000012163,,ENSG00000101158,,ortholog_one2one,99.4652,93.1553
1021547,ENSCAFG00000012183,,ENSG00000101160,,ortholog_one2one,64.2667,79.538
1021830,ENSCAFG00000032130,,ENSG00000101162,,ortholog_one2one,61.3977,81.8182
1022064,ENSCAFG00000048005,,ENSG00000124172,,ortholog_one2one,75.9259,80.3922
1022191,ENSCAFG00000012220,,ENSG00000101166,,ortholog_one2one,97.4227,97.4227
1022547,ENSCAFG00000012242,,ENSG00000124203,,ortholog_one2one,63.0974,62.1944
1022750,ENSCAFG00000012245,,ENSG00000124205,,ortholog_one2one,63.1579,55.4622
1023008,ENSCAFG00000012258,,ENSG00000087495,,ortholog_one2one,90.7308,91.0555
1023336,ENSCAFG00000012295,,ENSG00000196074,,ortholog_one2one,76.4948,72.7451
1023467,ENSCAFG00000024001,,ENSG00000196227,,ortholog_one2one,24.3478,51.1749
1023714,ENSCAFG00000012333,,ENSG00000132825,,ortholog_one2one,86.9565,86.9565
1023983,ENSCAFG00000012336,,ENSG00000124215,,ortholog_one2one,63.8425,64.3029
1024191,ENSCAFG00000012436,,ENSG00000179242,,ortholog_one2one,76.9953,89.5197
1024494,ENSCAFG00000012509,,ENSG00000130699,,ortholog_one2one,83.3726,65.1613
1024785,ENSCAFG00000012518,,ENSG00000149657,,ortholog_one2one,55.6641,74.026
1025105,ENSCAFG00000012528,,ENSG00000101182,,ortholog_one2one,98.8764,70.9677
1025292,ENSCAFG00000012552,,ENSG00000184402,,ortholog_one2one,83.0424,84.0909
1025687,ENSCAFG00000012570,,ENSG00000101181,,ortholog_one2one,76.7624,72.4138
1025919,ENSCAFG00000012578,,ENSG00000101180,,ortholog_one2one,90.7609,75.0562
1026081,ENSCAFG00000012625,,ENSG00000130703,,ortholog_one2one,44.6486,86.0417
1026387,ENSCAFG00000012693,,ENSG00000149679,,ortholog_one2one,64.6957,77.8243
1026692,ENSCAFG00000012704,,ENSG00000130701,,ortholog_one2one,54.5455,63.253
1026887,ENSCAFG00000012709,,ENSG00000130700,,ortholog_one2one,72.1698,77.0781
1027126,ENSCAFG00000012710,,ENSG00000101187,,ortholog_one2one,66.0859,78.8089
1027374,ENSCAFG00000012720,,ENSG00000101188,,ortholog_one2one,85.2732,85.8852
1027619,ENSCAFG00000012727,,ENSG00000101189,,ortholog_one2one,68.4783,30.8824
1027842,ENSCAFG00000032012,,ENSG00000060491,,ortholog_one2one,48.6443,45.0517
1028391,ENSCAFG00000012740,,ENSG00000101191,,ortholog_one2one,74.6835,73.75
1028668,ENSCAFG00000012749,,ENSG00000101193,,ortholog_one2one,99.1228,99.1228
1028978,ENSCAFG00000012759,,ENSG00000101194,,ortholog_one2one,70.825,80.7339
1029275,ENSCAFG00000012772,,ENSG00000149658,,ortholog_one2one,91.9355,91.771
1029564,ENSCAFG00000012777,,ENSG00000101197,,ortholog_one2one,67.8967,61.745
1029756,ENSCAFG00000012785,,ENSG00000101198,,ortholog_one2one,48.3986,65.3846
1029970,ENSCAFG00000012815,,ENSG00000101199,,ortholog_one2one,73.0193,82.3671
1030359,ENSCAFG00000012893,,ENSG00000101204,,ortholog_one2one,81.9165,84.5295
1030595,ENSCAFG00000012931,,ENSG00000075043,,ortholog_one2one,85.8696,81.5367
1030930,ENSCAFG00000012942,,ENSG00000125508,,ortholog_one2one,75.1037,74.1803
1031124,ENSCAFG00000032079,,ENSG00000125531,,ortholog_one2one,58.2222,82.3899
1031284,ENSCAFG00000012968,,ENSG00000130589,,ortholog_one2one,64.5595,72.4802
1031490,ENSCAFG00000013056,,ENSG00000273154,,ortholog_one2one,17.7419,34.1379
1031727,ENSCAFG00000013008,,ENSG00000101216,,ortholog_one2one,74.4485,76.4151
1031967,ENSCAFG00000013020,,ENSG00000197457,,ortholog_one2one,86.5385,75.3138
1032167,ENSCAFG00000013040,,ENSG00000258366,,ortholog_one2many,68.291,74.3846
1032168,ENSCAFG00000013040,,ENSG00000026036,,ortholog_one2many,44.0678,79.4904
1032394,ENSCAFG00000029380,,ENSG00000243509,,ortholog_one2one,69.1803,70.3333
1032528,ENSCAFG00000030493,,ENSG00000101246,,ortholog_one2one,94.898,92.5373
1032775,ENSCAFG00000031222,,ENSG00000273047,,ortholog_one2many,14.0,50.0
1032776,ENSCAFG00000031222,,ENSG00000203896,,ortholog_one2many,45.6667,46.4407
1032860,ENSCAFG00000013059,,ENSG00000125520,,ortholog_one2one,47.6923,48.062
1032980,ENSCAFG00000013065,,ENSG00000130584,,ortholog_one2one,59.7598,67.5722
1033222,ENSCAFG00000029781,,ENSG00000183260,,ortholog_one2one,74.0741,55.4371
1033388,ENSCAFG00000013072,,ENSG00000101150,,ortholog_one2one,91.2664,91.2664
1033706,ENSCAFG00000013084,,ENSG00000101152,,ortholog_one2one,44.1341,79.798
1034021,ENSCAFG00000013120,,ENSG00000196700,,ortholog_one2one,51.1364,85.7623
1034261,ENSCAFG00000013165,,ENSG00000101161,,ortholog_one2one,94.3357,97.3433
1034504,ENSCAFG00000013129,,ENSG00000130590,,ortholog_one2one,95.0495,95.0495
1034793,ENSCAFG00000047578,,ENSG00000196421,,ortholog_one2one,72.8723,72.4868
1034857,ENSCAFG00000029278,,ENSG00000203883,,ortholog_one2one,63.9847,86.9792
1035038,ENSCAFG00000013179,,ENSG00000171703,,ortholog_one2one,55.2561,68.5619
1035273,ENSCAFG00000030747,,ENSG00000171700,,ortholog_one2one,26.9615,87.0968
1035493,ENSCAFG00000013222,,ENSG00000196132,,ortholog_one2one,86.3636,87.7178
1035818,ENSCAFG00000013261,,ENSG00000203880,,ortholog_one2one,91.0863,90.5817
1036345,ENSCAFG00000005898,,ENSG00000136108,,ortholog_one2one,69.3431,69.5461
1036584,ENSCAFG00000005932,,ENSG00000136100,,ortholog_one2one,73.1959,91.9689
1036840,ENSCAFG00000005940,,ENSG00000136114,,ortholog_one2one,79.6748,80.5164
1037076,ENSCAFG00000005944,,ENSG00000132958,,ortholog_one2many,47.1622,66.8582
1037338,ENSCAFG00000005953,,ENSG00000064666,,ortholog_one2one,50.2632,57.8788
1037509,ENSCAFG00000005955,,ENSG00000102743,,ortholog_one2one,93.6877,93.6877
1037832,ENSCAFG00000005961,,ENSG00000102738,,ortholog_one2one,72.7979,71.1392
1038058,ENSCAFG00000005965,,ENSG00000150907,,ortholog_one2one,95.2599,95.1145
1038351,ENSCAFG00000005979,,ENSG00000133103,,ortholog_one2one,84.0456,89.8021
1038598,ENSCAFG00000005998,,ENSG00000183722,,ortholog_one2one,88.9401,96.5
1038697,ENSCAFG00000005999,,ENSG00000188811,,ortholog_one2one,80.2198,84.1499
1038929,ENSCAFG00000006001,,ENSG00000120685,,ortholog_one2one,87.6452,87.9237
1039177,ENSCAFG00000006012,,ENSG00000133115,,ortholog_one2one,80.7453,89.3471
1039484,ENSCAFG00000006019,,ENSG00000150893,,ortholog_one2one,89.5202,89.492
1039807,ENSCAFG00000006026,,ENSG00000120686,,ortholog_one2one,29.3478,52.4272
1040093,ENSCAFG00000006044,,ENSG00000133107,,ortholog_one2one,98.167,98.167
1040407,ENSCAFG00000006073,,ENSG00000133110,,ortholog_one2one,95.933,95.933
1040904,ENSCAFG00000006098,,ENSG00000102710,,ortholog_one2one,89.057,94.328
1041152,ENSCAFG00000006115,,ENSG00000120699,,ortholog_one2one,59.375,96.3768
1041412,ENSCAFG00000006124,,ENSG00000120697,,ortholog_one2one,94.4444,94.4444
1041655,ENSCAFG00000006162,,ENSG00000120693,,ortholog_one2one,95.5224,95.9315
1041806,ENSCAFG00000030114,,ENSG00000133111,,ortholog_one2one,84.1202,72.0588
1042024,ENSCAFG00000006170,,ENSG00000180440,,ortholog_one2one,97.1963,97.1963
1042242,ENSCAFG00000006189,,ENSG00000133101,,ortholog_one2one,88.8361,80.4301
1042489,ENSCAFG00000006178,,ENSG00000133104,,ortholog_one2one,80.8,90.991
1042813,ENSCAFG00000006231,,ENSG00000133083,,ortholog_one2one,91.4474,93.9189
1043167,ENSCAFG00000006255,,ENSG00000172915,,ortholog_one2one,98.0135,98.7784
1043447,ENSCAFG00000006261,,ENSG00000180660,,ortholog_one2one,100.0,100.0
1044561,ENSCAFG00000006271,,ENSG00000133119,,ortholog_one2one,99.7191,99.7191
1044933,ENSCAFG00000006294,,ENSG00000133121,,ortholog_one2one,88.1162,89.9371
1045257,ENSCAFG00000006322,,ENSG00000133116,,ortholog_one2one,86.8726,22.2332
1045585,ENSCAFG00000006351,,ENSG00000083642,,ortholog_one2one,98.2204,99.1707
1045835,ENSCAFG00000006373,,ENSG00000026025,,ortholog_one2many,82.1687,73.176
1046070,ENSCAFG00000006376,,ENSG00000244754,,ortholog_one2one,51.5226,68.1175
1046270,ENSCAFG00000006379,,ENSG00000139597,,ortholog_one2one,92.7007,52.2634
1046405,ENSCAFG00000006383,,ENSG00000139618,,ortholog_one2one,69.5879,70.158
1046623,ENSCAFG00000031981,,ENSG00000189167,,ortholog_one2one,74.5399,75.7009
1046856,ENSCAFG00000025580,,ENSG00000073910,,ortholog_one2one,97.6782,97.6782
1047205,ENSCAFG00000006501,,ENSG00000133105,,ortholog_one2one,90.9091,88.8594
1047652,ENSCAFG00000006522,,ENSG00000187676,,ortholog_one2one,63.1184,84.5382
1047956,ENSCAFG00000006538,,ENSG00000120694,,ortholog_one2one,94.813,91.3953
1048299,ENSCAFG00000006571,,ENSG00000175664,,ortholog_one2one,43.8776,59.5156
1048429,ENSCAFG00000006579,,ENSG00000102802,,ortholog_one2one,93.3993,93.3993
1048607,ENSCAFG00000006585,,ENSG00000132965,,ortholog_one2one,64.7059,75.6881
1048845,ENSCAFG00000006590,,ENSG00000132952,,ortholog_one2one,73.1016,73.1685
1049263,ENSCAFG00000006616,,ENSG00000102781,,ortholog_one2one,88.5338,96.1225
1049592,ENSCAFG00000032748,,ENSG00000122042,,ortholog_one2one,70.5036,83.7607
1049938,ENSCAFG00000006660,,ENSG00000139514,,ortholog_one2one,91.4149,91.4149
1050248,ENSCAFG00000024936,,ENSG00000132938,,ortholog_one2one,77.1904,77.8671
1050564,ENSCAFG00000006691,,ENSG00000139508,,ortholog_one2one,86.551,86.1771
1050829,ENSCAFG00000047865,,ENSG00000132963,,ortholog_one2many,95.0355,95.0355
1051103,ENSCAFG00000006701,,ENSG00000102755,,ortholog_one2one,89.9776,89.9103
1051353,ENSCAFG00000006733,,ENSG00000152520,,ortholog_one2one,91.2042,98.1962
1051601,ENSCAFG00000006716,,ENSG00000122025,,ortholog_one2one,84.8397,87.9154
1051785,ENSCAFG00000006742,,ENSG00000165556,,ortholog_one2one,64.3629,95.2077
1051950,ENSCAFG00000006746,,ENSG00000139515,,ortholog_one2one,92.5532,92.2262
1052042,ENSCAFG00000006749,,ENSG00000169840,,ortholog_one2one,73.0878,97.7273
1052249,ENSCAFG00000006755,,ENSG00000186184,,ortholog_one2one,47.9853,98.4962
1052493,ENSCAFG00000006782,,ENSG00000139517,,ortholog_one2one,90.896,91.1594
1052736,ENSCAFG00000006788,,ENSG00000122033,,ortholog_one2one,65.5914,65.8273
1052975,ENSCAFG00000006794,,ENSG00000122034,,ortholog_one2one,73.4908,76.7123
1053297,ENSCAFG00000006798,,ENSG00000122035,,ortholog_one2one,93.3884,93.3884
1053692,ENSCAFG00000006816,,ENSG00000152484,,ortholog_one2one,81.422,95.9459
1054108,ENSCAFG00000006823,,ENSG00000132975,,ortholog_one2one,97.006,97.006
1054338,ENSCAFG00000006841,,ENSG00000132970,,ortholog_one2one,96.2151,96.2151
1054727,ENSCAFG00000006870,,ENSG00000132964,,ortholog_one2one,99.7845,99.7845
1054987,ENSCAFG00000006901,,ENSG00000127870,,ortholog_one2one,89.019,88.7591
1055511,ENSCAFG00000030320,,ENSG00000180730,,ortholog_one2one,88.5135,88.8136
1055751,ENSCAFG00000007007,,ENSG00000132932,,ortholog_one2one,96.1279,96.1279
1056088,ENSCAFG00000007067,,ENSG00000139496,,ortholog_one2one,94.9917,94.9917
1056337,ENSCAFG00000007083,,ENSG00000139505,,ortholog_one2one,76.1232,95.4911
1056690,ENSCAFG00000032600,,ENSG00000165566,,ortholog_one2one,49.3976,42.772
1057045,ENSCAFG00000007115,,ENSG00000182957,,ortholog_one2many,69.4215,72.3571
1057046,ENSCAFG00000007115,,ENSG00000273167,,ortholog_one2many,60.1803,72.4887
1057303,ENSCAFG00000007120,,ENSG00000205863,,ortholog_one2many,88.8889,88.8889
1057304,ENSCAFG00000007120,,ENSG00000240654,,ortholog_one2many,89.4895,89.4895
1057654,ENSCAFG00000007132,,ENSG00000027001,,ortholog_one2one,91.6918,85.1332
1058394,ENSCAFG00000007136,,ENSG00000127863,,ortholog_one2one,76.6204,78.2506
1058814,ENSCAFG00000007146,,ENSG00000151835,,ortholog_one2one,95.3738,94.9989
1059080,ENSCAFG00000007161,,ENSG00000102683,,ortholog_one2one,71.6216,91.0653
1059327,ENSCAFG00000029890,,ENSG00000102678,,ortholog_one2one,77.2549,94.7115
1059715,ENSCAFG00000007172,,ENSG00000165487,,ortholog_one2one,83.8337,83.6406
1059963,ENSCAFG00000007179,,ENSG00000180776,,ortholog_one2one,75.2252,91.5069
1060277,ENSCAFG00000004240,,ENSG00000173141,,ortholog_one2one,80.3922,80.3922
1060509,ENSCAFG00000007184,,ENSG00000165480,,ortholog_one2one,59.4041,77.4272
1060741,ENSCAFG00000032070,,ENSG00000150459,,ortholog_one2many,98.8372,98.8372
1061011,ENSCAFG00000007207,,ENSG00000150457,,ortholog_one2one,87.5576,87.3162
1061268,ENSCAFG00000007222,,ENSG00000132953,,ortholog_one2one,99.6525,99.6525
1061522,ENSCAFG00000007231,,ENSG00000150456,,ortholog_one2one,83.6449,83.6449
1061763,ENSCAFG00000032032,,ENSG00000172458,,ortholog_one2one,45.3039,40.5941
1061963,ENSCAFG00000007250,,ENSG00000032742,,ortholog_one2one,90.5455,89.6759
1062209,ENSCAFG00000007288,,ENSG00000165475,,ortholog_one2one,68.2171,82.7586
1062449,ENSCAFG00000007316,,ENSG00000121742,,ortholog_one2one,40.6542,66.6667
1062806,ENSCAFG00000029537,,ENSG00000165474,,ortholog_one2one,98.6726,98.6726
1063151,ENSCAFG00000007321,,ENSG00000121743,,ortholog_one2one,71.3647,73.3333
1063421,ENSCAFG00000007342,,ENSG00000121741,,ortholog_one2one,98.2571,98.2571
1063672,ENSCAFG00000007359,,ENSG00000132950,,ortholog_one2one,79.7601,79.5217
1063783,ENSCAFG00000043712,,ENSG00000121390,,ortholog_one2one,92.2772,89.1013
1064024,ENSCAFG00000045568,,ENSG00000196199,,ortholog_one2one,84.5349,84.5349
1064250,ENSCAFG00000007375,,ENSG00000102699,,ortholog_one2one,69.7867,68.3295
1064463,ENSCAFG00000007391,,ENSG00000151849,,ortholog_one2one,78.5978,79.5964
1064898,ENSCAFG00000007418,,ENSG00000132972,,ortholog_one2one,81.4607,80.4067
1065121,ENSCAFG00000007432,,ENSG00000075673,,ortholog_one2one,85.4779,88.9952
1081805,ENSCAFG00000048217,,ENSG00000077312,,ortholog_one2one,93.1818,29.078
1092652,ENSCAFG00000049837,,ENSG00000198918,,ortholog_one2many,62.6667,92.1569
1128350,ENSCAFG00000024332,,ENSG00000119616,,ortholog_one2many,96.4646,96.4646
1151827,ENSCAFG00000046466,,ENSG00000204392,,ortholog_one2one,86.4198,73.6842
1155892,ENSCAFG00000008748,,ENSG00000101363,,ortholog_one2many,82.5397,61.1765
1170706,ENSCAFG00000010566,,ENSG00000184571,,ortholog_one2one,55.3991,53.5147
1177688,ENSCAFG00000011498,,ENSG00000167037,,ortholog_one2one,94.0818,94.1638
1177994,ENSCAFG00000024672,,ENSG00000206069,,ortholog_one2one,73.0,73.0
1178182,ENSCAFG00000024641,,ENSG00000197077,,ortholog_one2one,67.1436,67.5526
1178416,ENSCAFG00000011573,,ENSG00000100053,,ortholog_one2one,92.4171,92.4171
1178682,ENSCAFG00000023827,,ENSG00000244752,,ortholog_one2one,97.0732,97.0732
1178901,ENSCAFG00000011603,,ENSG00000100077,,ortholog_one2one,93.8988,91.7151
1179142,ENSCAFG00000011660,,ENSG00000133454,,ortholog_one2one,82.323,81.9704
1179377,ENSCAFG00000011694,,ENSG00000100095,,ortholog_one2one,87.4528,90.5273
1179613,ENSCAFG00000011729,,ENSG00000100099,,ortholog_one2one,67.4263,71.0452
1179860,ENSCAFG00000011720,,ENSG00000128203,,ortholog_one2one,72.1649,94.851
1180133,ENSCAFG00000011741,,ENSG00000100109,,ortholog_one2one,97.2521,97.2521
1180377,ENSCAFG00000011758,,ENSG00000128294,,ortholog_one2one,94.695,94.695
1180566,ENSCAFG00000011779,,ENSG00000100122,,ortholog_one2one,81.8548,80.5556
1180787,ENSCAFG00000011809,,ENSG00000196431,,ortholog_one2one,94.898,94.898
1181008,ENSCAFG00000011823,,ENSG00000169184,,ortholog_one2one,91.5525,91.1364
1181219,ENSCAFG00000011830,,ENSG00000180957,,ortholog_one2one,94.8529,94.5055
1181477,ENSCAFG00000011849,,ENSG00000100154,,ortholog_one2one,93.9652,93.5107
1181956,ENSCAFG00000011928,,ENSG00000100209,,ortholog_one2one,85.5319,85.5319
1182186,ENSCAFG00000032399,,ENSG00000159873,,ortholog_one2one,87.7256,87.0968
1182401,ENSCAFG00000011954,,ENSG00000100219,,ortholog_one2one,86.3158,87.234
1182627,ENSCAFG00000011973,,ENSG00000183579,,ortholog_one2one,90.0846,79.594
1182858,ENSCAFG00000011982,,ENSG00000100249,,ortholog_one2one,64.5533,77.2414
1182931,ENSCAFG00000011994,,ENSG00000183762,,ortholog_one2one,69.6133,76.8293
1183158,ENSCAFG00000012106,,ENSG00000186998,,ortholog_one2one,87.5862,85.618
1183291,ENSCAFG00000012114,,ENSG00000100263,,ortholog_one2one,82.9016,82.9016
1183624,ENSCAFG00000012219,,ENSG00000185340,,ortholog_one2one,85.5153,90.1615
1183845,ENSCAFG00000012230,,ENSG00000100276,,ortholog_one2one,96.5517,96.5517
1183950,ENSCAFG00000012067,,ENSG00000100280,,ortholog_one2one,98.5248,98.5248
1184411,ENSCAFG00000012262,,ENSG00000100296,,ortholog_one2one,93.185,98.0966
1184670,ENSCAFG00000012291,,ENSG00000184117,,ortholog_one2one,96.4539,95.7747
1184912,ENSCAFG00000012307,,ENSG00000186575,,ortholog_one2one,97.1524,97.479
1185152,ENSCAFG00000012334,,ENSG00000100314,,ortholog_one2one,70.4918,100.0
1185444,ENSCAFG00000012343,,ENSG00000100319,,ortholog_one2one,93.5294,93.5294
1185670,ENSCAFG00000028837,,ENSG00000184076,,ortholog_one2one,84.375,85.7143
1185870,ENSCAFG00000012361,,ENSG00000100325,,ortholog_one2one,91.5232,91.2814
1186107,ENSCAFG00000012420,,ENSG00000100330,,ortholog_one2one,91.2429,80.8848
1186374,ENSCAFG00000012459,,ENSG00000176635,,ortholog_one2one,87.5817,87.2964
1186607,ENSCAFG00000030931,,ENSG00000128342,,ortholog_one2one,91.5842,91.5842
1186763,ENSCAFG00000012468,,ENSG00000099985,,ortholog_one2one,61.9433,60.7143
1186850,ENSCAFG00000012489,,ENSG00000239282,,ortholog_one2one,95.4407,95.4407
1187075,ENSCAFG00000012514,,ENSG00000099992,,ortholog_one2one,83.6036,90.0971
1187391,ENSCAFG00000012559,,ENSG00000099995,,ortholog_one2one,98.6129,98.6129
1187636,ENSCAFG00000012686,,ENSG00000187860,,ortholog_one2one,77.886,74.4681
1187916,ENSCAFG00000012692,,ENSG00000099999,,ortholog_one2one,94.4591,94.9602
1188141,ENSCAFG00000012703,,ENSG00000249590,,ortholog_one2one,40.4255,56.213
1188377,ENSCAFG00000012742,,ENSG00000242114,,ortholog_one2one,66.6667,83.1325
1188602,ENSCAFG00000012757,,ENSG00000100012,,ortholog_one2one,97.5,97.5
1188858,ENSCAFG00000023437,,ENSG00000133488,,ortholog_one2one,76.5957,79.803
1189110,ENSCAFG00000030208,,ENSG00000128242,,ortholog_one2one,89.3868,89.5981
1189427,ENSCAFG00000012792,,ENSG00000100029,,ortholog_one2one,82.391,86.7347
1189666,ENSCAFG00000012827,,ENSG00000185339,,ortholog_one2one,70.0,73.7705
1189892,ENSCAFG00000012834,,ENSG00000100036,,ortholog_one2one,89.4286,89.4286
1190202,ENSCAFG00000012842,,ENSG00000184792,,ortholog_one2one,78.5565,81.9869
1190448,ENSCAFG00000012861,,ENSG00000133422,,ortholog_one2one,91.7209,95.5426
1190701,ENSCAFG00000012922,,ENSG00000183963,,ortholog_one2one,84.6865,82.2355
1190874,ENSCAFG00000049987,,ENSG00000198832,,ortholog_one2one,82.9787,80.6897
1191086,ENSCAFG00000012969,,ENSG00000185133,,ortholog_one2one,87.6984,87.8728
1191395,ENSCAFG00000012981,,ENSG00000100078,,ortholog_one2one,74.6094,75.0491
1191672,ENSCAFG00000013044,,ENSG00000182541,,ortholog_one2one,65.2745,79.7376
1191913,ENSCAFG00000013077,,ENSG00000100100,,ortholog_one2one,85.9316,85.9316
1192162,ENSCAFG00000013087,,ENSG00000100105,,ortholog_one2one,99.2722,99.2722
1192418,ENSCAFG00000032601,,ENSG00000185721,,ortholog_one2one,100.0,100.0
1192696,ENSCAFG00000013163,,ENSG00000184708,,ortholog_one2one,95.0704,95.9391
1192948,ENSCAFG00000013206,,ENSG00000198089,,ortholog_one2one,70.239,73.3494
1193125,ENSCAFG00000013233,,ENSG00000241878,,ortholog_one2one,80.4301,91.4425
1193367,ENSCAFG00000013247,,ENSG00000183530,,ortholog_one2one,71.0158,70.8508
1193580,ENSCAFG00000013268,,ENSG00000100150,,ortholog_one2many,93.8639,96.3818
1193581,ENSCAFG00000013268,,ENSG00000285404,,ortholog_one2many,35.7837,98.1667
1193833,ENSCAFG00000031015,,ENSG00000128245,,ortholog_one2one,83.0827,89.8374
1194036,ENSCAFG00000013439,,ENSG00000100170,,ortholog_one2one,87.0091,86.747
1194337,ENSCAFG00000013498,,ENSG00000100191,,ortholog_one2one,83.3333,83.4598
1195123,ENSCAFG00000029243,,ENSG00000211638,,ortholog_one2many,67.7966,65.5738
1195297,ENSCAFG00000048182,,ENSG00000211654,,ortholog_many2many,57.377,56.9106
1195298,ENSCAFG00000048182,,ENSG00000211650,,ortholog_many2many,56.5574,56.0976
1195299,ENSCAFG00000048182,,ENSG00000211647,,ortholog_many2many,46.7213,54.2857
1196262,ENSCAFG00000043204,,ENSG00000211638,,ortholog_one2many,75.4902,63.1148
1196655,ENSCAFG00000023920,,ENSG00000211638,,ortholog_one2many,69.0476,71.3115
1197251,ENSCAFG00000043208,,ENSG00000211654,,ortholog_many2many,55.7377,55.2846
1197252,ENSCAFG00000043208,,ENSG00000211650,,ortholog_many2many,54.918,54.4715
1197253,ENSCAFG00000043208,,ENSG00000211647,,ortholog_many2many,45.082,52.381
1197424,ENSCAFG00000041046,,ENSG00000211638,,ortholog_one2many,73.5294,61.4754
1198044,ENSCAFG00000042030,,ENSG00000211654,,ortholog_many2many,48.062,50.4065
1198045,ENSCAFG00000042030,,ENSG00000211650,,ortholog_many2many,46.5116,48.7805
1198046,ENSCAFG00000042030,,ENSG00000211647,,ortholog_many2many,38.7597,47.619
1198452,ENSCAFG00000049779,,ENSG00000211638,,ortholog_one2many,76.4706,63.9344
1198863,ENSCAFG00000046023,,ENSG00000211638,,ortholog_one2many,68.0672,66.3934
1199742,ENSCAFG00000047806,,ENSG00000211638,,ortholog_one2many,62.1622,75.4098
1200091,ENSCAFG00000042203,,ENSG00000211638,,ortholog_one2many,56.4286,64.7541
1200622,ENSCAFG00000044541,,ENSG00000211638,,ortholog_one2many,75.4902,63.1148
1204398,ENSCAFG00000013594,,ENSG00000275004,,ortholog_one2one,79.9263,79.9263
1204539,ENSCAFG00000013613,,ENSG00000185686,,ortholog_one2one,67.9688,68.3694
1204733,ENSCAFG00000013622,,ENSG00000211656,,ortholog_one2one,61.2903,64.4068
1204985,ENSCAFG00000031273,,ENSG00000211662,,ortholog_many2many,35.5649,72.6496
1204986,ENSCAFG00000031273,,ENSG00000211667,,ortholog_many2many,32.636,67.8261
1205148,ENSCAFG00000028850,,ENSG00000211662,,ortholog_many2many,70.0,59.8291
1205149,ENSCAFG00000028850,,ENSG00000211667,,ortholog_many2many,65.0,56.5217
1205319,ENSCAFG00000043925,,ENSG00000211672,,ortholog_one2many,63.8298,73.7705
1205517,ENSCAFG00000028847,,ENSG00000211672,,ortholog_one2many,68.2927,68.8525
1205709,ENSCAFG00000049151,,ENSG00000211662,,ortholog_many2many,27.6923,46.1538
1205710,ENSCAFG00000049151,,ENSG00000211667,,ortholog_many2many,26.6667,45.2174
1205922,ENSCAFG00000043799,,ENSG00000211658,,ortholog_many2many,51.4925,61.0619
1205923,ENSCAFG00000043799,,ENSG00000211661,,ortholog_many2many,49.2537,57.3913
1205924,ENSCAFG00000043799,,ENSG00000211665,,ortholog_many2many,55.9701,65.2174
1205925,ENSCAFG00000043799,,ENSG00000211669,,ortholog_many2many,54.4776,63.4783
1205926,ENSCAFG00000043799,,ENSG00000211659,,ortholog_many2many,56.7164,67.8571
1206583,ENSCAFG00000047177,,ENSG00000211672,,ortholog_one2many,63.5417,50.0
1206785,ENSCAFG00000014432,,ENSG00000211672,,ortholog_one2many,71.1111,52.459
1206985,ENSCAFG00000015176,,ENSG00000211672,,ortholog_one2many,64.8,66.3934
1207214,ENSCAFG00000032328,,ENSG00000211658,,ortholog_many2many,48.9362,61.0619
1207215,ENSCAFG00000032328,,ENSG00000211661,,ortholog_many2many,47.5177,58.2609
1207216,ENSCAFG00000032328,,ENSG00000211665,,ortholog_many2many,55.3191,67.8261
1207217,ENSCAFG00000032328,,ENSG00000211669,,ortholog_many2many,54.6099,66.9565
1207218,ENSCAFG00000032328,,ENSG00000211659,,ortholog_many2many,55.3191,69.6429
1207944,ENSCAFG00000031806,,ENSG00000211685,,ortholog_many2many,75.0,84.9057
1207945,ENSCAFG00000031806,,ENSG00000211679,,ortholog_many2many,74.1667,83.9623
1207946,ENSCAFG00000031806,,ENSG00000211677,,ortholog_many2many,74.1667,83.9623
1207947,ENSCAFG00000031806,,ENSG00000211675,,ortholog_many2many,75.0,84.9057
1207948,ENSCAFG00000031806,,ENSG00000128322,,ortholog_many2many,74.1667,41.784
1207949,ENSCAFG00000031806,,ENSG00000254709,,ortholog_many2many,79.1667,44.186
1208323,ENSCAFG00000047066,,ENSG00000211685,,ortholog_many2many,28.8462,84.9057
1208324,ENSCAFG00000047066,,ENSG00000211679,,ortholog_many2many,28.5256,83.9623
1208325,ENSCAFG00000047066,,ENSG00000211677,,ortholog_many2many,28.5256,83.9623
1208326,ENSCAFG00000047066,,ENSG00000211675,,ortholog_many2many,28.8462,84.9057
1208327,ENSCAFG00000047066,,ENSG00000128322,,ortholog_many2many,26.6026,38.9671
1208328,ENSCAFG00000047066,,ENSG00000254709,,ortholog_many2many,28.8462,41.8605
1209217,ENSCAFG00000013646,,ENSG00000100218,,ortholog_one2one,65.0,63.5057
1209462,ENSCAFG00000013663,,ENSG00000128266,,ortholog_one2one,99.1549,99.1549
1209700,ENSCAFG00000013676,,ENSG00000100228,,ortholog_one2one,79.2169,78.979
1209934,ENSCAFG00000013773,,ENSG00000186716,,ortholog_one2one,92.393,91.7388
1210253,ENSCAFG00000013823,,ENSG00000258555,,ortholog_one2many,77.6186,95.1701
1210254,ENSCAFG00000013823,,ENSG00000100014,,ortholog_one2many,94.9866,93.3979
1210498,ENSCAFG00000013828,,ENSG00000128271,,ortholog_one2one,93.2039,93.2039
1210796,ENSCAFG00000013843,,ENSG00000100024,,ortholog_one2one,83.9378,84.375
1211222,ENSCAFG00000013864,,ENSG00000100028,,ortholog_many2many,100.0,100.0
1211223,ENSCAFG00000013864,,ENSG00000286070,,ortholog_many2many,100.0,100.0
1211644,ENSCAFG00000013899,,ENSG00000133475,,ortholog_one2many,67.1091,79.9649
1211645,ENSCAFG00000013899,,ENSG00000100031,,ortholog_one2many,70.059,83.4798
1211646,ENSCAFG00000013899,,ENSG00000274252,,ortholog_one2many,26.9911,81.3333
1211647,ENSCAFG00000013899,,ENSG00000149435,,ortholog_one2many,27.8761,84.0
1211648,ENSCAFG00000013899,,ENSG00000100121,,ortholog_one2many,28.9086,77.7778
1211973,ENSCAFG00000013867,,ENSG00000178026,,ortholog_one2one,55.9078,61.5873
1212051,ENSCAFG00000029292,,ENSG00000099998,,ortholog_one2one,78.7273,73.7649
1212428,ENSCAFG00000013923,,ENSG00000099994,,ortholog_one2one,76.3522,73.8443
1212683,ENSCAFG00000013995,,ENSG00000099991,,ortholog_one2one,92.2232,90.8108
1212956,ENSCAFG00000045775,,ENSG00000099977,,ortholog_many2many,72.0339,51.2048
1212957,ENSCAFG00000045775,,ENSG00000099974,,ortholog_many2many,69.4915,61.194
1212958,ENSCAFG00000045775,,ENSG00000285762,,ortholog_many2many,83.8983,75.0
1213698,ENSCAFG00000014043,,ENSG00000099984,,ortholog_one2many,54.2308,58.0247
1213699,ENSCAFG00000014043,,ENSG00000133433,,ortholog_one2many,54.6154,58.1967
1214259,ENSCAFG00000014082,,ENSG00000133460,,ortholog_one2one,59.6491,63.5514
1214485,ENSCAFG00000014095,,ENSG00000099958,,ortholog_one2one,78.2609,75.3138
1214720,ENSCAFG00000014105,,ENSG00000099956,,ortholog_one2one,97.4026,95.1777
1215032,ENSCAFG00000014117,,ENSG00000099953,,ortholog_one2one,87.1166,87.2951
1215321,ENSCAFG00000014124,,ENSG00000250479,,ortholog_one2one,84.0278,81.2081
1215510,ENSCAFG00000014127,,ENSG00000169314,,ortholog_one2one,20.7612,38.2166
1215594,ENSCAFG00000014130,,ENSG00000128218,,ortholog_one2one,78.5124,77.2358
1215827,ENSCAFG00000029579,,ENSG00000187792,,ortholog_one2one,90.2004,90.8072
1216058,ENSCAFG00000014139,,ENSG00000211685,,ortholog_many2many,40.0943,80.1887
1216059,ENSCAFG00000014139,,ENSG00000211679,,ortholog_many2many,39.6226,79.2453
1216060,ENSCAFG00000014139,,ENSG00000211677,,ortholog_many2many,39.6226,79.2453
1216061,ENSCAFG00000014139,,ENSG00000211675,,ortholog_many2many,40.0943,80.1887
1216062,ENSCAFG00000014139,,ENSG00000128322,,ortholog_many2many,59.9057,59.6244
1216063,ENSCAFG00000014139,,ENSG00000254709,,ortholog_many2many,62.7358,61.8605
1216459,ENSCAFG00000024382,,ENSG00000169575,,ortholog_one2one,61.3333,63.4483
1216756,ENSCAFG00000014151,,ENSG00000128185,,ortholog_one2many,93.4343,84.0909
1216757,ENSCAFG00000014151,,ENSG00000278817,,ortholog_one2many,95.4545,85.9091
1216758,ENSCAFG00000014151,,ENSG00000183628,,ortholog_one2many,95.4545,85.9091
1216759,ENSCAFG00000014151,,ENSG00000283809,,ortholog_one2many,84.3434,92.7778
1216986,ENSCAFG00000014154,,ENSG00000100033,,ortholog_one2many,71.6692,78.0
1216987,ENSCAFG00000014154,,ENSG00000277196,,ortholog_one2many,71.8224,78.1667
1217281,ENSCAFG00000045006,,ENSG00000040608,,ortholog_one2one,66.5227,55.0984
1217528,ENSCAFG00000028504,,ENSG00000234409,,ortholog_one2one,75.8025,76.3682
1217609,ENSCAFG00000014172,,ENSG00000099904,,ortholog_one2one,92.4649,93.0591
1217847,ENSCAFG00000014178,,ENSG00000099901,,ortholog_one2one,94.2238,93.8849
1218022,ENSCAFG00000014190,,ENSG00000099899,,ortholog_one2one,85.7827,83.5148
1218261,ENSCAFG00000014196,,ENSG00000128191,,ortholog_one2one,96.2484,96.2484
1218505,ENSCAFG00000014212,,ENSG00000183597,,ortholog_one2one,61.399,74.7634
1218749,ENSCAFG00000014232,,ENSG00000099889,,ortholog_one2one,79.1128,88.9813
1219069,ENSCAFG00000014253,,ENSG00000093010,,ortholog_one2one,79.1822,70.5298
1219384,ENSCAFG00000014373,,ENSG00000184470,,ortholog_one2one,82.2761,84.1603
1219634,ENSCAFG00000014499,,ENSG00000185838,,ortholog_one2one,71.5493,77.6758
1219868,ENSCAFG00000029230,,ENSG00000203618,,ortholog_one2one,65.9919,79.1262
1220062,ENSCAFG00000014503,,ENSG00000184058,,ortholog_one2one,52.5424,43.0556
1220275,ENSCAFG00000014533,,ENSG00000284874,,ortholog_one2many,99.2064,99.2064
1220276,ENSCAFG00000014533,,ENSG00000184702,,ortholog_one2many,99.2064,99.2064
1220567,ENSCAFG00000042795,,ENSG00000184113,,ortholog_one2one,93.578,67.3267
1220840,ENSCAFG00000014571,,ENSG00000093009,,ortholog_one2one,92.0914,87.6254
1221089,ENSCAFG00000014596,,ENSG00000070010,,ortholog_one2one,99.6743,99.6743
1221344,ENSCAFG00000014611,,ENSG00000242259,,ortholog_one2one,79.2453,80.0
1221554,ENSCAFG00000014614,,ENSG00000185608,,ortholog_one2one,76.699,76.699
1221792,ENSCAFG00000014619,,ENSG00000100084,,ortholog_one2one,84.6364,91.5438
1222036,ENSCAFG00000014736,,ENSG00000070371,,ortholog_one2one,90.6157,92.439
1222259,ENSCAFG00000023963,,ENSG00000100075,,ortholog_one2one,63.7883,73.6334
1222586,ENSCAFG00000014804,,ENSG00000100056,,ortholog_one2one,94.3515,94.7479
1222867,ENSCAFG00000014833,,ENSG00000070413,,ortholog_one2one,89.7526,92.3636
1223276,ENSCAFG00000030432,,ENSG00000185252,,ortholog_one2one,70.1493,72.9814
1223393,ENSCAFG00000014896,,ENSG00000244486,,ortholog_one2one,76.5481,66.7049
1223581,ENSCAFG00000014906,,ENSG00000099910,,ortholog_one2many,98.265,98.265
1223582,ENSCAFG00000014906,,ENSG00000277971,,ortholog_one2many,6.62461,64.6154
1223838,ENSCAFG00000014932,,ENSG00000099917,,ortholog_one2one,93.992,89.3401
1224106,ENSCAFG00000014946,,ENSG00000163040,,ortholog_one2many,43.75,37.037
1224107,ENSCAFG00000014946,,ENSG00000152076,,ortholog_one2many,43.4375,36.5789
1224201,ENSCAFG00000014966,,ENSG00000136699,,ortholog_one2one,91.0035,91.1085
1224446,ENSCAFG00000014991,,ENSG00000173272,,ortholog_one2many,65.2778,89.2405
1224447,ENSCAFG00000014991,,ENSG00000152082,,ortholog_one2many,91.6667,90.8257
1224798,ENSCAFG00000014995,,ENSG00000187905,,ortholog_one2one,78.5714,78.5714
1224952,ENSCAFG00000015060,,ENSG00000099957,,ortholog_one2one,77.7778,69.8413
1225127,ENSCAFG00000015014,,ENSG00000099960,,ortholog_one2one,78.4929,78.7402
1225385,ENSCAFG00000015086,,ENSG00000152086,,ortholog_one2one,98.4444,98.4444
1225593,ENSCAFG00000030978,,ENSG00000184436,,ortholog_one2one,66.6667,88.6731
1225769,ENSCAFG00000015154,,ENSG00000099949,,ortholog_one2one,95.9427,95.7143
1226007,ENSCAFG00000030423,,ENSG00000183773,,ortholog_one2one,97.9275,93.719
1226240,ENSCAFG00000015188,,ENSG00000099942,,ortholog_one2one,97.3597,97.3597
1226501,ENSCAFG00000015201,,ENSG00000099940,,ortholog_one2one,87.5969,87.5969
1226751,ENSCAFG00000015248,,ENSG00000241973,,ortholog_one2one,97.3346,97.2883
1227009,ENSCAFG00000015271,,ENSG00000099937,,ortholog_one2one,77.8388,85.1703
1227267,ENSCAFG00000032493,,ENSG00000169635,,ortholog_one2one,93.6688,93.8211
1227526,ENSCAFG00000044607,,ENSG00000275793,,ortholog_one2many,69.3382,69.6766
1227527,ENSCAFG00000044607,,ENSG00000274600,,ortholog_one2many,69.0953,69.4326
1227528,ENSCAFG00000044607,,ENSG00000183246,,ortholog_one2many,69.0953,69.4326
1227715,ENSCAFG00000015284,,ENSG00000185651,,ortholog_one2one,91.0377,91.0377
1227978,ENSCAFG00000015293,,ENSG00000161179,,ortholog_one2one,85.906,39.6285
1228210,ENSCAFG00000015302,,ENSG00000161180,,ortholog_one2one,52.9524,45.3507
1228297,ENSCAFG00000015309,,ENSG00000128228,,ortholog_one2one,95.9276,95.9276
1228618,ENSCAFG00000015364,,ENSG00000100023,,ortholog_one2one,87.9541,87.2865
1228865,ENSCAFG00000015421,,ENSG00000100030,,ortholog_one2one,100.0,100.0
1229462,ENSCAFG00000015440,,ENSG00000100034,,ortholog_one2one,82.9545,80.3965
1229698,ENSCAFG00000015482,,ENSG00000100038,,ortholog_one2one,95.7077,95.7077
1230278,ENSCAFG00000015521,,ENSG00000122952,,ortholog_one2one,62.9371,64.9819
1230511,ENSCAFG00000015538,,ENSG00000150275,,ortholog_one2one,78.8847,74.261
1230819,ENSCAFG00000015550,,ENSG00000137343,,ortholog_one2many,90.1163,36.8171
1231019,ENSCAFG00000015553,,ENSG00000107984,,ortholog_one2one,68.5106,60.5263
1231179,ENSCAFG00000031979,,ENSG00000185532,,ortholog_one2one,91.3562,89.3586
1231438,ENSCAFG00000015567,,ENSG00000177613,,ortholog_one2one,85.3365,57.6299
1231553,ENSCAFG00000015581,,ENSG00000148584,,ortholog_one2one,91.3559,89.5349
1231807,ENSCAFG00000015602,,ENSG00000204147,,ortholog_one2one,16.0622,75.1515
1232055,ENSCAFG00000015628,,ENSG00000198964,,ortholog_one2one,92.9782,92.9782
1232319,ENSCAFG00000028821,,ENSG00000107789,,ortholog_one2one,91.6058,51.54
1232678,ENSCAFG00000015654,,ENSG00000198682,,ortholog_one2one,94.4353,93.2149
1232943,ENSCAFG00000015667,,ENSG00000138138,,ortholog_one2one,77.1058,98.892
1233419,ENSCAFG00000030804,,ENSG00000184719,,ortholog_one2one,55.7951,60.5263
1233668,ENSCAFG00000015682,,ENSG00000182333,,ortholog_one2one,54.0755,66.6667
1233866,ENSCAFG00000029090,,ENSG00000173239,,ortholog_one2one,41.5819,86.9976
1234266,ENSCAFG00000029297,,ENSG00000152766,,ortholog_one2one,82.7225,82.7225
1234506,ENSCAFG00000015699,,ENSG00000138134,,ortholog_one2one,80.0857,81.128
1234751,ENSCAFG00000015708,,ENSG00000107796,,ortholog_one2one,80.285,89.6552
1234950,ENSCAFG00000015712,,ENSG00000026103,,ortholog_one2one,22.3433,48.9552
1235210,ENSCAFG00000015721,,ENSG00000107798,,ortholog_one2one,62.4,78.1955
1278065,ENSCAFG00000009888,,ENSG00000015475,,ortholog_one2many,64.1026,51.8672
1283375,ENSCAFG00000010789,,ENSG00000100220,,ortholog_one2many,95.4455,95.4455
1291032,ENSCAFG00000041466,,ENSG00000118680,,ortholog_one2one,88.0239,85.4651
1294311,ENSCAFG00000044006,,ENSG00000165349,,ortholog_one2many,55.5891,59.4507
1294807,ENSCAFG00000043057,,ENSG00000111802,,ortholog_one2many,34.2175,35.6354
1295103,ENSCAFG00000016278,,ENSG00000165349,,ortholog_one2many,60.2544,61.2278
1295361,ENSCAFG00000016289,,ENSG00000165349,,ortholog_one2many,60.066,58.8045
1295618,ENSCAFG00000046456,,ENSG00000165349,,ortholog_one2many,55.5215,58.4814
1295876,ENSCAFG00000024414,,ENSG00000165349,,ortholog_one2many,67.7474,64.1357
1296320,ENSCAFG00000047093,,ENSG00000165349,,ortholog_one2many,63.3106,59.9354
1296591,ENSCAFG00000029531,,ENSG00000165349,,ortholog_one2many,61.1345,47.0113
1296852,ENSCAFG00000043546,,ENSG00000165349,,ortholog_one2many,63.0089,57.5121
1300354,ENSCAFG00000012600,,ENSG00000155368,,ortholog_one2many,68.8312,35.8108
1340245,ENSCAFG00000043201,,ENSG00000135940,,ortholog_one2many,79.845,79.845
1342022,ENSCAFG00000015743,,ENSG00000182484,,ortholog_one2many,62.5659,74.477
1344708,ENSCAFG00000025295,,ENSG00000156508,,ortholog_one2many,99.0868,93.9394
1347107,ENSCAFG00000016076,,ENSG00000177663,,ortholog_one2one,68.9376,68.9376
1347379,ENSCAFG00000025247,,ENSG00000183307,,ortholog_one2one,89.1892,34.2561
1347522,ENSCAFG00000016081,,ENSG00000069998,,ortholog_one2one,71.6263,48.9362
1347762,ENSCAFG00000049806,,ENSG00000229833,,ortholog_one2many,73.6842,76.7123
1348083,ENSCAFG00000016114,,ENSG00000093072,,ortholog_one2one,70.4854,71.0372
1348361,ENSCAFG00000016136,,ENSG00000099954,,ortholog_one2one,87.5672,76.8868
1348555,ENSCAFG00000016143,,ENSG00000182902,,ortholog_one2one,81.7391,89.5238
1348924,ENSCAFG00000016158,,ENSG00000099968,,ortholog_one2one,81.7204,74.6562
1349171,ENSCAFG00000016168,,ENSG00000015475,,ortholog_one2many,49.1289,58.5062
1349267,ENSCAFG00000016211,,ENSG00000243156,,ortholog_one2one,78.0337,88.012
1349607,ENSCAFG00000016229,,ENSG00000183785,,ortholog_one2one,56.1194,80.5139
1349928,ENSCAFG00000016252,,ENSG00000184979,,ortholog_one2many,47.5043,74.1936
1349929,ENSCAFG00000016252,,ENSG00000161133,,ortholog_one2many,43.2014,70.1117
1350352,ENSCAFG00000006544,,ENSG00000204179,,ortholog_one2one,42.1769,59.0476
1350592,ENSCAFG00000006551,,ENSG00000107643,,ortholog_one2one,97.6581,97.6581
1350912,ENSCAFG00000006568,,ENSG00000128805,,ortholog_one2one,81.7647,77.8711
1351173,ENSCAFG00000006576,,ENSG00000128815,,ortholog_one2one,84.0916,84.1709
1351518,ENSCAFG00000044924,,ENSG00000184831,,ortholog_one2many,87.8788,87.8788
1351838,ENSCAFG00000006600,,ENSG00000165383,,ortholog_one2one,84.2912,84.2912
1352245,ENSCAFG00000006604,,ENSG00000165633,,ortholog_one2one,66.9421,75.9375
1352791,ENSCAFG00000028751,,ENSG00000177354,,ortholog_one2one,73.3661,72.7526
1353027,ENSCAFG00000006619,,ENSG00000165606,,ortholog_one2one,93.9394,94.2966
1353281,ENSCAFG00000006624,,ENSG00000225830,,ortholog_one2one,83.8493,83.4561
1353635,ENSCAFG00000006630,,ENSG00000187714,,ortholog_one2one,90.1961,86.4662
1353911,ENSCAFG00000006672,,ENSG00000070748,,ortholog_one2one,89.1729,79.2781
1354212,ENSCAFG00000025514,,ENSG00000178645,,ortholog_one2one,72.043,42.6752
1354503,ENSCAFG00000006729,,ENSG00000197444,,ortholog_one2one,95.328,94.9505
1354722,ENSCAFG00000006764,,ENSG00000227345,,ortholog_one2one,91.3934,91.3934
1355011,ENSCAFG00000029477,,ENSG00000265354,,ortholog_many2many,97.6077,97.6077
1355012,ENSCAFG00000029477,,ENSG00000178440,,ortholog_many2many,79.4258,88.2979
1355013,ENSCAFG00000029477,,ENSG00000204152,,ortholog_many2many,79.4258,88.2979
1355300,ENSCAFG00000006809,,ENSG00000266412,,ortholog_one2one,82.56,79.3846
1355569,ENSCAFG00000006847,,ENSG00000099290,,ortholog_one2many,82.8829,82.3266
1355570,ENSCAFG00000006847,,ENSG00000172661,,ortholog_one2many,82.5075,81.9538
1355834,ENSCAFG00000006869,,ENSG00000172671,,ortholog_one2one,76.2162,77.5791
1356092,ENSCAFG00000006879,,ENSG00000165406,,ortholog_one2one,83.6555,83.0716
1356340,ENSCAFG00000006948,,ENSG00000012779,,ortholog_one2one,88.162,83.9763
1356587,ENSCAFG00000006967,,ENSG00000256574,,ortholog_one2one,85.3659,85.3659
1357164,ENSCAFG00000028867,,ENSG00000165512,,ortholog_one2one,94.2222,94.6429
1357559,ENSCAFG00000007010,,ENSG00000107551,,ortholog_one2one,87.8505,87.8505
1357735,ENSCAFG00000007018,,ENSG00000165507,,ortholog_one2one,66.3462,65.0943
1357844,ENSCAFG00000029040,,ENSG00000187783,,ortholog_one2one,86.5455,86.5455
1358058,ENSCAFG00000007026,,ENSG00000107562,,ortholog_one2one,60.6838,50.7143
1358364,ENSCAFG00000032307,,ENSG00000169740,,ortholog_one2one,99.6337,99.6337
1358671,ENSCAFG00000032376,,ENSG00000198298,,ortholog_one2one,78.9916,85.2608
1358707,ENSCAFG00000031910,,ENSG00000196793,,ortholog_one2one,80.2956,71.179
1358796,ENSCAFG00000007044,,ENSG00000169813,,ortholog_one2one,98.0676,97.8313
1358923,ENSCAFG00000024923,,ENSG00000150201,,ortholog_one2one,71.9101,71.9101
1359005,ENSCAFG00000007068,,ENSG00000198915,,ortholog_one2one,85.1485,87.9346
1359180,ENSCAFG00000007056,,ENSG00000169826,,ortholog_one2one,96.4945,96.4945
1359436,ENSCAFG00000007076,,ENSG00000165731,,ortholog_one2one,79.9167,86.0862
1359706,ENSCAFG00000007114,,ENSG00000165733,,ortholog_one2one,89.6659,90.0156
1359970,ENSCAFG00000007151,,ENSG00000152778,,ortholog_one2one,92.5466,92.7386
1360520,ENSCAFG00000007158,,ENSG00000152779,,ortholog_one2one,91.2245,86.6279
1361817,ENSCAFG00000043662,,ENSG00000152782,,ortholog_one2one,62.8458,26.5886
1362045,ENSCAFG00000007178,,ENSG00000138182,,ortholog_one2one,75.9259,81.0989
1362346,ENSCAFG00000007224,,ENSG00000148680,,ortholog_one2one,91.2664,87.2651
1362742,ENSCAFG00000031801,,ENSG00000148688,,ortholog_one2one,92.9104,77.3292
1362996,ENSCAFG00000007247,,ENSG00000148677,,ortholog_one2one,86.4706,92.163
1363275,ENSCAFG00000007254,,ENSG00000180628,,ortholog_one2one,81.7568,94.5312
1363545,ENSCAFG00000007266,,ENSG00000165338,,ortholog_one2one,92.5354,92.1795
1364017,ENSCAFG00000029146,,ENSG00000119938,,ortholog_one2one,90.5363,90.5363
1364514,ENSCAFG00000007302,,ENSG00000107854,,ortholog_one2one,87.766,99.0566
1364709,ENSCAFG00000007314,,ENSG00000174721,,ortholog_one2one,73.3591,73.6434
1364852,ENSCAFG00000007355,,ENSG00000095564,,ortholog_one2one,97.3205,98.2152
1365101,ENSCAFG00000007423,,ENSG00000107864,,ortholog_one2one,94.6853,96.9914
1365338,ENSCAFG00000007428,,ENSG00000198060,,ortholog_one2one,99.2806,99.2806
1365600,ENSCAFG00000007467,,ENSG00000119912,,ortholog_one2one,97.5466,97.5466
1365870,ENSCAFG00000007497,,ENSG00000138160,,ortholog_one2one,79.1855,82.8598
1366126,ENSCAFG00000007502,,ENSG00000152804,,ortholog_one2one,96.6667,96.6667
1366491,ENSCAFG00000007534,,ENSG00000138190,,ortholog_one2one,96.7621,96.6418
1367090,ENSCAFG00000007574,,ENSG00000095596,,ortholog_one2one,94.9698,94.9698
1367333,ENSCAFG00000007749,,ENSG00000138119,,ortholog_one2one,94.8083,94.8083
1367665,ENSCAFG00000007881,,ENSG00000138180,,ortholog_one2one,86.7965,86.4224
1367939,ENSCAFG00000007888,,ENSG00000186188,,ortholog_one2one,87.8116,84.0849
1368140,ENSCAFG00000007893,,ENSG00000138207,,ortholog_one2one,56.6667,93.0348
1368380,ENSCAFG00000007908,,ENSG00000095464,,ortholog_one2one,89.2308,87.8788
1368647,ENSCAFG00000007929,,ENSG00000148690,,ortholog_one2one,92.3323,91.746
1368890,ENSCAFG00000007949,,ENSG00000108231,,ortholog_one2one,99.2819,99.2819
1369076,ENSCAFG00000049918,,ENSG00000170906,,ortholog_one2many,48.8889,52.381
1369262,ENSCAFG00000007985,,ENSG00000138193,,ortholog_one2one,89.7358,90.0087
1369517,ENSCAFG00000008033,,ENSG00000173145,,ortholog_one2one,93.617,93.5
1369758,ENSCAFG00000008068,,ENSG00000108239,,ortholog_one2one,83.5651,85.2903
1370048,ENSCAFG00000008090,,ENSG00000119969,,ortholog_one2one,94.9821,89.9321
1370426,ENSCAFG00000028553,,ENSG00000107438,,ortholog_one2many,89.9054,86.6261
1370686,ENSCAFG00000008270,,ENSG00000095637,,ortholog_one2one,70.9114,84.7759
1370931,ENSCAFG00000008339,,ENSG00000059573,,ortholog_one2one,97.1069,97.1069
1371230,ENSCAFG00000008406,,ENSG00000119977,,ortholog_one2one,76.1538,79.2
1371447,ENSCAFG00000008433,,ENSG00000138185,,ortholog_one2one,76.0314,74.1379
1371724,ENSCAFG00000030388,,ENSG00000188649,,ortholog_one2one,83.5411,23.3125
1372032,ENSCAFG00000031868,,ENSG00000177853,,ortholog_one2one,84.2282,84.6258
1372196,ENSCAFG00000008477,,ENSG00000095585,,ortholog_one2one,83.0228,87.9386
1372426,ENSCAFG00000008507,,ENSG00000107447,,ortholog_one2one,85.0688,85.0688
1372669,ENSCAFG00000008530,,ENSG00000197430,,ortholog_one2one,85.2113,85.8156
1372770,ENSCAFG00000008621,,ENSG00000095587,,ortholog_one2one,90.8913,91.4286
1372943,ENSCAFG00000008738,,ENSG00000077147,,ortholog_one2one,99.3186,98.9813
1373202,ENSCAFG00000008880,,ENSG00000155629,,ortholog_one2one,88.1851,89.9379
1373476,ENSCAFG00000031956,,ENSG00000196233,,ortholog_one2one,76.4601,82.4021
1374186,ENSCAFG00000008945,,ENSG00000187122,,ortholog_one2one,94.5893,94.5893
1374487,ENSCAFG00000009016,,ENSG00000213390,,ortholog_one2many,89.8039,92.7125
1374488,ENSCAFG00000009016,,ENSG00000269891,,ortholog_one2many,89.6078,88.3946
1374775,ENSCAFG00000041744,,ENSG00000165879,,ortholog_one2one,79.9197,71.3262
1374838,ENSCAFG00000043585,,ENSG00000181274,,ortholog_one2one,61.6822,56.6524
1374907,ENSCAFG00000009043,,ENSG00000052749,,ortholog_one2one,91.0,91.2105
1375147,ENSCAFG00000009222,,ENSG00000249967,,ortholog_one2one,62.2144,78.8419
1375401,ENSCAFG00000009068,,ENSG00000171311,,ortholog_one2one,96.9231,96.9231
1375647,ENSCAFG00000009087,,ENSG00000171307,,ortholog_one2one,97.6127,97.6127
1375965,ENSCAFG00000009130,,ENSG00000155229,,ortholog_one2one,93.1001,93.0097
1376204,ENSCAFG00000009185,,ENSG00000165887,,ortholog_one2one,89.7222,89.7222
1376402,ENSCAFG00000009205,,ENSG00000241935,,ortholog_one2one,92.6606,92.6606
1376612,ENSCAFG00000025366,,ENSG00000203942,,ortholog_one2one,64.574,64.574
1376663,ENSCAFG00000009218,,ENSG00000171160,,ortholog_one2one,68.2464,98.6301
1376917,ENSCAFG00000025349,,ENSG00000119986,,ortholog_one2one,87.1622,87.7551
1377046,ENSCAFG00000009246,,ENSG00000155256,,ortholog_one2one,62.0408,73.0769
1377288,ENSCAFG00000009259,,ENSG00000120057,,ortholog_one2one,97.7654,55.205
1377519,ENSCAFG00000009262,,ENSG00000155265,,ortholog_one2one,60.8108,80.8383
1377826,ENSCAFG00000009271,,ENSG00000095713,,ortholog_one2one,86.217,88.9561
1378125,ENSCAFG00000009302,,ENSG00000166024,,ortholog_one2one,73.3503,72.9798
1378359,ENSCAFG00000009324,,ENSG00000138131,,ortholog_one2one,81.9188,88.0952
1378699,ENSCAFG00000009350,,ENSG00000119943,,ortholog_one2one,88.9655,88.8124
1378858,ENSCAFG00000009367,,ENSG00000107521,,ortholog_one2one,82.3256,75.8571
1379094,ENSCAFG00000009386,,ENSG00000172987,,ortholog_one2one,98.8176,98.8176
1379338,ENSCAFG00000009428,,ENSG00000119946,,ortholog_one2one,85.9406,91.2723
1379636,ENSCAFG00000009466,,ENSG00000120053,,ortholog_one2one,92.4939,92.4939
1379945,ENSCAFG00000009469,,ENSG00000119919,,ortholog_one2one,89.3151,89.5604
1380218,ENSCAFG00000025373,,ENSG00000155287,,ortholog_one2many,99.7253,99.7253
1380536,ENSCAFG00000009487,,ENSG00000198018,,ortholog_one2one,96.6887,96.6887
1380776,ENSCAFG00000009515,,ENSG00000014919,,ortholog_one2one,91.5254,92.1951
1381016,ENSCAFG00000009524,,ENSG00000119929,,ortholog_one2one,93.7729,93.7729
1381249,ENSCAFG00000009536,,ENSG00000023839,,ortholog_one2one,83.3549,83.301
1381372,ENSCAFG00000009561,,ENSG00000107554,,ortholog_one2one,77.5547,80.8497
1381852,ENSCAFG00000009571,,ENSG00000120054,,ortholog_one2one,81.4499,83.4061
1382088,ENSCAFG00000009576,,ENSG00000107566,,ortholog_one2one,95.4023,95.4023
1382327,ENSCAFG00000009588,,ENSG00000213341,,ortholog_one2one,97.5839,97.5839
1382635,ENSCAFG00000009624,,ENSG00000095485,,ortholog_one2one,94.041,93.8662
1382864,ENSCAFG00000029534,,ENSG00000196072,,ortholog_one2one,93.75,95.0704
1383129,ENSCAFG00000009644,,ENSG00000107593,,ortholog_one2one,82.8671,88.323
1383371,ENSCAFG00000009663,,ENSG00000099194,,ortholog_one2one,89.5775,88.5794
1383718,ENSCAFG00000009672,,ENSG00000075290,,ortholog_one2one,96.8661,96.8661
1383958,ENSCAFG00000009685,,ENSG00000075826,,ortholog_one2one,82.5572,82.6972
1384207,ENSCAFG00000009698,,ENSG00000166136,,ortholog_one2many,76.1628,70.4301
1384208,ENSCAFG00000009698,,ENSG00000255339,,ortholog_one2many,83.1395,83.1395
1384470,ENSCAFG00000009707,,ENSG00000166135,,ortholog_one2one,91.1528,97.4212
1384721,ENSCAFG00000009709,,ENSG00000075891,,ortholog_one2one,78.4543,80.3357
1385031,ENSCAFG00000009725,,ENSG00000119906,,ortholog_one2one,90.2564,89.0388
1385256,ENSCAFG00000009738,,ENSG00000095539,,ortholog_one2one,93.4524,93.1198
1385574,ENSCAFG00000009742,,ENSG00000055950,,ortholog_one2one,87.4214,53.2567
1385803,ENSCAFG00000009753,,ENSG00000107815,,ortholog_one2one,87.8655,87.8655
1386047,ENSCAFG00000009760,,ENSG00000107816,,ortholog_one2one,94.9254,95.0673
1386348,ENSCAFG00000009763,,ENSG00000186862,,ortholog_one2one,76.2257,79.7677
1386685,ENSCAFG00000009815,,ENSG00000107819,,ortholog_one2one,94.4615,94.4615
1386942,ENSCAFG00000029130,,ENSG00000107821,,ortholog_one2one,92.3588,91.4474
1387167,ENSCAFG00000009833,,ENSG00000107807,,ortholog_one2one,89.6142,91.5152
1387408,ENSCAFG00000029111,,ENSG00000138136,,ortholog_one2one,97.5089,97.5089
1387690,ENSCAFG00000009879,,ENSG00000166167,,ortholog_one2one,99.8347,99.8347
1387878,ENSCAFG00000009897,,ENSG00000166169,,ortholog_one2one,78.72,85.5652
1388138,ENSCAFG00000009904,,ENSG00000166171,,ortholog_one2one,90.6404,90.6404
1388383,ENSCAFG00000009911,,ENSG00000107829,,ortholog_one2one,85.7383,90.1235
1388624,ENSCAFG00000009918,,ENSG00000107831,,ortholog_one2one,94.5813,78.6885
1388941,ENSCAFG00000009930,,ENSG00000198408,,ortholog_one2one,87.004,95.7424
1389197,ENSCAFG00000009952,,ENSG00000120049,,ortholog_one2one,96.4912,96.4912
1389498,ENSCAFG00000009971,,ENSG00000120029,,ortholog_one2one,84.0358,95.5007
1389750,ENSCAFG00000009990,,ENSG00000166189,,ortholog_one2one,73.6983,71.2258
1389961,ENSCAFG00000010005,,ENSG00000198728,,ortholog_one2one,99.7333,90.9976
1390283,ENSCAFG00000010040,,ENSG00000148840,,ortholog_one2one,84.4164,84.3149
1390581,ENSCAFG00000010062,,ENSG00000166197,,ortholog_one2one,81.4084,81.5233
1390784,ENSCAFG00000028623,,ENSG00000119915,,ortholog_one2one,79.6296,79.6296
1390904,ENSCAFG00000031758,,ENSG00000107859,,ortholog_one2one,96.0265,96.0265
1391012,ENSCAFG00000010131,,ENSG00000107862,,ortholog_one2one,96.1885,96.0359
1391274,ENSCAFG00000010170,,ENSG00000059915,,ortholog_one2one,94.8444,95.2148
1391628,ENSCAFG00000010155,,ENSG00000077150,,ortholog_one2one,92.436,92.3333
1391797,ENSCAFG00000010176,,ENSG00000107872,,ortholog_one2one,93.3333,93.3333
1392033,ENSCAFG00000010189,,ENSG00000107874,,ortholog_one2one,71.0183,94.7735
1392256,ENSCAFG00000048372,,ENSG00000120055,,ortholog_one2one,62.1005,63.8498
1392282,ENSCAFG00000010201,,ENSG00000138111,,ortholog_one2one,72.1137,78.53
1392517,ENSCAFG00000010210,,ENSG00000138107,,ortholog_one2one,91.4358,96.5426
1392779,ENSCAFG00000010221,,ENSG00000107882,,ortholog_one2one,98.5537,98.5537
1393025,ENSCAFG00000010232,,ENSG00000171206,,ortholog_one2one,91.8919,98.7296
1393357,ENSCAFG00000010243,,ENSG00000138175,,ortholog_one2one,64.7273,97.8022
1393687,ENSCAFG00000010254,,ENSG00000156398,,ortholog_one2one,86.3636,94.4099
1393932,ENSCAFG00000010264,,ENSG00000166272,,ortholog_one2one,86.3014,86.7769
1394239,ENSCAFG00000010279,,ENSG00000148795,,ortholog_one2one,78.9784,78.9784
1394489,ENSCAFG00000029785,,ENSG00000214435,,ortholog_one2one,68.0751,77.3333
1394728,ENSCAFG00000010310,,ENSG00000148842,,ortholog_one2one,98.8571,98.8571
1394999,ENSCAFG00000010354,,ENSG00000076685,,ortholog_one2one,99.287,97.891
1395099,ENSCAFG00000010380,,ENSG00000156374,,ortholog_one2one,83.0287,90.8571
1395351,ENSCAFG00000010367,,ENSG00000148798,,ortholog_one2one,96.6,96.7936
1395880,ENSCAFG00000010393,,ENSG00000148835,,ortholog_one2one,97.1286,97.25
1396267,ENSCAFG00000010411,,ENSG00000148843,,ortholog_one2one,88.094,88.141
1396509,ENSCAFG00000010454,,ENSG00000185933,,ortholog_one2one,94.7674,94.2197
1396760,ENSCAFG00000010455,,ENSG00000183128,,ortholog_one2one,91.0145,91.2791
1396998,ENSCAFG00000010460,,ENSG00000107954,,ortholog_one2one,91.5517,92.5087
1397239,ENSCAFG00000010473,,ENSG00000107957,,ortholog_one2one,85.0044,86.0547
1397483,ENSCAFG00000010483,,ENSG00000107960,,ortholog_one2one,80.7588,80.9783
1397989,ENSCAFG00000010516,,ENSG00000065613,,ortholog_one2one,90.1771,90.6883
1398311,ENSCAFG00000010547,,ENSG00000065618,,ortholog_one2one,73.0119,77.8891
1398459,ENSCAFG00000031542,,ENSG00000156384,,ortholog_one2one,77.3663,76.7347
1398698,ENSCAFG00000010560,,ENSG00000197748,,ortholog_one2one,80.072,80.1201
1398963,ENSCAFG00000010593,,ENSG00000148834,,ortholog_one2one,49.8615,74.6888
1399267,ENSCAFG00000024905,,ENSG00000065621,,ortholog_one2one,59.6439,82.716
1399867,ENSCAFG00000010608,,ENSG00000120051,,ortholog_one2one,89.6907,89.7936
1400036,ENSCAFG00000010623,,ENSG00000156395,,ortholog_one2one,93.6982,92.4714
1400362,ENSCAFG00000024653,,ENSG00000102309,,ortholog_one2many,90.8397,76.2821
1400623,ENSCAFG00000010628,,ENSG00000108018,,ortholog_one2one,92.2751,74.6575
1400937,ENSCAFG00000010661,,ENSG00000108039,,ortholog_one2one,89.8551,93.0931
1401193,ENSCAFG00000010696,,ENSG00000148700,,ortholog_one2one,96.7422,96.7422
1401515,ENSCAFG00000010706,,ENSG00000119950,,ortholog_one2one,58.8785,64.0678
1401822,ENSCAFG00000010720,,ENSG00000119953,,ortholog_one2one,98.3402,99.5798
1402079,ENSCAFG00000030565,,ENSG00000138166,,ortholog_one2one,93.4555,92.9688
1402583,ENSCAFG00000010762,,ENSG00000108055,,ortholog_one2one,97.9491,98.1101
1402838,ENSCAFG00000010785,,ENSG00000203867,,ortholog_one2one,79.4095,83.2926
1403094,ENSCAFG00000010807,,ENSG00000150593,,ortholog_one2one,98.5075,98.5075
1403518,ENSCAFG00000010831,,ENSG00000108061,,ortholog_one2one,99.6564,99.6564
1403770,ENSCAFG00000010840,,ENSG00000150594,,ortholog_one2one,83.9416,74.1936
1404002,ENSCAFG00000044511,,ENSG00000135940,,ortholog_one2many,58.6777,55.0388
1404289,ENSCAFG00000010868,,ENSG00000119927,,ortholog_one2one,89.9093,95.7729
1404626,ENSCAFG00000010904,,ENSG00000119913,,ortholog_one2one,93.8596,93.8596
1404859,ENSCAFG00000010928,,ENSG00000197142,,ortholog_one2one,83.4553,77.1313
1405106,ENSCAFG00000010960,,ENSG00000023041,,ortholog_one2many,95.8838,95.8838
1405357,ENSCAFG00000010984,,ENSG00000151532,,ortholog_one2one,96.3134,96.3134
1405590,ENSCAFG00000011005,,ENSG00000148737,,ortholog_one2one,84.7788,77.3829
1405834,ENSCAFG00000011016,,ENSG00000148702,,ortholog_one2one,82.9443,82.5
1406110,ENSCAFG00000011103,,ENSG00000197893,,ortholog_one2one,91.8403,91.6811
1406357,ENSCAFG00000011157,,ENSG00000165806,,ortholog_one2one,80.6667,62.3711
1406617,ENSCAFG00000011169,,ENSG00000148735,,ortholog_one2one,59.0618,59.5699
1406831,ENSCAFG00000011186,,ENSG00000198924,,ortholog_one2one,73.1173,73.75
1407068,ENSCAFG00000011206,,ENSG00000196865,,ortholog_one2one,75.344,90.4959
1407301,ENSCAFG00000011219,,ENSG00000043591,,ortholog_one2one,82.9218,84.4864
1407526,ENSCAFG00000011239,,ENSG00000165813,,ortholog_one2one,90.8389,91.6481
1407767,ENSCAFG00000011266,,ENSG00000095627,,ortholog_one2one,73.2296,79.1421
1408002,ENSCAFG00000011298,,ENSG00000165816,,ortholog_one2one,71.7647,80.7947
1408233,ENSCAFG00000011348,,ENSG00000169129,,ortholog_one2one,59.8985,72.1271
1408466,ENSCAFG00000011513,,ENSG00000099204,,ortholog_one2one,91.0072,91.0072
1408784,ENSCAFG00000011633,,ENSG00000151553,,ortholog_one2one,94.6879,93.2026
1409033,ENSCAFG00000011688,,ENSG00000165832,,ortholog_one2one,92.0,92.2636
1409266,ENSCAFG00000048959,,ENSG00000125835,,ortholog_one2many,56.1224,22.9167
1409483,ENSCAFG00000011725,,ENSG00000107518,,ortholog_one2one,97.538,97.6795
1410042,ENSCAFG00000011782,,ENSG00000151892,,ortholog_one2one,94.4444,95.0538
1410361,ENSCAFG00000011803,,ENSG00000182645,,ortholog_one2one,76.4045,79.0698
1410571,ENSCAFG00000045231,,ENSG00000203837,,ortholog_one2one,79.8715,79.8715
1410815,ENSCAFG00000011815,,ENSG00000175535,,ortholog_one2one,62.3352,71.1828
1411116,ENSCAFG00000011870,,ENSG00000165863,,ortholog_one2one,68.8034,68.8034
1411230,ENSCAFG00000011876,,ENSG00000165868,,ortholog_one2one,97.1098,97.1098
1411474,ENSCAFG00000011891,,ENSG00000188316,,ortholog_one2one,80.1282,79.6178
1411715,ENSCAFG00000011908,,ENSG00000187164,,ortholog_one2one,85.8679,88.5895
1411958,ENSCAFG00000011912,,ENSG00000148704,,ortholog_one2one,99.1018,99.1018
1412176,ENSCAFG00000011918,,ENSG00000186795,,ortholog_one2one,73.3509,72.3958
1412374,ENSCAFG00000011950,,ENSG00000165646,,ortholog_one2one,71.151,92.607
1412639,ENSCAFG00000011972,,ENSG00000165650,,ortholog_one2one,89.4782,90.6413
1412884,ENSCAFG00000011987,,ENSG00000170370,,ortholog_one2one,99.6047,100.0
1413228,ENSCAFG00000011991,,ENSG00000107560,,ortholog_one2one,90.3955,90.2256
1413481,ENSCAFG00000011999,,ENSG00000165669,,ortholog_one2one,70.8029,83.2618
1413732,ENSCAFG00000012005,,ENSG00000119973,,ortholog_one2one,94.5946,94.5946
1413944,ENSCAFG00000012009,,ENSG00000151893,,ortholog_one2one,97.8723,62.3306
1414183,ENSCAFG00000025549,,ENSG00000188613,,ortholog_one2one,61.658,40.7534
1414429,ENSCAFG00000012057,,ENSG00000107581,,ortholog_one2one,96.3704,94.1389
1414679,ENSCAFG00000012090,,ENSG00000119979,,ortholog_one2one,81.4721,89.916
1414795,ENSCAFG00000012102,,ENSG00000183605,,ortholog_one2one,58.3333,56.0831
1415013,ENSCAFG00000012109,,ENSG00000165672,,ortholog_one2many,82.0144,89.0625
1415282,ENSCAFG00000012129,,ENSG00000198873,,ortholog_one2one,84.2276,87.7966
1415467,ENSCAFG00000031204,,ENSG00000148908,,ortholog_one2one,88.9503,88.9503
1415617,ENSCAFG00000012171,,ENSG00000151923,,ortholog_one2one,100.0,100.0
1415787,ENSCAFG00000012199,,ENSG00000151929,,ortholog_one2one,84.2832,84.8696
1416039,ENSCAFG00000012205,,ENSG00000198825,,ortholog_one2one,90.9329,92.1378
1416298,ENSCAFG00000012225,,ENSG00000197771,,ortholog_one2many,95.9502,95.9502
1416541,ENSCAFG00000012270,,ENSG00000107651,,ortholog_one2one,90.9453,91.4
1417140,ENSCAFG00000012318,,ENSG00000203805,,ortholog_one2one,92.9368,92.2509
1417405,ENSCAFG00000012327,,ENSG00000120008,,ortholog_one2one,96.1601,96.1601
1417658,ENSCAFG00000012374,,ENSG00000066468,,ortholog_one2one,92.5029,97.5669
1417935,ENSCAFG00000012400,,ENSG00000107669,,ortholog_one2one,81.9469,89.3822
1418209,ENSCAFG00000012419,,ENSG00000107672,,ortholog_one2one,86.9565,36.3636
1418368,ENSCAFG00000012494,,ENSG00000138162,,ortholog_one2one,67.1404,67.2999
1418606,ENSCAFG00000012534,,ENSG00000138152,,ortholog_one2one,73.913,73.913
1418733,ENSCAFG00000012547,,ENSG00000107679,,ortholog_one2one,95.0495,95.0495
1419056,ENSCAFG00000012556,,ENSG00000166033,,ortholog_one2one,82.8784,69.5833
1419292,ENSCAFG00000012561,,ENSG00000187908,,ortholog_one2one,70.1323,43.7844
1419578,ENSCAFG00000012597,,ENSG00000183559,,ortholog_one2one,55.5224,55.5224
1420051,ENSCAFG00000012609,,ENSG00000286088,,ortholog_one2many,33.7171,73.4767
1420052,ENSCAFG00000012609,,ENSG00000138161,,ortholog_one2many,76.6447,76.771
1420176,ENSCAFG00000030015,,ENSG00000213185,,ortholog_one2many,50.0,47.8723
1420177,ENSCAFG00000030015,,ENSG00000203795,,ortholog_one2many,45.5556,39.0476
1420238,ENSCAFG00000012627,,ENSG00000119965,,ortholog_one2many,70.7692,62.0225
1420504,ENSCAFG00000012637,,ENSG00000119965,,ortholog_one2many,71.6854,71.6854
1420767,ENSCAFG00000012641,,ENSG00000179988,,ortholog_one2one,72.0482,83.5196
1420999,ENSCAFG00000030765,,ENSG00000095574,,ortholog_one2one,98.568,98.568
1421248,ENSCAFG00000012674,,ENSG00000196177,,ortholog_one2one,68.677,81.713
1421504,ENSCAFG00000012698,,ENSG00000188620,,ortholog_one2one,73.4513,69.7479
1421792,ENSCAFG00000012700,,ENSG00000154473,,ortholog_one2one,83.0816,83.8415
1422055,ENSCAFG00000012699,,ENSG00000188816,,ortholog_one2one,62.2276,94.1392
1422285,ENSCAFG00000012714,,ENSG00000154478,,ortholog_one2one,55.9524,97.6261
1422577,ENSCAFG00000012718,,ENSG00000121898,,ortholog_one2one,55.3339,84.3915
1422836,ENSCAFG00000012743,,ENSG00000065154,,ortholog_one2one,92.7711,87.6993
1423378,ENSCAFG00000031292,,ENSG00000229544,,ortholog_one2one,77.7778,79.0323
1423572,ENSCAFG00000012748,,ENSG00000107902,,ortholog_one2one,46.2428,59.2593
1423985,ENSCAFG00000012752,,ENSG00000189319,,ortholog_one2one,78.8018,81.0427
1424277,ENSCAFG00000012760,,ENSG00000165660,,ortholog_one2one,95.6627,95.6627
1424538,ENSCAFG00000012755,,ENSG00000258539,,ortholog_one2many,69.2308,44.7761
1424539,ENSCAFG00000012755,,ENSG00000203791,,ortholog_one2many,68.4615,30.5842
1424792,ENSCAFG00000012768,,ENSG00000019995,,ortholog_one2one,91.9948,99.0113
1425088,ENSCAFG00000012775,,ENSG00000175029,,ortholog_one2one,84.9015,78.7817
1425332,ENSCAFG00000032753,,ENSG00000175018,,ortholog_one2one,80.6452,80.6452
1425457,ENSCAFG00000012820,,ENSG00000107938,,ortholog_one2one,95.7861,95.4766
1425707,ENSCAFG00000012857,,ENSG00000154485,,ortholog_one2one,62.614,72.4077
1425875,ENSCAFG00000012866,,ENSG00000188690,,ortholog_one2one,81.1594,76.7123
1426119,ENSCAFG00000012873,,ENSG00000107949,,ortholog_one2one,68.8889,67.3913
1426391,ENSCAFG00000012912,,ENSG00000089876,,ortholog_one2one,91.5436,91.79
1426711,ENSCAFG00000012954,,ENSG00000203780,,ortholog_one2one,86.351,89.8551
1426855,ENSCAFG00000012986,,ENSG00000148848,,ortholog_one2one,68.3303,82.8383
1427184,ENSCAFG00000013001,,ENSG00000154493,,ortholog_one2one,55.814,61.8026
1427409,ENSCAFG00000013062,,ENSG00000150760,,ortholog_one2one,96.9409,97.4549
1427685,ENSCAFG00000013123,,ENSG00000188916,,ortholog_one2one,73.4737,72.8601
1427977,ENSCAFG00000031629,,ENSG00000214285,,ortholog_one2one,77.5281,77.5281
1428107,ENSCAFG00000013126,,ENSG00000186766,,ortholog_one2one,68.125,68.5535
1428312,ENSCAFG00000013127,,ENSG00000180745,,ortholog_one2one,75.1092,76.1062
1428550,ENSCAFG00000013204,,ENSG00000132334,,ortholog_one2one,72.5225,92.0
1428892,ENSCAFG00000013255,,ENSG00000148773,,ortholog_one2one,47.1467,37.8071
1428963,ENSCAFG00000013263,,ENSG00000170430,,ortholog_one2one,61.9048,54.6218
1429199,ENSCAFG00000013267,,ENSG00000108001,,ortholog_one2one,38.5714,34.3402
1429469,ENSCAFG00000013280,,ENSG00000108010,,ortholog_one2one,93.0931,92.5373
1429735,ENSCAFG00000010878,,ENSG00000176769,,ortholog_one2one,78.7346,76.4505
1429918,ENSCAFG00000010882,,ENSG00000175470,,ortholog_one2one,96.0187,90.5077
1430159,ENSCAFG00000024645,,ENSG00000176171,,ortholog_one2one,57.6271,78.7645
1430399,ENSCAFG00000028746,,ENSG00000188385,,ortholog_one2one,88.7838,66.3636
1430566,ENSCAFG00000010962,,ENSG00000151640,,ortholog_one2one,79.4207,91.0839
1430754,ENSCAFG00000011107,,ENSG00000165752,,ortholog_one2one,90.0553,67.0782
1431002,ENSCAFG00000011123,,ENSG00000148814,,ortholog_one2one,58.349,58.6792
1431143,ENSCAFG00000042754,,ENSG00000171813,,ortholog_one2one,82.6531,27.4576
1431376,ENSCAFG00000011136,,ENSG00000068383,,ortholog_one2one,85.5814,89.3204
1431610,ENSCAFG00000029896,,ENSG00000148826,,ortholog_one2one,85.4369,95.3069
1431839,ENSCAFG00000011158,,ENSG00000171811,,ortholog_one2one,75.0782,26.5193
1432101,ENSCAFG00000013706,,ENSG00000197177,,ortholog_one2one,64.2123,29.3198
1432341,ENSCAFG00000013441,,ENSG00000151650,,ortholog_one2one,52.3256,52.3256
1432502,ENSCAFG00000013440,,ENSG00000151651,,ortholog_one2one,50.4337,49.3932
1432800,ENSCAFG00000030705,,ENSG00000130640,,ortholog_one2one,89.1862,86.0215
1433042,ENSCAFG00000013430,,ENSG00000198546,,ortholog_one2one,51.2635,54.1985
1433370,ENSCAFG00000013427,,ENSG00000130643,,ortholog_one2one,35.7683,65.4378
1433554,ENSCAFG00000042945,,ENSG00000148803,,ortholog_one2one,29.2264,66.2338
1433713,ENSCAFG00000013411,,ENSG00000127884,,ortholog_one2one,81.7869,82.069
1434227,ENSCAFG00000013342,,ENSG00000214279,,ortholog_one2one,64.557,59.591
1434349,ENSCAFG00000029927,,ENSG00000203772,,ortholog_one2one,82.9932,80.7947
1434491,ENSCAFG00000013298,,ENSG00000171772,,ortholog_one2one,75.5556,67.8063
1435411,ENSCAFG00000046680,,ENSG00000131174,,ortholog_one2many,85.0,63.75
1444391,ENSCAFG00000048484,,ENSG00000249222,,ortholog_many2many,66.9903,69.0
1454699,ENSCAFG00000007690,,ENSG00000100568,,ortholog_one2one,90.9091,81.8966
1480607,ENSCAFG00000014101,,ENSG00000165762,,ortholog_one2one,87.8981,87.8981
1480819,ENSCAFG00000028886,,ENSG00000176281,,ortholog_one2many,86.3777,86.3777
1481023,ENSCAFG00000048621,,ENSG00000155249,,ortholog_one2many,90.9968,90.9968
1481258,ENSCAFG00000007710,,ENSG00000169488,,ortholog_one2one,94.1358,87.6437
1482437,ENSCAFG00000043009,,ENSG00000176695,,ortholog_one2many,77.5701,76.3804
1482821,ENSCAFG00000032352,,ENSG00000176281,,ortholog_one2many,86.6873,86.6873
1483034,ENSCAFG00000047968,,ENSG00000155249,,ortholog_one2many,91.3183,91.3183
1484191,ENSCAFG00000025368,,ENSG00000184394,,ortholog_one2one,88.961,88.961
1484424,ENSCAFG00000042671,,ENSG00000196383,,ortholog_one2one,91.2338,91.5309
1512906,ENSCAFG00000013484,,ENSG00000132963,,ortholog_one2many,83.0882,80.1418
1528487,ENSCAFG00000002760,,ENSG00000170906,,ortholog_one2many,59.1549,50.0
1533989,ENSCAFG00000016551,,ENSG00000101132,,ortholog_one2many,94.7761,94.7761
1566186,ENSCAFG00000049897,,ENSG00000104903,,ortholog_one2many,36.8889,29.6429
1574153,ENSCAFG00000000045,,ENSG00000168763,,ortholog_one2many,72.6519,37.1994
1576868,ENSCAFG00000031268,,ENSG00000198612,,ortholog_one2many,68.8119,66.5072
1577599,ENSCAFG00000007869,,ENSG00000152234,,ortholog_one2many,52.9524,50.2712
1582946,ENSCAFG00000008458,,ENSG00000155287,,ortholog_one2many,85.2941,15.9341
1587008,ENSCAFG00000008721,,ENSG00000170899,,ortholog_one2many,90.991,90.991
1626433,ENSCAFG00000008666,,ENSG00000063177,,ortholog_one2one,85.0394,56.8421
1634818,ENSCAFG00000042755,,ENSG00000118640,,ortholog_one2many,82.243,88.0
1644871,ENSCAFG00000029213,,ENSG00000100129,,ortholog_one2many,97.8261,74.1351
1655924,ENSCAFG00000010861,,ENSG00000168385,,ortholog_one2one,74.5098,19.1919
1664560,ENSCAFG00000030091,,ENSG00000170906,,ortholog_one2many,63.8889,54.7619
1666530,ENSCAFG00000011847,,ENSG00000177426,,ortholog_one2many,83.5165,26.5734
1667172,ENSCAFG00000043360,,ENSG00000102309,,ortholog_one2many,77.7778,80.7692
1668505,ENSCAFG00000045571,,ENSG00000134308,,ortholog_one2many,71.7742,36.3265
1668795,ENSCAFG00000012283,,ENSG00000100519,,ortholog_one2many,100.0,90.5707
1679812,ENSCAFG00000009164,,ENSG00000170899,,ortholog_one2many,90.1786,45.4955
1687279,ENSCAFG00000025525,,ENSG00000124562,,ortholog_one2many,76.7296,67.7778
1693058,ENSCAFG00000032420,,ENSG00000179933,,ortholog_one2one,82.3944,83.5714
1731064,ENSCAFG00000002070,,ENSG00000105058,,ortholog_one2many,84.5455,83.0357
1737853,ENSCAFG00000011068,,ENSG00000053254,,ortholog_one2many,93.1478,88.7755
1761360,ENSCAFG00000045488,,ENSG00000077721,,ortholog_one2many,90.1235,48.0263
1763945,ENSCAFG00000046138,,ENSG00000185792,,ortholog_one2many,63.2787,19.4753
1765670,ENSCAFG00000042980,,ENSG00000218739,,ortholog_one2many,64.3836,58.75
1769702,ENSCAFG00000024887,,ENSG00000125870,,ortholog_one2many,99.4382,78.6667
1770000,ENSCAFG00000014952,,ENSG00000101365,,ortholog_one2many,58.4699,55.2972
1773551,ENSCAFG00000047783,,ENSG00000135624,,ortholog_one2many,96.7557,93.3702
1775200,ENSCAFG00000030984,,ENSG00000112679,,ortholog_one2one,85.7843,85.3659
1775495,ENSCAFG00000009156,,ENSG00000137265,,ortholog_one2one,95.3271,90.4656
1775763,ENSCAFG00000009173,,ENSG00000112685,,ortholog_one2one,95.5628,95.5628
1776009,ENSCAFG00000009195,,ENSG00000137273,,ortholog_one2one,84.6154,81.7568
1776789,ENSCAFG00000009212,,ENSG00000112699,,ortholog_one2one,82.8571,77.957
1777042,ENSCAFG00000024882,,ENSG00000145949,,ortholog_one2one,49.711,88.6598
1777353,ENSCAFG00000009238,,ENSG00000124535,,ortholog_one2one,97.5281,65.2632
1777586,ENSCAFG00000009276,,ENSG00000021355,,ortholog_one2one,76.9841,76.781
1777925,ENSCAFG00000030335,,ENSG00000170542,,ortholog_one2one,65.2582,73.9362
1778111,ENSCAFG00000025512,,ENSG00000124570,,ortholog_one2one,76.781,73.6709
1778304,ENSCAFG00000009321,,ENSG00000137275,,ortholog_one2one,77.5785,77.3472
1778551,ENSCAFG00000009314,,ENSG00000124588,,ortholog_one2one,83.7004,82.2511
1779133,ENSCAFG00000009326,,ENSG00000137274,,ortholog_one2one,75.4839,80.4124
1779384,ENSCAFG00000042390,,ENSG00000137267,,ortholog_one2one,99.3007,95.7303
1779625,ENSCAFG00000009337,,ENSG00000137285,,ortholog_one2one,99.3304,100.0
1779881,ENSCAFG00000031526,,ENSG00000180822,,ortholog_one2one,86.4865,59.2593
1780026,ENSCAFG00000009344,,ENSG00000137266,,ortholog_one2one,96.5432,56.3401
1780350,ENSCAFG00000030847,,ENSG00000168994,,ortholog_one2one,86.5385,77.9221
1780628,ENSCAFG00000009353,,ENSG00000100764,,ortholog_one2many,89.5216,89.3182
1781314,ENSCAFG00000009381,,ENSG00000112739,,ortholog_one2one,95.7115,97.5174
1781588,ENSCAFG00000009392,,ENSG00000145975,,ortholog_one2one,73.913,68.8474
1781802,ENSCAFG00000032568,,ENSG00000185689,,ortholog_one2one,17.6322,50.0
1781898,ENSCAFG00000009409,,ENSG00000198721,,ortholog_one2one,79.8928,75.6345
1782175,ENSCAFG00000009417,,ENSG00000153046,,ortholog_one2one,94.5326,89.6321
1782428,ENSCAFG00000009435,,ENSG00000124787,,ortholog_one2one,58.7398,79.6143
1782671,ENSCAFG00000009483,,ENSG00000145982,,ortholog_one2one,79.8715,82.7051
1782921,ENSCAFG00000009491,,ENSG00000124785,,ortholog_one2one,88.0282,74.4048
1783167,ENSCAFG00000009509,,ENSG00000124491,,ortholog_one2one,78.0856,84.6995
1783415,ENSCAFG00000009516,,ENSG00000112799,,ortholog_one2one,40.0,53.0864
1783585,ENSCAFG00000009527,,ENSG00000124782,,ortholog_one2one,81.0297,83.1228
1783839,ENSCAFG00000009533,,ENSG00000124783,,ortholog_one2one,90.9091,93.9597
1784120,ENSCAFG00000009556,,ENSG00000164304,,ortholog_one2one,58.3441,53.7545
1784224,ENSCAFG00000009563,,ENSG00000124784,,ortholog_one2one,88.9279,89.0845
1784572,ENSCAFG00000009570,,ENSG00000096696,,ortholog_one2one,95.9649,76.2104
1784891,ENSCAFG00000009574,,ENSG00000168566,,ortholog_one2one,90.8824,91.1504
1785131,ENSCAFG00000032289,,ENSG00000153162,,ortholog_one2one,87.1642,56.9201
1785391,ENSCAFG00000009582,,ENSG00000239264,,ortholog_one2one,88.5449,66.2037
1785645,ENSCAFG00000028486,,ENSG00000259040,,ortholog_one2many,52.9954,84.5588
1785646,ENSCAFG00000028486,,ENSG00000188428,,ortholog_one2many,76.4977,88.7701
1785878,ENSCAFG00000009583,,ENSG00000124802,,ortholog_one2many,86.0104,95.4023
1785879,ENSCAFG00000009583,,ENSG00000265818,,ortholog_one2many,66.3212,84.7682
1786491,ENSCAFG00000009603,,ENSG00000124786,,ortholog_one2one,81.0154,91.5212
1787118,ENSCAFG00000009658,,ENSG00000137203,,ortholog_one2one,94.7964,95.4442
1787353,ENSCAFG00000009680,,ENSG00000111846,,ortholog_one2one,55.8704,68.6567
1787560,ENSCAFG00000030234,,ENSG00000137434,,ortholog_one2one,63.9456,61.8421
1787616,ENSCAFG00000009688,,ENSG00000111845,,ortholog_one2one,79.3269,84.1837
1787863,ENSCAFG00000009692,,ENSG00000111843,,ortholog_one2many,85.9649,87.5
1788230,ENSCAFG00000009740,,ENSG00000111837,,ortholog_one2one,91.6667,91.6667
1788506,ENSCAFG00000009747,,ENSG00000124827,,ortholog_one2one,80.83,80.83
1788743,ENSCAFG00000009748,,ENSG00000153157,,ortholog_one2one,63.8418,55.665
1788883,ENSCAFG00000009756,,ENSG00000197977,,ortholog_one2one,84.0841,94.5946
1789073,ENSCAFG00000009773,,ENSG00000111859,,ortholog_one2one,85.7143,89.2086
1789317,ENSCAFG00000029352,,ENSG00000205269,,ortholog_one2one,64.8515,99.2424
1789553,ENSCAFG00000009785,,ENSG00000111863,,ortholog_one2one,60.9155,69.7581
1789792,ENSCAFG00000009791,,ENSG00000095951,,ortholog_one2one,79.7876,80.1692
1790035,ENSCAFG00000009794,,ENSG00000078401,,ortholog_one2one,73.7624,70.283
1790303,ENSCAFG00000009809,,ENSG00000112137,,ortholog_one2one,91.0494,97.0395
1790653,ENSCAFG00000009827,,ENSG00000145979,,ortholog_one2one,93.1741,93.1741
1790891,ENSCAFG00000009832,,ENSG00000145990,,ortholog_one2one,95.8188,70.5128
1791129,ENSCAFG00000009838,,ENSG00000124523,,ortholog_one2one,61.3909,82.5806
1791438,ENSCAFG00000009853,,ENSG00000010017,,ortholog_one2one,98.5866,76.5432
1791691,ENSCAFG00000009857,,ENSG00000050393,,ortholog_one2many,66.8874,56.2674
1792199,ENSCAFG00000028456,,ENSG00000112149,,ortholog_one2one,58.952,65.8537
1792583,ENSCAFG00000045543,,ENSG00000105011,,ortholog_one2many,95.0704,66.8317
1792853,ENSCAFG00000009885,,ENSG00000008083,,ortholog_one2one,89.1851,93.9807
1793109,ENSCAFG00000009893,,ENSG00000047579,,ortholog_one2one,80.3519,78.0627
1793425,ENSCAFG00000009903,,ENSG00000007944,,ortholog_one2one,94.7991,90.1124
1793690,ENSCAFG00000009920,,ENSG00000137198,,ortholog_one2one,95.3623,95.3623
1793941,ENSCAFG00000009934,,ENSG00000124788,,ortholog_one2one,84.78,87.4847
1794315,ENSCAFG00000009941,,ENSG00000230873,,ortholog_one2one,46.6851,61.2319
1794426,ENSCAFG00000009977,,ENSG00000112186,,ortholog_one2one,89.7275,89.7275
1794898,ENSCAFG00000029590,,ENSG00000137414,,ortholog_one2one,82.1429,77.9661
1795195,ENSCAFG00000010146,,ENSG00000124789,,ortholog_one2one,86.8065,85.1926
1795431,ENSCAFG00000010101,,ENSG00000137177,,ortholog_one2one,94.245,89.6477
1795689,ENSCAFG00000010151,,ENSG00000187566,,ortholog_one2one,87.8947,84.557
1795885,ENSCAFG00000010177,,ENSG00000165097,,ortholog_one2one,89.7347,94.5322
1796172,ENSCAFG00000010160,,ENSG00000137364,,ortholog_one2one,81.2245,81.2245
1796452,ENSCAFG00000010184,,ENSG00000124795,,ortholog_one2many,95.6395,86.5789
1796714,ENSCAFG00000010192,,ENSG00000137393,,ortholog_one2one,78.6834,82.8383
1796960,ENSCAFG00000010202,,ENSG00000126267,,ortholog_one2many,69.7674,69.7674
1797092,ENSCAFG00000010205,,ENSG00000172201,,ortholog_one2one,52.2321,72.6708
1797296,ENSCAFG00000010211,,ENSG00000172197,,ortholog_one2one,77.5652,90.101
1797548,ENSCAFG00000031036,,ENSG00000112242,,ortholog_one2one,97.6471,71.3979
1798033,ENSCAFG00000010226,,ENSG00000145996,,ortholog_one2one,91.8685,91.7098
1798287,ENSCAFG00000024883,,ENSG00000124766,,ortholog_one2one,92.7326,67.2996
1798601,ENSCAFG00000010247,,ENSG00000172179,,ortholog_one2one,79.0393,79.386
1799246,ENSCAFG00000045729,,ENSG00000112273,,ortholog_one2one,47.0149,25.0996
1799510,ENSCAFG00000028566,,ENSG00000152954,,ortholog_one2one,85.1282,85.1282
1799815,ENSCAFG00000010260,,ENSG00000146038,,ortholog_one2one,86.7679,84.0336
1800044,ENSCAFG00000010268,,ENSG00000124532,,ortholog_one2one,71.6749,65.2466
1800286,ENSCAFG00000010284,,ENSG00000112293,,ortholog_one2one,82.4228,82.619
1800454,ENSCAFG00000010366,,ENSG00000112294,,ortholog_one2one,78.8584,68.0657
1800707,ENSCAFG00000010398,,ENSG00000137261,,ortholog_one2one,75.1169,74.9067
1800952,ENSCAFG00000010428,,ENSG00000111802,,ortholog_one2many,82.4242,75.1381
1801254,ENSCAFG00000010436,,ENSG00000112304,,ortholog_one2one,69.8718,77.8571
1801492,ENSCAFG00000010417,,ENSG00000112308,,ortholog_one2one,99.1266,99.1266
1801731,ENSCAFG00000010440,,ENSG00000112312,,ortholog_one2one,76.1905,76.555
1801972,ENSCAFG00000029726,,ENSG00000260286,,ortholog_one2one,67.9654,68.2609
1802079,ENSCAFG00000010457,,ENSG00000111913,,ortholog_one2one,87.6173,87.4532
1802498,ENSCAFG00000010536,,ENSG00000079691,,ortholog_one2one,89.6022,93.6543
1802794,ENSCAFG00000010559,,ENSG00000079689,,ortholog_one2one,85.5072,85.5072
1803088,ENSCAFG00000024315,,ENSG00000164508,,ortholog_one2one,93.8931,93.8931
1803277,ENSCAFG00000029445,,ENSG00000146047,,ortholog_one2one,90.5512,90.5512
1803475,ENSCAFG00000010583,,ENSG00000146039,,ortholog_one2one,63.8554,53.3199
1803899,ENSCAFG00000010606,,ENSG00000124568,,ortholog_one2one,69.2308,69.379
1804288,ENSCAFG00000024892,,ENSG00000124564,,ortholog_one2one,70.5882,69.8795
1804681,ENSCAFG00000010641,,ENSG00000112337,,ortholog_one2one,88.4937,88.4937
1805121,ENSCAFG00000025396,,ENSG00000182077,,ortholog_one2many,54.0598,26.5199
1805474,ENSCAFG00000025380,,ENSG00000112343,,ortholog_one2one,71.4286,70.9677
1805614,ENSCAFG00000042995,,ENSG00000278828,,ortholog_one2one,100.0,100.0
1806093,ENSCAFG00000046600,,ENSG00000276410,,ortholog_one2one,28.9655,100.0
1806284,ENSCAFG00000010925,,ENSG00000010704,,ortholog_one2one,53.7698,77.8736
1806407,ENSCAFG00000010932,,ENSG00000187475,,ortholog_one2one,48.2993,68.599
1807711,ENSCAFG00000044027,,ENSG00000180596,,ortholog_one2many,100.0,100.0
1807775,ENSCAFG00000031860,,ENSG00000180573,,ortholog_one2one,100.0,100.0
1807844,ENSCAFG00000024295,,ENSG00000187837,,ortholog_one2many,77.8846,76.0563
1807939,ENSCAFG00000030825,,ENSG00000276180,,ortholog_one2many,100.0,100.0
1808711,ENSCAFG00000031940,,ENSG00000276180,,ortholog_one2many,100.0,100.0
1809895,ENSCAFG00000010923,,ENSG00000187837,,ortholog_one2many,83.8863,83.0986
1810195,ENSCAFG00000024275,,ENSG00000275663,,ortholog_one2one,82.6087,77.551
1810337,ENSCAFG00000043815,,ENSG00000277775,,ortholog_one2one,100.0,100.0
1810473,ENSCAFG00000045750,,ENSG00000275379,,ortholog_one2one,100.0,100.0
1810588,ENSCAFG00000042028,,ENSG00000273703,,ortholog_one2one,95.2381,95.2381
1811022,ENSCAFG00000010849,,ENSG00000124508,,ortholog_one2one,70.019,70.5545
1811120,ENSCAFG00000030822,,ENSG00000269526,,ortholog_one2many,41.6107,38.9937
1811121,ENSCAFG00000030822,,ENSG00000268964,,ortholog_one2many,41.8345,34.9533
1811163,ENSCAFG00000025038,,ENSG00000124557,,ortholog_one2one,80.0766,79.4677
1811773,ENSCAFG00000041191,,ENSG00000182952,,ortholog_one2one,59.6774,82.2222
1811856,ENSCAFG00000029249,,ENSG00000146109,,ortholog_one2one,76.9481,87.1324
1812066,ENSCAFG00000030701,,ENSG00000181315,,ortholog_one2one,93.5323,93.5323
1812186,ENSCAFG00000010990,,ENSG00000100902,,ortholog_one2many,89.6552,51.5873
1813567,ENSCAFG00000011100,,ENSG00000112812,,ortholog_one2one,79.6371,76.8483
1813780,ENSCAFG00000043063,,ENSG00000163170,,ortholog_one2many,54.3689,52.3364
1814016,ENSCAFG00000011235,,ENSG00000096654,,ortholog_one2one,85.5215,92.8096
1814092,ENSCAFG00000045051,,ENSG00000180596,,ortholog_one2many,100.0,100.0
1814165,ENSCAFG00000029759,,ENSG00000278677,,ortholog_one2one,100.0,100.0
1814263,ENSCAFG00000048378,,ENSG00000197409,,ortholog_one2one,100.0,100.0
1814345,ENSCAFG00000029078,,ENSG00000274997,,ortholog_one2one,100.0,100.0
1814432,ENSCAFG00000044000,,ENSG00000180596,,ortholog_one2many,100.0,100.0
1815333,ENSCAFG00000042780,,ENSG00000197903,,ortholog_one2one,100.0,100.0
1815482,ENSCAFG00000043597,,ENSG00000184357,,ortholog_one2one,94.2478,94.2478
1815983,ENSCAFG00000045512,,ENSG00000275714,,ortholog_one2one,100.0,100.0
1816085,ENSCAFG00000043731,,ENSG00000277224,,ortholog_one2one,100.0,100.0
1816205,ENSCAFG00000011444,,ENSG00000168131,,ortholog_one2many,87.8594,77.0308
1816206,ENSCAFG00000011444,,ENSG00000124657,,ortholog_one2many,82.1086,82.1086
1816985,ENSCAFG00000046612,,ENSG00000197279,,ortholog_one2one,67.4157,49.4845
1817050,ENSCAFG00000032617,,ENSG00000196812,,ortholog_one2one,82.1839,82.1839
1817123,ENSCAFG00000011536,,ENSG00000198315,,ortholog_one2one,93.7608,93.5986
1817228,ENSCAFG00000025091,,ENSG00000187626,,ortholog_one2many,74.4991,75.0459
1817358,ENSCAFG00000025009,,ENSG00000197062,,ortholog_one2one,41.6481,78.0793
1817454,ENSCAFG00000011937,,ENSG00000137338,,ortholog_one2one,78.6685,71.5698
1817536,ENSCAFG00000032133,,ENSG00000235109,,ortholog_one2one,70.6546,77.0936
1817609,ENSCAFG00000024969,,ENSG00000187626,,ortholog_one2many,67.5045,68.9908
1817743,ENSCAFG00000024901,,ENSG00000158691,,ortholog_one2one,75.0411,75.6623
1817829,ENSCAFG00000024985,,ENSG00000187987,,ortholog_one2one,71.0526,76.3496
1817916,ENSCAFG00000017960,,ENSG00000198704,,ortholog_one2one,80.9091,80.543
1818037,ENSCAFG00000011947,,ENSG00000224586,,ortholog_many2many,77.3756,77.3756
1818396,ENSCAFG00000011719,,ENSG00000232040,,ortholog_one2one,84.5516,84.6792
1819165,ENSCAFG00000012020,,ENSG00000204713,,ortholog_one2one,98.0519,88.3041
1819387,ENSCAFG00000012078,,ENSG00000197935,,ortholog_one2one,58.3333,53.6036
1819878,ENSCAFG00000012133,,ENSG00000204704,,ortholog_one2one,83.3866,81.5625
1820073,ENSCAFG00000031439,,ENSG00000204695,,ortholog_one2many,82.5545,82.5545
1820292,ENSCAFG00000012152,,ENSG00000204681,,ortholog_one2one,98.2916,89.8023
1820597,ENSCAFG00000012177,,ENSG00000204655,,ortholog_one2one,85.7143,71.1864
1820930,ENSCAFG00000023815,,ENSG00000204644,,ortholog_one2one,58.5714,45.8955
1821085,ENSCAFG00000012186,,ENSG00000066379,,ortholog_one2one,44.7115,73.8095
1821280,ENSCAFG00000012189,,ENSG00000204619,,ortholog_one2one,96.0317,96.0317
1821478,ENSCAFG00000012193,,ENSG00000204618,,ortholog_one2one,77.6978,77.1429
1821601,ENSCAFG00000012200,,ENSG00000204613,,ortholog_one2one,82.2176,81.7048
1822190,ENSCAFG00000009140,,ENSG00000144278,,ortholog_one2one,98.0392,98.0392
1822454,ENSCAFG00000009183,,ENSG00000162989,,ortholog_one2one,99.4012,99.4012
1822719,ENSCAFG00000009209,,ENSG00000153234,,ortholog_one2one,99.8328,99.8328
1823050,ENSCAFG00000009231,,ENSG00000115159,,ortholog_one2one,94.3899,92.5722
1823643,ENSCAFG00000009254,,ENSG00000136542,,ortholog_one2one,79.4436,54.6809
1823920,ENSCAFG00000031120,,ENSG00000136541,,ortholog_one2one,77.7385,74.0741
1824197,ENSCAFG00000009258,,ENSG00000115165,,ortholog_one2one,60.7929,76.8802
1824431,ENSCAFG00000009269,,ENSG00000123612,,ortholog_one2one,92.7195,87.8296
1824688,ENSCAFG00000009287,,ENSG00000115170,,ortholog_one2one,99.2141,99.2141
1824903,ENSCAFG00000009318,,ENSG00000153237,,ortholog_one2one,83.5275,83.6667
1825124,ENSCAFG00000009361,,ENSG00000144283,,ortholog_one2one,95.4992,96.606
1825656,ENSCAFG00000009370,,ENSG00000115183,,ortholog_one2one,69.0052,64.4815
1825906,ENSCAFG00000009375,,ENSG00000196151,,ortholog_one2one,71.7352,84.2437
1826198,ENSCAFG00000009433,,ENSG00000123636,,ortholog_one2one,94.0406,96.0793
1826698,ENSCAFG00000009464,,ENSG00000136536,,ortholog_one2one,91.1017,91.6193
1827076,ENSCAFG00000023972,,ENSG00000248672,,ortholog_one2many,79.8027,73.4116
1827077,ENSCAFG00000023972,,ENSG00000054219,,ortholog_one2many,81.1956,81.2427
1827325,ENSCAFG00000009598,,ENSG00000153246,,ortholog_one2one,85.3574,84.0738
1827565,ENSCAFG00000009877,,ENSG00000115221,,ortholog_one2one,85.5682,95.5584
1827823,ENSCAFG00000009922,,ENSG00000153250,,ortholog_one2one,88.3991,93.8424
1828136,ENSCAFG00000009943,,ENSG00000136560,,ortholog_one2one,72.2986,86.5882
1828585,ENSCAFG00000009963,,ENSG00000115233,,ortholog_one2one,98.7013,98.0645
1828843,ENSCAFG00000009984,,ENSG00000136535,,ortholog_one2one,99.2669,99.2669
1829110,ENSCAFG00000010242,,ENSG00000144290,,ortholog_one2one,97.6232,99.195
1829435,ENSCAFG00000025002,,ENSG00000197635,,ortholog_one2one,88.9344,84.9869
1829761,ENSCAFG00000010414,,ENSG00000115263,,ortholog_one2one,93.8889,93.8889
1830076,ENSCAFG00000010387,,ENSG00000078098,,ortholog_one2one,93.4211,93.4211
1830249,ENSCAFG00000010498,,ENSG00000184611,,ortholog_one2one,80.0167,80.3512
1830565,ENSCAFG00000010470,,ENSG00000115271,,ortholog_one2one,70.9957,75.576
1831047,ENSCAFG00000010526,,ENSG00000182263,,ortholog_one2one,80.0866,73.1225
1831355,ENSCAFG00000010563,,ENSG00000115290,,ortholog_one2many,98.1481,29.4444
1831621,ENSCAFG00000041682,,ENSG00000115290,,ortholog_one2many,92.0,38.3333
1831888,ENSCAFG00000010630,,ENSG00000082438,,ortholog_one2one,73.6542,73.236
1832200,ENSCAFG00000010662,,ENSG00000169507,,ortholog_one2one,85.4118,83.0664
1832449,ENSCAFG00000010864,,ENSG00000153253,,ortholog_one2one,97.6476,97.55
1832712,ENSCAFG00000011130,,ENSG00000136531,,ortholog_one2one,98.654,98.7032
1832917,ENSCAFG00000032100,,ENSG00000178662,,ortholog_one2one,88.5609,38.8979
1833233,ENSCAFG00000011188,,ENSG00000115339,,ortholog_one2one,93.4985,95.4186
1833497,ENSCAFG00000011592,,ENSG00000123607,,ortholog_one2one,90.0456,90.0456
1833745,ENSCAFG00000005058,,ENSG00000144285,,ortholog_one2one,94.2724,90.9408
1833943,ENSCAFG00000043064,,ENSG00000218739,,ortholog_one2many,75.0,75.0
1834152,ENSCAFG00000011438,,ENSG00000169432,,ortholog_one2one,94.4109,94.3159
1834276,ENSCAFG00000011648,,ENSG00000136546,,ortholog_one2one,80.0835,79.8454
1834582,ENSCAFG00000011682,,ENSG00000163092,,ortholog_one2one,75.1747,64.4775
1834865,ENSCAFG00000011709,,ENSG00000172318,,ortholog_one2one,99.6933,99.6933
1835107,ENSCAFG00000011768,,ENSG00000198648,,ortholog_one2one,86.1261,87.7064
1835376,ENSCAFG00000011826,,ENSG00000172292,,ortholog_one2one,95.8974,95.4082
1835628,ENSCAFG00000011834,,ENSG00000163072,,ortholog_one2one,72.8302,68.5613
1835813,ENSCAFG00000011859,,ENSG00000152253,,ortholog_one2one,56.9395,71.4286
1836058,ENSCAFG00000011872,,ENSG00000152254,,ortholog_one2one,89.0449,89.2958
1836264,ENSCAFG00000011980,,ENSG00000073734,,ortholog_one2one,89.434,89.7048
1836519,ENSCAFG00000012028,,ENSG00000073737,,ortholog_one2one,77.1654,77.5726
1836817,ENSCAFG00000012128,,ENSG00000081479,,ortholog_one2one,79.268,79.0977
1837089,ENSCAFG00000012275,,ENSG00000102390,,ortholog_one2many,61.6438,57.9399
1837340,ENSCAFG00000041315,,ENSG00000251569,,ortholog_one2many,91.4956,57.3529
1837341,ENSCAFG00000041315,,ENSG00000163093,,ortholog_one2many,97.654,97.654
1837578,ENSCAFG00000012305,,ENSG00000239474,,ortholog_one2one,97.8548,97.8548
1837907,ENSCAFG00000012344,,ENSG00000138399,,ortholog_one2one,75.601,74.2621
1838145,ENSCAFG00000012372,,ENSG00000138398,,ortholog_one2one,95.4847,95.3581
1838389,ENSCAFG00000012387,,ENSG00000154479,,ortholog_one2one,87.5676,88.0435
1838486,ENSCAFG00000025088,,ENSG00000144362,,ortholog_one2one,88.3817,88.3817
1838705,ENSCAFG00000025086,,ENSG00000213160,,ortholog_one2one,98.5663,98.5663
1839186,ENSCAFG00000012418,,ENSG00000138385,,ortholog_one2one,94.335,93.8726
1839458,ENSCAFG00000012438,,ENSG00000138382,,ortholog_one2one,90.9091,77.8689
1839717,ENSCAFG00000012456,,ENSG00000144357,,ortholog_one2one,97.5395,88.1886
1839976,ENSCAFG00000012487,,ENSG00000071909,,ortholog_one2one,90.9836,91.0515
1840449,ENSCAFG00000012550,,ENSG00000204335,,ortholog_one2one,97.7387,97.7387
1840670,ENSCAFG00000029641,,ENSG00000204334,,ortholog_one2one,51.3393,73.7179
1840798,ENSCAFG00000012560,,ENSG00000128683,,ortholog_one2one,92.1008,92.2559
1841131,ENSCAFG00000012612,,ENSG00000115806,,ortholog_one2one,89.7603,91.1504
1841444,ENSCAFG00000012521,,ENSG00000198586,,ortholog_one2one,99.4778,96.8234
1841767,ENSCAFG00000012636,,ENSG00000123600,,ortholog_one2one,82.3671,83.7838
1841992,ENSCAFG00000012660,,ENSG00000115827,,ortholog_one2one,89.2193,92.3077
1842236,ENSCAFG00000012667,,ENSG00000071967,,ortholog_one2one,76.1566,74.8252
1842475,ENSCAFG00000012696,,ENSG00000077380,,ortholog_one2one,87.9501,99.5298
1842797,ENSCAFG00000012805,,ENSG00000115840,,ortholog_one2one,88.2195,97.1976
1843315,ENSCAFG00000012890,,ENSG00000128708,,ortholog_one2one,98.3294,98.3294
1843561,ENSCAFG00000012917,,ENSG00000172878,,ortholog_one2one,70.2882,94.6269
1843807,ENSCAFG00000012946,,ENSG00000115844,,ortholog_one2one,93.1138,94.8171
1844048,ENSCAFG00000012935,,ENSG00000144355,,ortholog_one2one,69.434,72.1569
1844286,ENSCAFG00000013006,,ENSG00000091409,,ortholog_one2one,92.7434,92.7434
1844680,ENSCAFG00000013060,,ENSG00000152256,,ortholog_one2one,86.8421,79.6053
1844931,ENSCAFG00000013096,,ENSG00000091428,,ortholog_one2one,87.8885,81.1078
1845211,ENSCAFG00000013158,,ENSG00000144354,,ortholog_one2many,90.3153,89.1111
1845474,ENSCAFG00000013169,,ENSG00000172845,,ortholog_one2one,98.1844,90.0128
1845809,ENSCAFG00000013178,,ENSG00000138430,,ortholog_one2one,85.9524,86.7788
1846158,ENSCAFG00000013183,,ENSG00000217236,,ortholog_one2one,100.0,63.843
1846374,ENSCAFG00000042181,,ENSG00000138433,,ortholog_one2one,83.5789,88.2222
1846619,ENSCAFG00000013239,,ENSG00000144306,,ortholog_one2one,90.7583,90.3302
1846862,ENSCAFG00000013254,,ENSG00000163328,,ortholog_one2one,93.901,93.7931
1847179,ENSCAFG00000013271,,ENSG00000115935,,ortholog_one2one,89.4118,89.4118
1847393,ENSCAFG00000013283,,ENSG00000138435,,ortholog_one2one,94.5833,94.1909
1847698,ENSCAFG00000029660,,ENSG00000128656,,ortholog_one2one,98.0176,96.9499
1847958,ENSCAFG00000013332,,ENSG00000115966,,ortholog_one2one,99.4059,99.4059
1848222,ENSCAFG00000013366,,ENSG00000154518,,ortholog_one2many,84.2767,94.3662
1848449,ENSCAFG00000013390,,ENSG00000144320,,ortholog_one2one,89.9767,84.0959
1848753,ENSCAFG00000013402,,ENSG00000174279,,ortholog_one2one,95.7983,95.7983
1848975,ENSCAFG00000013429,,ENSG00000170178,,ortholog_one2one,91.1111,91.1111
1849209,ENSCAFG00000013436,,ENSG00000128713,,ortholog_one2one,96.1765,96.7456
1849441,ENSCAFG00000013447,,ENSG00000128710,,ortholog_one2one,82.9268,100.0
1849688,ENSCAFG00000044287,,ENSG00000128709,,ortholog_one2one,94.2529,23.2955
1849938,ENSCAFG00000013452,,ENSG00000170166,,ortholog_one2one,56.4854,52.9412
1850185,ENSCAFG00000013464,,ENSG00000128652,,ortholog_one2one,97.4478,97.2222
1850427,ENSCAFG00000031345,,ENSG00000128645,,ortholog_one2one,51.5873,39.6341
1850570,ENSCAFG00000013416,,ENSG00000128654,,ortholog_one2one,64.9123,84.4106
1850816,ENSCAFG00000013497,,ENSG00000170144,,ortholog_one2one,94.709,90.404
1851016,ENSCAFG00000013506,,ENSG00000116044,,ortholog_one2one,87.3544,86.7769
1851262,ENSCAFG00000013522,,ENSG00000018510,,ortholog_one2one,87.2621,90.5775
1851503,ENSCAFG00000013607,,ENSG00000284741,,ortholog_one2many,56.9129,87.9941
1851504,ENSCAFG00000013607,,ENSG00000128655,,ortholog_one2many,81.5341,92.283
1851634,ENSCAFG00000013640,,ENSG00000155636,,ortholog_one2one,97.6793,97.2689
1851884,ENSCAFG00000013801,,ENSG00000079156,,ortholog_one2one,97.1044,97.9145
1852143,ENSCAFG00000024298,,ENSG00000204311,,ortholog_one2one,97.7273,97.7273
1852326,ENSCAFG00000013850,,ENSG00000180228,,ortholog_one2many,48.6885,94.8882
1852544,ENSCAFG00000031859,,ENSG00000079150,,ortholog_one2one,87.8378,87.8378
1852790,ENSCAFG00000028686,,ENSG00000116095,,ortholog_one2one,73.8786,93.3333
1853046,ENSCAFG00000014025,,ENSG00000155657,,ortholog_one2one,92.1873,69.4062
1853696,ENSCAFG00000014079,,ENSG00000163492,,ortholog_one2one,83.0015,35.4248
1853937,ENSCAFG00000014103,,ENSG00000187231,,ortholog_one2one,99.4253,99.4253
1854206,ENSCAFG00000014146,,ENSG00000144331,,ortholog_one2one,95.2577,95.0617
1854464,ENSCAFG00000014160,,ENSG00000163510,,ortholog_one2one,93.2819,93.2819
1854734,ENSCAFG00000014163,,ENSG00000170035,,ortholog_one2one,92.7928,99.5169
1854955,ENSCAFG00000014175,,ENSG00000115232,,ortholog_one2one,88.278,82.4612
1855208,ENSCAFG00000014193,,ENSG00000188452,,ortholog_one2one,50.8046,79.2115
1855515,ENSCAFG00000014233,,ENSG00000138434,,ortholog_one2one,86.2306,79.587
1855765,ENSCAFG00000014240,,ENSG00000150722,,ortholog_one2one,89.6552,89.6552
1855975,ENSCAFG00000014245,,ENSG00000115252,,ortholog_one2one,93.9227,93.578
1856391,ENSCAFG00000014289,,ENSG00000077232,,ortholog_one2one,93.7028,93.8209
1856661,ENSCAFG00000024988,,ENSG00000162998,,ortholog_one2one,87.5,45.2308
1856834,ENSCAFG00000014355,,ENSG00000061676,,ortholog_one2one,99.5463,96.7372
1857090,ENSCAFG00000014416,,ENSG00000162999,,ortholog_one2one,76.2931,81.5668
1857329,ENSCAFG00000032642,,ENSG00000221944,,ortholog_one2one,87.1838,87.4789
1857681,ENSCAFG00000031849,,ENSG00000163002,,ortholog_one2one,87.5354,94.7853
1857947,ENSCAFG00000030944,,ENSG00000204344,,ortholog_one2many,53.9394,24.1848
1858134,ENSCAFG00000014448,,ENSG00000170396,,ortholog_one2one,53.6441,52.3573
1858339,ENSCAFG00000014480,,ENSG00000188738,,ortholog_one2one,67.9354,68.2206
1858470,ENSCAFG00000014494,,ENSG00000065548,,ortholog_one2one,87.7462,94.1315
1858745,ENSCAFG00000014597,,ENSG00000138448,,ortholog_one2one,91.2875,89.9809
1859007,ENSCAFG00000028669,,ENSG00000144369,,ortholog_one2one,90.8969,82.2034
1859285,ENSCAFG00000014719,,ENSG00000163012,,ortholog_one2one,76.1269,72.0379
1859458,ENSCAFG00000014737,,ENSG00000064989,,ortholog_one2one,93.5065,93.7093
1859664,ENSCAFG00000014752,,ENSG00000003436,,ortholog_one2one,51.0101,66.4474
1859894,ENSCAFG00000014796,,ENSG00000144366,,ortholog_one2one,61.25,80.5921
1860159,ENSCAFG00000014812,,ENSG00000168542,,ortholog_one2one,86.8096,91.1323
1860295,ENSCAFG00000014837,,ENSG00000204262,,ortholog_one2one,95.9306,95.9306
1860571,ENSCAFG00000009325,,ENSG00000115368,,ortholog_one2one,90.7117,90.6024
1860824,ENSCAFG00000009343,,ENSG00000138449,,ortholog_one2one,91.791,86.1646
1861174,ENSCAFG00000009358,,ENSG00000138381,,ortholog_one2many,80.9077,80.4044
1861175,ENSCAFG00000009358,,ENSG00000286165,,ortholog_one2many,23.9437,62.1951
1861435,ENSCAFG00000009373,,ENSG00000151687,,ortholog_one2one,87.5458,83.3333
1861579,ENSCAFG00000009380,,ENSG00000128694,,ortholog_one2one,86.2319,86.2319
1861824,ENSCAFG00000009394,,ENSG00000064933,,ortholog_one2one,83.871,83.691
1862071,ENSCAFG00000009388,,ENSG00000128699,,ortholog_one2one,23.6307,98.6928
1862543,ENSCAFG00000009398,,ENSG00000138379,,ortholog_one2one,95.7333,95.7333
1862726,ENSCAFG00000031769,,ENSG00000187699,,ortholog_one2one,73.6842,73.6842
1862847,ENSCAFG00000009467,,ENSG00000198130,,ortholog_one2one,89.267,88.342
1863263,ENSCAFG00000031538,,ENSG00000151689,,ortholog_one2one,76.75,76.9424
1863508,ENSCAFG00000009484,,ENSG00000151690,,ortholog_one2one,85.8736,87.6106
1863785,ENSCAFG00000009493,,ENSG00000189362,,ortholog_one2one,73.9583,68.1055
1863984,ENSCAFG00000009496,,ENSG00000138386,,ortholog_one2one,84.5511,83.1622
1864327,ENSCAFG00000009513,,ENSG00000115419,,ortholog_one2one,83.9523,94.6188
1864663,ENSCAFG00000048528,,ENSG00000115415,,ortholog_one2one,93.5401,91.5297
1864844,ENSCAFG00000009797,,ENSG00000138378,,ortholog_one2one,93.7824,96.7914
1865074,ENSCAFG00000010080,,ENSG00000128641,,ortholog_one2one,98.5035,98.5035
1865345,ENSCAFG00000032750,,ENSG00000173559,,ortholog_one2one,88.7097,53.9216
1865610,ENSCAFG00000010115,,ENSG00000144339,,ortholog_one2one,96.5241,96.5241
1865932,ENSCAFG00000010142,,ENSG00000196950,,ortholog_one2one,92.8166,59.0854
1866152,ENSCAFG00000010384,,ENSG00000118997,,ortholog_one2one,91.8966,91.8738
1866466,ENSCAFG00000010652,,ENSG00000081320,,ortholog_one2one,95.4301,95.4301
1866712,ENSCAFG00000010673,,ENSG00000138411,,ortholog_one2one,85.2679,84.6738
1866991,ENSCAFG00000010707,,ENSG00000144395,,ortholog_one2one,84.7145,83.5604
1867131,ENSCAFG00000010723,,ENSG00000119041,,ortholog_one2one,96.0362,95.7111
1867378,ENSCAFG00000042468,,ENSG00000187944,,ortholog_one2one,66.3793,77.0
1867467,ENSCAFG00000010742,,ENSG00000197121,,ortholog_one2one,90.6048,90.9978
1867709,ENSCAFG00000010791,,ENSG00000065413,,ortholog_one2one,94.8162,95.2652
1868133,ENSCAFG00000010826,,ENSG00000115524,,ortholog_one2one,91.2526,100.0
1868396,ENSCAFG00000043512,,ENSG00000115520,,ortholog_one2one,79.9197,83.6134
1868930,ENSCAFG00000010899,,ENSG00000115540,,ortholog_one2one,100.0,100.0
1869217,ENSCAFG00000000595,,ENSG00000276380,,ortholog_one2many,73.4375,61.4379
1869541,ENSCAFG00000010934,,ENSG00000162944,,ortholog_one2one,84.6154,85.6287
1869783,ENSCAFG00000024359,,ENSG00000247626,,ortholog_one2one,86.803,78.7521
1870011,ENSCAFG00000010947,,ENSG00000152430,,ortholog_one2one,72.6027,79.5796
1870230,ENSCAFG00000010953,,ENSG00000115896,,ortholog_one2one,96.2591,96.347
1870479,ENSCAFG00000010971,,ENSG00000119042,,ortholog_one2one,99.5907,99.5907
1870774,ENSCAFG00000011000,,ENSG00000178074,,ortholog_one2one,87.1391,86.2338
1871012,ENSCAFG00000011001,,ENSG00000162971,,ortholog_one2one,94.2857,94.2857
1871254,ENSCAFG00000011003,,ENSG00000162972,,ortholog_one2one,80.6228,80.0687
1871488,ENSCAFG00000011015,,ENSG00000196141,,ortholog_one2one,90.6621,90.8163
1871667,ENSCAFG00000011061,,ENSG00000155729,,ortholog_one2one,92.1739,49.7653
1871847,ENSCAFG00000011065,,ENSG00000163535,,ortholog_one2one,63.1659,65.6126
1872004,ENSCAFG00000044878,,ENSG00000122026,,ortholog_one2one,93.3333,96.25
1872632,ENSCAFG00000011878,,ENSG00000082153,,ortholog_one2many,98.4479,98.4479
1872966,ENSCAFG00000011929,,ENSG00000013441,,ortholog_one2one,79.8978,89.1635
1873190,ENSCAFG00000012006,,ENSG00000196290,,ortholog_one2one,87.5332,87.5332
1873445,ENSCAFG00000012060,,ENSG00000115942,,ortholog_one2one,86.5574,91.5078
1873683,ENSCAFG00000012096,,ENSG00000155744,,ortholog_one2one,88.0342,97.1698
1873947,ENSCAFG00000012111,,ENSG00000119013,,ortholog_one2one,81.6327,81.6327
1874213,ENSCAFG00000012130,,ENSG00000003402,,ortholog_one2one,72.7088,74.375
1874740,ENSCAFG00000025192,,ENSG00000064012,,ortholog_one2one,76.3374,68.9591
1874924,ENSCAFG00000012188,,ENSG00000155749,,ortholog_one2one,72.3112,71.0112
1875034,ENSCAFG00000012217,,ENSG00000115993,,ortholog_one2one,92.0792,91.5755
1875294,ENSCAFG00000012286,,ENSG00000082146,,ortholog_one2one,93.9613,93.0622
1875559,ENSCAFG00000032606,,ENSG00000155754,,ortholog_one2one,62.7506,61.9231
1875660,ENSCAFG00000012317,,ENSG00000155755,,ortholog_one2one,86.2745,86.2745
1875952,ENSCAFG00000012337,,ENSG00000082126,,ortholog_one2one,83.0721,83.2025
1876269,ENSCAFG00000012360,,ENSG00000003393,,ortholog_one2one,95.1691,95.1116
1876651,ENSCAFG00000012384,,ENSG00000138395,,ortholog_one2one,92.0091,92.6437
1876892,ENSCAFG00000012407,,ENSG00000155760,,ortholog_one2one,61.7582,97.9094
1877413,ENSCAFG00000012422,,ENSG00000182329,,ortholog_one2one,73.5993,73.4124
1877544,ENSCAFG00000012431,,ENSG00000116030,,ortholog_one2one,47.9675,40.411
1877822,ENSCAFG00000012448,,ENSG00000055044,,ortholog_one2one,96.2963,98.2987
1878073,ENSCAFG00000023687,,ENSG00000204217,,ortholog_one2one,96.8177,96.7245
1878384,ENSCAFG00000012464,,ENSG00000138439,,ortholog_one2one,96.7905,97.2835
1878666,ENSCAFG00000012497,,ENSG00000163596,,ortholog_one2one,79.5132,81.3278
1878785,ENSCAFG00000012519,,ENSG00000138442,,ortholog_one2one,95.0355,95.0355
1879039,ENSCAFG00000012545,,ENSG00000138380,,ortholog_one2one,82.8338,83.8621
1879231,ENSCAFG00000012558,,ENSG00000135930,,ortholog_one2many,91.1017,87.7551
1879516,ENSCAFG00000012644,,ENSG00000144426,,ortholog_one2one,93.316,93.2814
1879801,ENSCAFG00000012765,,ENSG00000119004,,ortholog_one2one,88.5965,85.9574
1880026,ENSCAFG00000012817,,ENSG00000138443,,ortholog_one2one,88.488,95.0184
1880391,ENSCAFG00000012801,,ENSG00000146223,,ortholog_one2many,77.931,44.3137
1880738,ENSCAFG00000012860,,ENSG00000173166,,ortholog_one2one,96.9183,48.3103
1881218,ENSCAFG00000012872,,ENSG00000178562,,ortholog_one2one,66.6667,70.0855
1881389,ENSCAFG00000012876,,ENSG00000163599,,ortholog_one2one,87.4439,87.4439
1881579,ENSCAFG00000012880,,ENSG00000163600,,ortholog_one2one,67.3077,70.3518
1881739,ENSCAFG00000012891,,ENSG00000116117,,ortholog_one2one,89.784,89.7095
1882067,ENSCAFG00000013191,,ENSG00000118257,,ortholog_one2one,96.6702,96.6702
1882410,ENSCAFG00000013309,,ENSG00000114933,,ortholog_one2one,96.793,96.9815
1882669,ENSCAFG00000013333,,ENSG00000023228,,ortholog_one2one,96.4912,96.4912
1883016,ENSCAFG00000029635,,ENSG00000114942,,ortholog_one2many,98.2222,98.2222
1883342,ENSCAFG00000013362,,ENSG00000183671,,ortholog_one2one,89.8592,89.8592
1883819,ENSCAFG00000013389,,ENSG00000204186,,ortholog_one2one,53.9777,57.6466
1883919,ENSCAFG00000013414,,ENSG00000114948,,ortholog_one2one,95.0543,94.7115
1884181,ENSCAFG00000041399,,ENSG00000235118,,ortholog_one2one,85.2459,86.1878
1884362,ENSCAFG00000024719,,ENSG00000232125,,ortholog_one2one,70.7401,71.1073
1884527,ENSCAFG00000013438,,ENSG00000138400,,ortholog_one2one,67.6895,72.3938
1884780,ENSCAFG00000013457,,ENSG00000118246,,ortholog_one2one,69.1395,65.6338
1885021,ENSCAFG00000013469,,ENSG00000144410,,ortholog_one2one,83.2,83.4225
1885307,ENSCAFG00000013485,,ENSG00000118263,,ortholog_one2one,97.6821,97.6821
1885632,ENSCAFG00000013510,,ENSG00000118260,,ortholog_one2one,100.0,100.0
1885901,ENSCAFG00000029484,,ENSG00000144401,,ortholog_one2one,92.2018,85.1695
1886160,ENSCAFG00000013539,,ENSG00000163249,,ortholog_one2one,93.1129,94.1504
1886466,ENSCAFG00000013547,,ENSG00000163251,,ortholog_one2one,96.0951,96.7521
1886598,ENSCAFG00000013559,,ENSG00000178385,,ortholog_one2one,92.9987,92.5099
1886946,ENSCAFG00000013590,,ENSG00000188674,,ortholog_one2one,54.3554,80.829
1887149,ENSCAFG00000031651,,ENSG00000168582,,ortholog_one2one,81.0345,81.0345
1887269,ENSCAFG00000013617,,ENSG00000138413,,ortholog_one2one,96.8599,96.8599
1887538,ENSCAFG00000013684,,ENSG00000115020,,ortholog_one2one,94.6496,95.2812
1887789,ENSCAFG00000013703,,ENSG00000144407,,ortholog_one2one,82.1918,76.3636
1888125,ENSCAFG00000013740,,ENSG00000078018,,ortholog_one2one,81.5377,78.3417
1888448,ENSCAFG00000013772,,ENSG00000144406,,ortholog_one2one,97.716,95.2467
1888876,ENSCAFG00000013811,,ENSG00000235376,,ortholog_one2many,92.2414,93.8596
1888877,ENSCAFG00000013811,,ENSG00000197713,,ortholog_one2many,96.1207,97.807
1889152,ENSCAFG00000013836,,ENSG00000144445,,ortholog_one2one,87.361,87.538
1889371,ENSCAFG00000013856,,ENSG00000115361,,ortholog_one2one,81.9222,83.2558
1890205,ENSCAFG00000013875,,ENSG00000168530,,ortholog_one2one,64.6552,77.3196
1890533,ENSCAFG00000013966,,ENSG00000021826,,ortholog_one2one,94.3864,96.0159
1890775,ENSCAFG00000014027,,ENSG00000115365,,ortholog_one2one,91.2281,91.2281
1891051,ENSCAFG00000023258,,ENSG00000178568,,ortholog_one2one,95.997,97.1713
1891440,ENSCAFG00000014224,,ENSG00000030419,,ortholog_one2one,99.0494,97.9323
1891693,ENSCAFG00000014255,,ENSG00000144451,,ortholog_one2one,86.7834,86.3708
1891973,ENSCAFG00000029460,,ENSG00000174453,,ortholog_one2one,98.6487,98.6487
1892229,ENSCAFG00000014264,,ENSG00000138376,,ortholog_one2many,81.5468,77.3488
1892491,ENSCAFG00000014278,,ENSG00000144452,,ortholog_one2one,90.6656,91.3295
1892753,ENSCAFG00000014345,,ENSG00000115414,,ortholog_one2one,83.72,87.4041
1893094,ENSCAFG00000014303,,ENSG00000138363,,ortholog_one2many,94.7635,94.7635
1893364,ENSCAFG00000014361,,ENSG00000118242,,ortholog_one2one,83.3333,79.4393
1893524,ENSCAFG00000014368,,ENSG00000115425,,ortholog_one2many,73.2673,73.2673
1893771,ENSCAFG00000028851,,ENSG00000163449,,ortholog_one2one,91.2458,91.2458
1894018,ENSCAFG00000014390,,ENSG00000079246,,ortholog_one2one,72.8589,82.5137
1894263,ENSCAFG00000014414,,ENSG00000144583,,ortholog_one2one,90.6024,91.7073
1894505,ENSCAFG00000014421,,ENSG00000138375,,ortholog_one2one,78.8762,79.4549
1894756,ENSCAFG00000043173,,ENSG00000197756,,ortholog_one2one,100.0,100.0
1894970,ENSCAFG00000014490,,ENSG00000115457,,ortholog_one2one,92.4731,52.9231
1895286,ENSCAFG00000014474,,ENSG00000115461,,ortholog_one2one,98.155,97.7941
1895593,ENSCAFG00000014492,,ENSG00000118245,,ortholog_one2one,90.9091,90.9091
1895850,ENSCAFG00000014575,,ENSG00000079308,,ortholog_one2one,79.8077,89.2473
1896221,ENSCAFG00000024732,,ENSG00000188282,,ortholog_one2one,55.1205,60.2965
1896373,ENSCAFG00000014615,,ENSG00000180871,,ortholog_one2many,75.1397,74.7222
1896682,ENSCAFG00000014612,,ENSG00000180871,,ortholog_one2many,72.1212,66.1111
1896993,ENSCAFG00000014618,,ENSG00000163466,,ortholog_one2one,100.0,91.6667
1897275,ENSCAFG00000014625,,ENSG00000127837,,ortholog_one2one,87.6068,94.2529
1897516,ENSCAFG00000030268,,ENSG00000179921,,ortholog_one2one,68.2243,88.4848
1897605,ENSCAFG00000014632,,ENSG00000127838,,ortholog_one2one,64.8379,67.5325
1897845,ENSCAFG00000014636,,ENSG00000135926,,ortholog_one2one,93.4307,41.1576
1898137,ENSCAFG00000030038,,ENSG00000158428,,ortholog_one2one,59.2334,43.9277
1898291,ENSCAFG00000014645,,ENSG00000018280,,ortholog_one2one,85.6881,84.9091
1898460,ENSCAFG00000014662,,ENSG00000144579,,ortholog_one2one,69.3642,91.6031
1898745,ENSCAFG00000014686,,ENSG00000127831,,ortholog_one2one,81.5029,85.2479
1898946,ENSCAFG00000014781,,ENSG00000135913,,ortholog_one2one,95.7187,95.9142
1899210,ENSCAFG00000014816,,ENSG00000144580,,ortholog_one2one,99.6656,90.0302
1899483,ENSCAFG00000014832,,ENSG00000115556,,ortholog_one2one,79.6319,81.738
1899874,ENSCAFG00000014876,,ENSG00000074582,,ortholog_one2one,96.1814,96.1814
1900118,ENSCAFG00000014887,,ENSG00000163481,,ortholog_one2one,88.8889,88.8889
1900363,ENSCAFG00000014919,,ENSG00000163482,,ortholog_one2one,84.9012,81.673
1900625,ENSCAFG00000014943,,ENSG00000135929,,ortholog_one2one,81.5686,78.3428
1900894,ENSCAFG00000014957,,ENSG00000115592,,ortholog_one2one,68.0067,83.0266
1901208,ENSCAFG00000031321,,ENSG00000115596,,ortholog_one2one,98.5251,91.5069
1901451,ENSCAFG00000014987,,ENSG00000135925,,ortholog_one2one,97.1223,97.1223
1901693,ENSCAFG00000014996,,ENSG00000171450,,ortholog_one2one,95.6757,96.4578
1901912,ENSCAFG00000014999,,ENSG00000163499,,ortholog_one2one,88.2353,91.3706
1902170,ENSCAFG00000015006,,ENSG00000181378,,ortholog_one2one,78.1471,74.4935
1902408,ENSCAFG00000030464,,ENSG00000187736,,ortholog_one2one,77.592,73.4177
1902629,ENSCAFG00000015030,,ENSG00000213901,,ortholog_one2one,79.602,77.6699
1902785,ENSCAFG00000023507,,ENSG00000115649,,ortholog_one2one,74.2515,90.7317
1903027,ENSCAFG00000015089,,ENSG00000144567,,ortholog_one2one,85.9615,82.3204
1903118,ENSCAFG00000015093,,ENSG00000158552,,ortholog_one2one,57.2626,79.7665
1903365,ENSCAFG00000015130,,ENSG00000115657,,ortholog_one2one,76.749,88.5986
1903650,ENSCAFG00000015071,,ENSG00000198925,,ortholog_one2one,88.9009,98.3313
1903894,ENSCAFG00000015141,,ENSG00000163516,,ortholog_one2one,82.9404,82.3691
1904139,ENSCAFG00000015182,,ENSG00000163521,,ortholog_one2one,85.4071,85.0153
1904383,ENSCAFG00000015200,,ENSG00000115661,,ortholog_one2one,92.2857,92.2857
1904625,ENSCAFG00000015209,,ENSG00000127824,,ortholog_one2one,97.1429,91.0714
1905025,ENSCAFG00000015223,,ENSG00000135924,,ortholog_one2one,92.4092,86.4198
1905238,ENSCAFG00000015244,,ENSG00000054356,,ortholog_one2one,88.2,90.0919
1905416,ENSCAFG00000015399,,ENSG00000123992,,ortholog_one2one,84.8723,87.6268
1905648,ENSCAFG00000015475,,ENSG00000175084,,ortholog_one2one,70.1863,96.1702
1905987,ENSCAFG00000015503,,ENSG00000072195,,ortholog_one2one,91.4425,91.5825
1906140,ENSCAFG00000032436,,ENSG00000286095,,ortholog_one2one,96.2185,96.2185
1906234,ENSCAFG00000015541,,ENSG00000144591,,ortholog_one2one,75.502,79.4926
1906512,ENSCAFG00000015597,,ENSG00000072182,,ortholog_one2one,97.0315,97.0315
1906796,ENSCAFG00000045731,,ENSG00000123989,,ortholog_one2one,95.6016,95.3548
1907043,ENSCAFG00000015617,,ENSG00000188760,,ortholog_one2one,98.8889,98.8889
1907347,ENSCAFG00000015641,,ENSG00000124006,,ortholog_one2one,89.4491,90.77
1907671,ENSCAFG00000015653,,ENSG00000123999,,ortholog_one2one,78.5326,78.9617
1907997,ENSCAFG00000015687,,ENSG00000144589,,ortholog_one2one,71.4408,77.0221
1908244,ENSCAFG00000015723,,ENSG00000114923,,ortholog_one2one,92.0445,91.8983
1908502,ENSCAFG00000015936,,ENSG00000116106,,ortholog_one2one,99.0576,95.9432
1908796,ENSCAFG00000016041,,ENSG00000135903,,ortholog_one2one,88.9105,90.495
1909122,ENSCAFG00000016094,,ENSG00000116120,,ortholog_one2one,95.0764,95.0764
1909371,ENSCAFG00000016139,,ENSG00000124003,,ortholog_one2one,69.1489,77.6119
1909630,ENSCAFG00000029045,,ENSG00000123983,,ortholog_one2one,93.8889,93.8889
1909924,ENSCAFG00000023427,,ENSG00000152049,,ortholog_one2one,79.2208,27.6018
1910146,ENSCAFG00000016186,,ENSG00000171951,,ortholog_one2one,89.0435,82.9822
1910435,ENSCAFG00000016204,,ENSG00000085449,,ortholog_one2one,67.3004,86.3415
1910701,ENSCAFG00000016214,,ENSG00000135900,,ortholog_one2one,90.9639,90.9639
1910948,ENSCAFG00000016228,,ENSG00000135919,,ortholog_one2one,90.8416,89.731
1924113,ENSCAFG00000033855,,ENSG00000092203,,ortholog_one2many,90.2256,38.6473
1930325,ENSCAFG00000048001,,ENSG00000141428,,ortholog_one2many,61.2745,56.8182
1956055,ENSCAFG00000000001,,ENSG00000197594,,ortholog_one2one,86.7904,85.9459
1956488,ENSCAFG00000041462,,ENSG00000112335,,ortholog_one2many,63.7795,50.0
1956754,ENSCAFG00000000005,,ENSG00000178184,,ortholog_one2one,72.987,74.734
1957008,ENSCAFG00000000007,,ENSG00000101544,,ortholog_one2one,85.7143,85.9416
1957273,ENSCAFG00000024219,,ENSG00000101546,,ortholog_one2one,52.4917,46.0641
1957449,ENSCAFG00000000008,,ENSG00000141759,,ortholog_one2one,99.2958,99.2958
1957562,ENSCAFG00000031133,,ENSG00000226742,,ortholog_one2one,80.2817,77.027
1957660,ENSCAFG00000000010,,ENSG00000060069,,ortholog_one2one,73.2275,72.0083
1957900,ENSCAFG00000032297,,ENSG00000178342,,ortholog_one2one,42.8571,38.6266
1958142,ENSCAFG00000000011,,ENSG00000131196,,ortholog_one2one,78.8732,77.2004
1958444,ENSCAFG00000000012,,ENSG00000166377,,ortholog_one2one,93.1338,92.2406
1958689,ENSCAFG00000000013,,ENSG00000256463,,ortholog_one2one,75.8828,77.6923
1958925,ENSCAFG00000000015,,ENSG00000166573,,ortholog_one2one,90.5983,91.1175
1959152,ENSCAFG00000000016,,ENSG00000197971,,ortholog_one2one,75.5287,82.2368
1959413,ENSCAFG00000000017,,ENSG00000130856,,ortholog_one2one,90.4139,89.8755
1959685,ENSCAFG00000000019,,ENSG00000101493,,ortholog_one2one,74.1228,72.6569
1959915,ENSCAFG00000000020,,ENSG00000179981,,ortholog_one2one,87.5228,89.2293
1960220,ENSCAFG00000000021,,ENSG00000180011,,ortholog_one2one,89.9204,89.9204
1960464,ENSCAFG00000000022,,ENSG00000215421,,ortholog_one2one,76.1905,77.5801
1960724,ENSCAFG00000000024,,ENSG00000150656,,ortholog_one2one,81.4815,82.4458
1960899,ENSCAFG00000023363,,ENSG00000133313,,ortholog_one2one,91.7548,91.3684
1961163,ENSCAFG00000000025,,ENSG00000187773,,ortholog_one2one,49.2593,63.4845
1961394,ENSCAFG00000023159,,ENSG00000206043,,ortholog_one2one,67.972,70.9489
1961566,ENSCAFG00000000026,,ENSG00000166347,,ortholog_one2many,90.2985,90.2985
1962005,ENSCAFG00000000028,,ENSG00000075336,,ortholog_one2one,75.2988,76.2097
1962248,ENSCAFG00000000029,,ENSG00000141665,,ortholog_one2one,74.8491,72.9412
1962537,ENSCAFG00000000030,,ENSG00000101367,,ortholog_one2many,97.0149,97.0149
1962829,ENSCAFG00000000031,,ENSG00000166342,,ortholog_one2one,97.3734,97.3734
1963153,ENSCAFG00000000032,,ENSG00000141668,,ortholog_one2one,98.1481,47.3214
1963514,ENSCAFG00000000036,,ENSG00000170677,,ortholog_one2one,94.5794,94.5794
1963790,ENSCAFG00000000037,,ENSG00000176225,,ortholog_one2one,85.4831,85.4447
1964062,ENSCAFG00000000038,,ENSG00000150637,,ortholog_one2one,57.3487,59.2262
1964277,ENSCAFG00000000039,,ENSG00000206052,,ortholog_one2one,99.0291,92.4471
1964521,ENSCAFG00000000040,,ENSG00000150636,,ortholog_one2one,76.7296,71.345
1964664,ENSCAFG00000000043,,ENSG00000166479,,ortholog_one2one,92.2737,92.0705
1965143,ENSCAFG00000000052,,ENSG00000071991,,ortholog_one2one,87.6623,87.4352
1965316,ENSCAFG00000000056,,ENSG00000081138,,ortholog_one2one,99.2357,99.2357
1965989,ENSCAFG00000000058,,ENSG00000166401,,ortholog_one2one,83.4225,83.4225
1966477,ENSCAFG00000023582,,ENSG00000242550,,ortholog_one2one,79.0932,79.0932
1966649,ENSCAFG00000000059,,ENSG00000197632,,ortholog_one2one,77.8846,78.0723
1966780,ENSCAFG00000023436,,ENSG00000166396,,ortholog_one2one,82.6316,82.6316
1966896,ENSCAFG00000023362,,ENSG00000206072,,ortholog_one2one,70.3947,81.8878
1967078,ENSCAFG00000000062,,ENSG00000057149,,ortholog_one2many,67.0951,66.9231
1967079,ENSCAFG00000000062,,ENSG00000206073,,ortholog_one2many,67.6093,67.4359
1967422,ENSCAFG00000023050,,ENSG00000197641,,ortholog_one2one,71.1316,77.0
1967534,ENSCAFG00000023015,,ENSG00000166634,,ortholog_one2one,81.0875,80.7059
1967652,ENSCAFG00000024647,,ENSG00000206075,,ortholog_one2one,89.9225,92.8
1967838,ENSCAFG00000000066,,ENSG00000119541,,ortholog_one2one,96.3964,96.3964
1968195,ENSCAFG00000000067,,ENSG00000119537,,ortholog_one2one,85.4369,79.5181
1968444,ENSCAFG00000000068,,ENSG00000171791,,ortholog_one2one,84.9138,82.4268
1968708,ENSCAFG00000000070,,ENSG00000081913,,ortholog_one2one,89.7418,74.8981
1968954,ENSCAFG00000000073,,ENSG00000141664,,ortholog_one2one,91.4319,66.129
1969205,ENSCAFG00000000075,,ENSG00000141655,,ortholog_one2one,70.216,73.8636
1969380,ENSCAFG00000000079,,ENSG00000134444,,ortholog_one2one,95.2537,93.12
1969631,ENSCAFG00000000083,,ENSG00000197563,,ortholog_one2one,78.2199,77.0103
1969905,ENSCAFG00000032187,,ENSG00000176641,,ortholog_one2one,94.5813,94.5813
1970146,ENSCAFG00000000086,,ENSG00000101542,,ortholog_one2one,97.1286,97.1286
1970533,ENSCAFG00000000090,,ENSG00000166603,,ortholog_one2one,95.7831,95.7831
1970887,ENSCAFG00000000093,,ENSG00000183287,,ortholog_one2one,83.3741,83.9902
1971116,ENSCAFG00000000094,,ENSG00000074695,,ortholog_one2one,89.3822,90.7843
1971362,ENSCAFG00000000096,,ENSG00000166569,,ortholog_one2one,95.0,95.0
1971615,ENSCAFG00000000098,,ENSG00000134438,,ortholog_one2one,65.5172,49.422
1971765,ENSCAFG00000000099,,ENSG00000134443,,ortholog_one2one,70.7483,70.2703
1971897,ENSCAFG00000000100,,ENSG00000166562,,ortholog_one2one,96.2733,80.7292
1972264,ENSCAFG00000000103,,ENSG00000074657,,ortholog_one2one,94.1538,94.0815
1972547,ENSCAFG00000000105,,ENSG00000172175,,ortholog_one2one,92.3483,84.9515
1972790,ENSCAFG00000000107,,ENSG00000198796,,ortholog_one2one,60.8696,59.3548
1972996,ENSCAFG00000000116,,ENSG00000049759,,ortholog_one2one,85.0246,68.8198
1973254,ENSCAFG00000000123,,ENSG00000081923,,ortholog_one2one,93.92,93.8449
1973508,ENSCAFG00000000125,,ENSG00000134440,,ortholog_one2one,93.381,95.2555
1973786,ENSCAFG00000000126,,ENSG00000066926,,ortholog_one2one,75.7384,83.683
1974021,ENSCAFG00000000127,,ENSG00000119547,,ortholog_one2one,98.3713,59.9206
1974244,ENSCAFG00000000129,,ENSG00000177511,,ortholog_one2one,95.1282,97.6316
1974546,ENSCAFG00000000133,,ENSG00000091157,,ortholog_one2one,96.3265,95.0336
1974981,ENSCAFG00000000137,,ENSG00000091164,,ortholog_one2one,99.654,99.654
1975241,ENSCAFG00000000140,,ENSG00000196628,,ortholog_one2one,98.2249,85.8991
1975498,ENSCAFG00000000144,,ENSG00000166510,,ortholog_one2one,82.9851,82.9851
1975633,ENSCAFG00000000145,,ENSG00000041353,,ortholog_one2one,84.739,96.789
1976032,ENSCAFG00000000147,,ENSG00000166845,,ortholog_one2one,74.4444,75.4221
1976203,ENSCAFG00000000149,,ENSG00000174448,,ortholog_one2one,77.3333,79.0909
1976341,ENSCAFG00000000150,,ENSG00000101751,,ortholog_one2one,86.8946,82.4324
1976554,ENSCAFG00000032711,,ENSG00000134046,,ortholog_one2one,97.0711,56.4477
1976729,ENSCAFG00000000157,,ENSG00000187323,,ortholog_one2one,97.4576,95.3697
1977049,ENSCAFG00000000162,,ENSG00000176624,,ortholog_one2one,69.1834,68.1335
1977219,ENSCAFG00000000164,,ENSG00000141646,,ortholog_one2one,98.913,98.913
1977535,ENSCAFG00000000166,,ENSG00000141642,,ortholog_one2one,94.7658,94.7658
1977766,ENSCAFG00000000168,,ENSG00000082212,,ortholog_one2one,88.1384,91.6096
1978032,ENSCAFG00000000169,,ENSG00000134042,,ortholog_one2one,67.3307,64.5038
1978132,ENSCAFG00000000170,,ENSG00000185231,,ortholog_one2one,90.5405,90.2357
1978356,ENSCAFG00000000172,,ENSG00000176136,,ortholog_one2one,51.1152,84.6154
1978603,ENSCAFG00000000173,,ENSG00000177150,,ortholog_one2one,86.4469,86.7647
1978860,ENSCAFG00000031536,,ENSG00000168675,,ortholog_one2one,74.2857,76.4706
1979018,ENSCAFG00000000184,,ENSG00000079931,,ortholog_one2one,89.4309,89.7227
1979244,ENSCAFG00000041789,,ENSG00000086475,,ortholog_one2many,95.0226,53.5714
1979681,ENSCAFG00000029442,,ENSG00000118523,,ortholog_one2one,63.9175,71.0602
1979931,ENSCAFG00000000185,,ENSG00000079950,,ortholog_one2one,62.8483,77.7778
1980198,ENSCAFG00000023591,,ENSG00000112299,,ortholog_one2one,75.2918,75.4386
1980469,ENSCAFG00000042288,,ENSG00000093134,,ortholog_one2one,65.5462,28.4672
1980717,ENSCAFG00000000189,,ENSG00000146409,,ortholog_one2one,68.8057,84.6491
1980968,ENSCAFG00000000190,,ENSG00000112306,,ortholog_one2one,100.0,100.0
1981619,ENSCAFG00000000196,,ENSG00000112319,,ortholog_one2one,98.1197,88.9922
1981871,ENSCAFG00000000205,,ENSG00000118526,,ortholog_one2one,98.324,98.324
1982141,ENSCAFG00000000207,,ENSG00000028839,,ortholog_one2many,100.0,100.0
1982356,ENSCAFG00000000212,,ENSG00000146411,,ortholog_one2one,87.9479,87.5203
1982603,ENSCAFG00000000217,,ENSG00000118515,,ortholog_one2one,96.3878,96.3878
1982856,ENSCAFG00000000221,,ENSG00000118514,,ortholog_one2one,87.269,87.269
1983112,ENSCAFG00000000226,,ENSG00000112339,,ortholog_one2one,80.4404,90.7895
1983386,ENSCAFG00000000230,,ENSG00000118513,,ortholog_one2one,85.8573,90.1445
1983683,ENSCAFG00000000234,,ENSG00000135541,,ortholog_one2one,81.4941,80.2676
1983939,ENSCAFG00000000239,,ENSG00000171408,,ortholog_one2one,89.505,90.0398
1984341,ENSCAFG00000000244,,ENSG00000146410,,ortholog_one2one,71.1111,66.4935
1984579,ENSCAFG00000000245,,ENSG00000029363,,ortholog_one2one,97.7322,98.3696
1985359,ENSCAFG00000000247,,ENSG00000135525,,ortholog_one2one,87.8906,86.6496
1985636,ENSCAFG00000000251,,ENSG00000197442,,ortholog_one2one,96.5593,95.9971
1986060,ENSCAFG00000000253,,ENSG00000112357,,ortholog_one2one,92.5697,92.5697
1986307,ENSCAFG00000000256,,ENSG00000182747,,ortholog_one2one,88.8889,90.3846
1986548,ENSCAFG00000000257,,ENSG00000016402,,ortholog_one2one,72.043,72.6944
1986795,ENSCAFG00000000258,,ENSG00000164485,,ortholog_one2one,81.3853,71.4829
1986980,ENSCAFG00000048138,,ENSG00000148672,,ortholog_many2many,95.6522,11.828
1986981,ENSCAFG00000048138,,ENSG00000182890,,ortholog_many2many,89.8551,11.1111
1987321,ENSCAFG00000000260,,ENSG00000027697,,ortholog_one2one,60.4211,58.6912
1988144,ENSCAFG00000000265,,ENSG00000177468,,ortholog_one2one,98.5294,98.5294
1988384,ENSCAFG00000000267,,ENSG00000118503,,ortholog_one2one,90.2532,90.2532
1988639,ENSCAFG00000030892,,ENSG00000112378,,ortholog_one2one,43.2558,96.3731
1988955,ENSCAFG00000000272,,ENSG00000112379,,ortholog_one2one,89.7192,90.9968
1989181,ENSCAFG00000000274,,ENSG00000051620,,ortholog_one2one,83.5,81.4634
1989389,ENSCAFG00000000275,,ENSG00000135540,,ortholog_one2one,78.5582,79.1925
1989911,ENSCAFG00000000277,,ENSG00000024862,,ortholog_one2one,61.6197,95.1087
1990163,ENSCAFG00000046446,,ENSG00000203734,,ortholog_one2one,83.7292,77.9867
1990362,ENSCAFG00000000279,,ENSG00000135597,,ortholog_one2many,97.9866,91.7085
1990633,ENSCAFG00000000281,,ENSG00000146386,,ortholog_one2one,45.1977,98.7654
1990874,ENSCAFG00000000282,,ENSG00000112406,,ortholog_one2one,89.0688,81.0313
1991125,ENSCAFG00000000283,,ENSG00000164440,,ortholog_one2one,78.3898,81.1404
1991445,ENSCAFG00000000285,,ENSG00000164442,,ortholog_one2one,66.3317,96.0
1991917,ENSCAFG00000000294,,ENSG00000135577,,ortholog_one2one,89.7436,89.7436
1992164,ENSCAFG00000030263,,ENSG00000203733,,ortholog_one2one,86.3415,86.3415
1992393,ENSCAFG00000000295,,ENSG00000009844,,ortholog_one2one,94.7712,94.4625
1992644,ENSCAFG00000000296,,ENSG00000112414,,ortholog_one2one,88.0632,89.12
1993139,ENSCAFG00000000300,,ENSG00000010818,,ortholog_one2one,92.3203,91.9052
1993400,ENSCAFG00000000303,,ENSG00000146416,,ortholog_one2one,66.8693,89.7959
1993652,ENSCAFG00000000304,,ENSG00000198668,,ortholog_one2many,71.5686,48.9933
1993838,ENSCAFG00000000305,,ENSG00000189007,,ortholog_one2one,77.193,92.1466
1994190,ENSCAFG00000000307,,ENSG00000034693,,ortholog_one2one,97.0509,97.0509
1994326,ENSCAFG00000000309,,ENSG00000001036,,ortholog_one2one,82.4691,71.5203
1994585,ENSCAFG00000000312,,ENSG00000112419,,ortholog_one2one,89.0093,89.1473
1994862,ENSCAFG00000000314,,ENSG00000280148,,ortholog_one2many,23.4177,79.2857
1994863,ENSCAFG00000000314,,ENSG00000135521,,ortholog_one2many,89.0295,88.8421
1995161,ENSCAFG00000000317,,ENSG00000118491,,ortholog_one2one,84.4037,82.8829
1995310,ENSCAFG00000000318,,ENSG00000118495,,ortholog_one2one,90.9287,90.9287
1995507,ENSCAFG00000032495,,ENSG00000169976,,ortholog_one2one,100.0,100.0
1995757,ENSCAFG00000000322,,ENSG00000135604,,ortholog_one2one,76.2058,82.5784
1996175,ENSCAFG00000000326,,ENSG00000152818,,ortholog_one2one,92.2494,92.2225
1996532,ENSCAFG00000044383,,ENSG00000087586,,ortholog_one2many,85.8696,19.603
1996957,ENSCAFG00000000329,,ENSG00000112425,,ortholog_one2one,95.8549,55.8912
1997216,ENSCAFG00000000330,,ENSG00000118496,,ortholog_one2one,92.0912,92.2148
1997465,ENSCAFG00000000331,,ENSG00000132963,,ortholog_one2many,77.193,62.4113
1997725,ENSCAFG00000000335,,ENSG00000146414,,ortholog_one2one,88.4594,92.2347
1997999,ENSCAFG00000000338,,ENSG00000152822,,ortholog_one2one,95.4812,95.5611
1998323,ENSCAFG00000030384,,ENSG00000118508,,ortholog_one2one,65.3659,59.5556
1998618,ENSCAFG00000023693,,ENSG00000118492,,ortholog_one2one,81.9117,81.2238
1998887,ENSCAFG00000000353,,ENSG00000164506,,ortholog_one2one,96.0136,98.3493
1999231,ENSCAFG00000000366,,ENSG00000111961,,ortholog_one2one,88.1464,88.8532
1999546,ENSCAFG00000000372,,ENSG00000111962,,ortholog_one2one,72.912,79.5566
1999806,ENSCAFG00000000373,,ENSG00000055208,,ortholog_one2one,96.5368,96.5368
2000063,ENSCAFG00000000375,,ENSG00000178199,,ortholog_one2one,77.9141,24.0987
2000239,ENSCAFG00000000387,,ENSG00000131023,,ortholog_one2one,96.5395,96.2832
2000514,ENSCAFG00000000379,,ENSG00000131013,,ortholog_one2one,91.8251,98.1707
2000799,ENSCAFG00000032487,,ENSG00000055211,,ortholog_one2one,64.9025,70.6061
2001039,ENSCAFG00000000385,,ENSG00000186625,,ortholog_one2one,97.3523,97.3523
2001312,ENSCAFG00000000390,,ENSG00000120253,,ortholog_one2one,95.0,95.0
2001574,ENSCAFG00000000393,,ENSG00000120265,,ortholog_one2one,95.1049,95.4386
2001830,ENSCAFG00000000398,,ENSG00000120256,,ortholog_one2one,80.137,70.2
2002378,ENSCAFG00000024105,,ENSG00000164520,,ortholog_one2many,46.5347,35.7414
2002379,ENSCAFG00000024105,,ENSG00000285991,,ortholog_one2many,46.5347,37.0079
2002690,ENSCAFG00000000399,,ENSG00000131019,,ortholog_one2one,31.1475,31.1475
2002942,ENSCAFG00000000402,,ENSG00000198729,,ortholog_one2one,92.7711,93.3333
2003162,ENSCAFG00000000404,,ENSG00000009765,,ortholog_one2one,71.3793,70.6485
2003403,ENSCAFG00000000405,,ENSG00000120278,,ortholog_one2one,79.9053,85.2708
2003668,ENSCAFG00000000413,,ENSG00000120254,,ortholog_one2one,91.453,87.4362
2003926,ENSCAFG00000000419,,ENSG00000131016,,ortholog_one2one,67.9545,67.1156
2004185,ENSCAFG00000000422,,ENSG00000181472,,ortholog_one2one,66.8449,97.2763
2004450,ENSCAFG00000000423,,ENSG00000155906,,ortholog_one2one,65.4941,87.0824
2004704,ENSCAFG00000000425,,ENSG00000146476,,ortholog_one2one,87.9819,87.9819
2004965,ENSCAFG00000000429,,ENSG00000120262,,ortholog_one2one,79.3197,81.5385
2005166,ENSCAFG00000000430,,ENSG00000091831,,ortholog_one2one,89.9666,90.4202
2005597,ENSCAFG00000000445,,ENSG00000131018,,ortholog_one2one,91.7358,91.7358
2005991,ENSCAFG00000000535,,ENSG00000120279,,ortholog_one2one,79.5652,77.8723
2006337,ENSCAFG00000000538,,ENSG00000146469,,ortholog_one2one,86.4706,86.4706
2006835,ENSCAFG00000000547,,ENSG00000112029,,ortholog_one2one,80.9843,80.9843
2007081,ENSCAFG00000000549,,ENSG00000112031,,ortholog_one2one,87.3684,87.3684
2007332,ENSCAFG00000000550,,ENSG00000091844,,ortholog_one2one,98.0952,98.0952
2007595,ENSCAFG00000040985,,ENSG00000112038,,ortholog_one2one,89.7375,76.2677
2007855,ENSCAFG00000000562,,ENSG00000153721,,ortholog_one2one,82.7362,91.5315
2008232,ENSCAFG00000000570,,ENSG00000213079,,ortholog_one2one,95.0078,90.2891
2008479,ENSCAFG00000000577,,ENSG00000146426,,ortholog_one2one,82.2612,73.1792
2008805,ENSCAFG00000000581,,ENSG00000029639,,ortholog_one2one,88.4058,88.1503
2009059,ENSCAFG00000000583,,ENSG00000171217,,ortholog_one2one,88.5845,88.5845
2009367,ENSCAFG00000000589,,ENSG00000074771,,ortholog_one2one,86.9489,86.7958
2009552,ENSCAFG00000000608,,ENSG00000049618,,ortholog_one2one,95.3836,61.8465
2009856,ENSCAFG00000000616,,ENSG00000215712,,ortholog_one2one,38.0597,72.3404
2010092,ENSCAFG00000000618,,ENSG00000175048,,ortholog_one2one,96.5092,96.3115
2010659,ENSCAFG00000000627,,ENSG00000130340,,ortholog_one2one,84.2988,92.9412
2010972,ENSCAFG00000000644,,ENSG00000078269,,ortholog_one2one,78.8991,80.4813
2011171,ENSCAFG00000000647,,ENSG00000122335,,ortholog_one2one,88.3929,90.8257
2011426,ENSCAFG00000032740,,ENSG00000272047,,ortholog_one2one,100.0,100.0
2011694,ENSCAFG00000000652,,ENSG00000130338,,ortholog_one2one,91.3437,91.6397
2012017,ENSCAFG00000000655,,ENSG00000146433,,ortholog_one2one,79.5041,93.2171
2012270,ENSCAFG00000000657,,ENSG00000146425,,ortholog_one2one,52.5581,100.0
2012529,ENSCAFG00000000659,,ENSG00000164674,,ortholog_one2one,79.8361,79.8361
2012735,ENSCAFG00000000661,,ENSG00000092820,,ortholog_one2one,97.099,97.099
2012923,ENSCAFG00000000664,,ENSG00000130363,,ortholog_one2one,79.1367,58.9286
2013204,ENSCAFG00000048437,,ENSG00000102317,,ortholog_one2many,84.7826,49.6815
2013365,ENSCAFG00000000665,,ENSG00000164691,,ortholog_one2one,74.2739,73.461
2013648,ENSCAFG00000000667,,ENSG00000164694,,ortholog_one2one,72.3264,75.3432
2013893,ENSCAFG00000000671,,ENSG00000112096,,ortholog_one2many,35.0877,90.0901
2014152,ENSCAFG00000023207,,ENSG00000146457,,ortholog_one2one,96.2121,96.2121
2014348,ENSCAFG00000000720,,ENSG00000120437,,ortholog_one2one,89.9244,89.9244
2014641,ENSCAFG00000000732,,ENSG00000120438,,ortholog_one2one,97.6619,97.6619
2014927,ENSCAFG00000031434,,ENSG00000112110,,ortholog_one2one,84.0206,90.5556
2015185,ENSCAFG00000000740,,ENSG00000146453,,ortholog_one2one,87.7589,87.7589
2015355,ENSCAFG00000000742,,ENSG00000130368,,ortholog_one2one,90.4615,90.4615
2015514,ENSCAFG00000000691,,ENSG00000197081,,ortholog_one2one,85.5426,85.7487
2015763,ENSCAFG00000049337,,ENSG00000175003,,ortholog_one2one,71.7514,22.9242
2015889,ENSCAFG00000000757,,ENSG00000112499,,ortholog_one2one,84.6154,81.2613
2016252,ENSCAFG00000023358,,ENSG00000146477,,ortholog_one2one,92.0,91.0072
2016447,ENSCAFG00000000758,,ENSG00000122194,,ortholog_one2one,83.1281,83.3333
2016833,ENSCAFG00000000760,,ENSG00000085511,,ortholog_one2one,87.5521,91.4179
2017031,ENSCAFG00000000765,,ENSG00000026652,,ortholog_one2one,92.0635,92.0635
2017287,ENSCAFG00000000769,,ENSG00000185345,,ortholog_one2one,85.7759,85.5914
2017928,ENSCAFG00000000770,,ENSG00000112530,,ortholog_one2one,97.6654,84.7973
2018192,ENSCAFG00000000772,,ENSG00000112531,,ortholog_one2one,96.4179,94.7214
2018500,ENSCAFG00000000781,,ENSG00000112539,,ortholog_one2one,51.4886,62.6866
2018631,ENSCAFG00000000795,,ENSG00000112541,,ortholog_one2one,95.0882,71.564
2018909,ENSCAFG00000000807,,ENSG00000164458,,ortholog_one2one,89.8851,89.6789
2019509,ENSCAFG00000000811,,ENSG00000198818,,ortholog_one2one,94.3396,94.3396
2019771,ENSCAFG00000041860,,ENSG00000060762,,ortholog_one2many,96.3303,96.3303
2020030,ENSCAFG00000000828,,ENSG00000071242,,ortholog_one2one,95.5145,95.5145
2020286,ENSCAFG00000000842,,ENSG00000026297,,ortholog_one2many,31.1644,59.4771
2020287,ENSCAFG00000000842,,ENSG00000249141,,ortholog_one2many,20.8904,65.9459
2020534,ENSCAFG00000000847,,ENSG00000213066,,ortholog_one2one,86.4499,79.9499
2020870,ENSCAFG00000030966,,ENSG00000112486,,ortholog_one2one,64.2553,80.7487
2021213,ENSCAFG00000000853,,ENSG00000120436,,ortholog_one2one,65.8228,65.2038
2021583,ENSCAFG00000023119,,ENSG00000120440,,ortholog_one2one,62.89,64.6959
2021753,ENSCAFG00000000858,,ENSG00000112494,,ortholog_one2one,80.7018,80.5252
2022241,ENSCAFG00000000860,,ENSG00000130396,,ortholog_one2one,89.3777,90.8397
2022487,ENSCAFG00000000863,,ENSG00000125337,,ortholog_one2one,28.0576,50.7812
2022686,ENSCAFG00000032080,,ENSG00000153303,,ortholog_one2one,39.2241,14.8208
2022853,ENSCAFG00000000866,,ENSG00000164488,,ortholog_one2one,56.6489,55.0388
2023075,ENSCAFG00000000868,,ENSG00000112562,,ortholog_one2one,60.8696,88.8403
2023325,ENSCAFG00000000874,,ENSG00000186340,,ortholog_one2one,88.6325,88.1054
2023645,ENSCAFG00000000884,,ENSG00000285733,,ortholog_one2many,12.2099,52.1552
2023646,ENSCAFG00000000884,,ENSG00000184465,,ortholog_one2many,56.3068,62.3464
2023918,ENSCAFG00000000886,,ENSG00000111817,,ortholog_one2many,92.016,96.2422
2023919,ENSCAFG00000000886,,ENSG00000285446,,ortholog_one2many,26.2475,93.2624
2024178,ENSCAFG00000023345,,ENSG00000188820,,ortholog_one2one,77.2586,78.7302
2024431,ENSCAFG00000032020,,ENSG00000173626,,ortholog_one2one,95.0276,95.0276
2024619,ENSCAFG00000000889,,ENSG00000178033,,ortholog_one2one,89.9676,89.9676
2025046,ENSCAFG00000000891,,ENSG00000164451,,ortholog_one2one,83.4862,86.9427
2025216,ENSCAFG00000031480,,ENSG00000111832,,ortholog_one2one,98.7654,98.7654
2025965,ENSCAFG00000000897,,ENSG00000111834,,ortholog_one2one,80.3894,80.7263
2026164,ENSCAFG00000000901,,ENSG00000153975,,ortholog_one2one,77.4648,85.6401
2026345,ENSCAFG00000000905,,ENSG00000196911,,ortholog_one2one,99.0724,99.0724
2026564,ENSCAFG00000000908,,ENSG00000183807,,ortholog_one2one,79.3548,75.9259
2026794,ENSCAFG00000000911,,ENSG00000173612,,ortholog_one2one,86.8534,87.041
2027058,ENSCAFG00000000915,,ENSG00000185002,,ortholog_one2one,91.3232,90.7328
2027309,ENSCAFG00000000920,,ENSG00000170162,,ortholog_one2one,96.2145,96.2145
2027547,ENSCAFG00000000923,,ENSG00000047936,,ortholog_one2one,83.9095,83.7665
2027744,ENSCAFG00000000925,,ENSG00000164465,,ortholog_one2one,86.6534,60.8392
2027957,ENSCAFG00000000928,,ENSG00000282218,,ortholog_one2many,40.9978,60.9677
2027958,ENSCAFG00000000928,,ENSG00000047932,,ortholog_one2many,94.1432,93.9394
2028400,ENSCAFG00000000931,,ENSG00000153989,,ortholog_one2one,92.4915,92.4915
2028664,ENSCAFG00000000932,,ENSG00000196376,,ortholog_one2one,97.0588,97.0588
2028900,ENSCAFG00000000935,,ENSG00000111860,,ortholog_one2one,86.8932,88.6139
2029147,ENSCAFG00000049711,,ENSG00000198523,,ortholog_one2one,96.1538,96.1538
2029383,ENSCAFG00000000938,,ENSG00000111877,,ortholog_one2one,81.5074,81.3648
2029619,ENSCAFG00000000939,,ENSG00000111875,,ortholog_one2one,100.0,100.0
2029821,ENSCAFG00000000942,,ENSG00000111879,,ortholog_one2one,93.0676,94.2105
2030163,ENSCAFG00000000945,,ENSG00000111885,,ortholog_one2one,48.3696,81.7764
2030611,ENSCAFG00000000955,,ENSG00000146350,,ortholog_one2one,85.7569,88.5978
2031032,ENSCAFG00000000958,,ENSG00000152661,,ortholog_one2one,94.4584,98.1675
2031287,ENSCAFG00000000989,,ENSG00000111897,,ortholog_one2one,98.234,98.234
2031554,ENSCAFG00000000969,,ENSG00000025156,,ortholog_one2one,98.0159,92.1642
2031809,ENSCAFG00000029950,,ENSG00000164434,,ortholog_one2one,40.708,55.4217
2032130,ENSCAFG00000001002,,ENSG00000172594,,ortholog_one2one,83.0022,83.0022
2032379,ENSCAFG00000001006,,ENSG00000146352,,ortholog_one2one,100.0,100.0
2032651,ENSCAFG00000001016,,ENSG00000186439,,ortholog_one2one,85.4195,85.1852
2032908,ENSCAFG00000041364,,ENSG00000188580,,ortholog_one2one,98.5577,98.5577
2033130,ENSCAFG00000001028,,ENSG00000146373,,ortholog_one2one,96.1538,18.4502
2033372,ENSCAFG00000001029,,ENSG00000111907,,ortholog_one2one,74.7036,90.4306
2033626,ENSCAFG00000001030,,ENSG00000111906,,ortholog_one2one,56.6102,81.8627
2033908,ENSCAFG00000001047,,ENSG00000111912,,ortholog_one2one,66.3399,86.1996
2034261,ENSCAFG00000001057,,ENSG00000066651,,ortholog_one2one,71.6753,89.6328
2034519,ENSCAFG00000029836,,ENSG00000203760,,ortholog_one2one,71.5909,61.165
2034866,ENSCAFG00000001066,,ENSG00000100129,,ortholog_one2many,96.7811,74.2998
2035140,ENSCAFG00000001067,,ENSG00000146374,,ortholog_one2one,81.7518,76.7123
2035440,ENSCAFG00000001068,,ENSG00000118518,,ortholog_one2one,91.6435,91.6435
2035759,ENSCAFG00000001069,,ENSG00000093144,,ortholog_one2many,64.0827,80.7818
2036018,ENSCAFG00000001071,,ENSG00000214338,,ortholog_one2many,90.8995,90.7075
2036019,ENSCAFG00000001071,,ENSG00000255330,,ortholog_one2many,90.8995,90.7075
2036339,ENSCAFG00000001072,,ENSG00000184530,,ortholog_one2one,64.4377,64.2424
2036746,ENSCAFG00000001078,,ENSG00000172673,,ortholog_one2one,86.0643,82.6471
2036970,ENSCAFG00000001101,,ENSG00000152894,,ortholog_one2one,93.0547,98.3016
2037603,ENSCAFG00000001106,,ENSG00000196569,,ortholog_one2one,88.946,88.6611
2038088,ENSCAFG00000001114,,ENSG00000146376,,ortholog_one2one,88.697,85.2187
2038343,ENSCAFG00000001115,,ENSG00000198945,,ortholog_one2one,93.5159,83.2051
2038542,ENSCAFG00000001116,,ENSG00000164483,,ortholog_one2one,80.695,76.8382
2038711,ENSCAFG00000001117,,ENSG00000164484,,ortholog_one2one,88.0716,90.224
2038951,ENSCAFG00000001136,,ENSG00000079819,,ortholog_one2one,70.6288,81.592
2039374,ENSCAFG00000001147,,ENSG00000118507,,ortholog_one2one,61.1111,62.8571
2044491,ENSCAFG00000048343,,ENSG00000101079,,ortholog_one2many,57.3222,35.3093
2062658,ENSCAFG00000001991,,ENSG00000166165,,ortholog_one2many,80.5825,65.3543
2073318,ENSCAFG00000002218,,ENSG00000184923,,ortholog_one2many,50.3516,40.7745
2073319,ENSCAFG00000002218,,ENSG00000214562,,ortholog_one2many,50.3516,44.4169
2073320,ENSCAFG00000002218,,ENSG00000188199,,ortholog_one2many,50.6329,41.0023
2073321,ENSCAFG00000002218,,ENSG00000228570,,ortholog_one2many,50.211,40.6606
2076494,ENSCAFG00000002285,,ENSG00000115268,,ortholog_one2one,64.5669,53.9474
2079459,ENSCAFG00000031861,,ENSG00000099326,,ortholog_one2one,81.2098,85.9673
2079665,ENSCAFG00000002349,,ENSG00000130725,,ortholog_one2one,100.0,100.0
2079801,ENSCAFG00000002352,,ENSG00000130724,,ortholog_one2one,54.7945,70.4846
2080034,ENSCAFG00000002356,,ENSG00000119574,,ortholog_one2one,61.6179,70.0587
2080242,ENSCAFG00000031873,,ENSG00000083838,,ortholog_one2one,69.5096,72.4444
2080360,ENSCAFG00000002360,,ENSG00000083812,,ortholog_many2many,62.3704,76.1302
2080361,ENSCAFG00000002360,,ENSG00000249471,,ortholog_many2many,58.2222,72.2426
2080667,ENSCAFG00000029721,,ENSG00000131849,,ortholog_one2one,77.2464,75.4958
2080771,ENSCAFG00000002361,,ENSG00000171574,,ortholog_one2one,68.7764,77.4347
2080936,ENSCAFG00000002363,,ENSG00000269855,,ortholog_one2one,79.8799,80.8511
2081031,ENSCAFG00000002366,,ENSG00000083845,,ortholog_one2one,100.0,90.6667
2081299,ENSCAFG00000002367,,ENSG00000121410,,ortholog_one2one,58.5106,66.6667
2081472,ENSCAFG00000031654,,ENSG00000182318,,ortholog_one2one,78.6693,81.8737
2081550,ENSCAFG00000002372,,ENSG00000278129,,ortholog_one2one,80.7292,80.8696
2081653,ENSCAFG00000045825,,ENSG00000171606,,ortholog_one2one,75.4019,71.8224
2082019,ENSCAFG00000002392,,ENSG00000121413,,ortholog_one2one,54.7619,48.7633
2082098,ENSCAFG00000043583,,ENSG00000176293,,ortholog_one2one,63.6364,58.5044
2082311,ENSCAFG00000032407,,ENSG00000152467,,ortholog_one2one,52.9046,62.5
2082365,ENSCAFG00000029776,,ENSG00000166704,,ortholog_one2one,67.0886,93.6869
2082500,ENSCAFG00000023343,,ENSG00000177025,,ortholog_one2one,48.8789,50.6977
2082577,ENSCAFG00000046247,,ENSG00000083814,,ortholog_one2one,72.211,66.6667
2082708,ENSCAFG00000028550,,ENSG00000267041,,ortholog_one2one,36.9254,44.9541
2083054,ENSCAFG00000049889,,ENSG00000265354,,ortholog_many2many,90.9091,90.9091
2083055,ENSCAFG00000049889,,ENSG00000178440,,ortholog_many2many,75.1196,83.5106
2083056,ENSCAFG00000049889,,ENSG00000204152,,ortholog_many2many,75.1196,83.5106
2083612,ENSCAFG00000031283,,ENSG00000213762,,ortholog_one2one,82.6603,81.4988
2084025,ENSCAFG00000050011,,ENSG00000179909,,ortholog_one2many,46.3235,57.6659
2084197,ENSCAFG00000029649,,ENSG00000204519,,ortholog_one2one,61.2613,60.8955
2084310,ENSCAFG00000002412,,ENSG00000179909,,ortholog_one2many,56.7669,69.1076
2084486,ENSCAFG00000042267,,ENSG00000152454,,ortholog_one2one,9.09091,0.956938
2084742,ENSCAFG00000002421,,ENSG00000251369,,ortholog_one2one,81.9477,81.7536
2085000,ENSCAFG00000041904,,ENSG00000083844,,ortholog_one2many,46.25,29.5056
2085001,ENSCAFG00000041904,,ENSG00000204524,,ortholog_one2many,44.5,28.3892
2085173,ENSCAFG00000031784,,ENSG00000152439,,ortholog_one2one,69.6121,73.0769
2085346,ENSCAFG00000007175,,ENSG00000197128,,ortholog_one2one,78.1124,79.5501
2085553,ENSCAFG00000030603,,ENSG00000196724,,ortholog_many2many,47.4895,32.5681
2085554,ENSCAFG00000030603,,ENSG00000083828,,ortholog_many2many,34.9372,41.5423
2085555,ENSCAFG00000030603,,ENSG00000171466,,ortholog_many2many,26.9874,30.2817
2085556,ENSCAFG00000030603,,ENSG00000171469,,ortholog_many2many,30.7531,30.2469
2085761,ENSCAFG00000028833,,ENSG00000188785,,ortholog_one2many,63.6364,68.0734
2085762,ENSCAFG00000028833,,ENSG00000268133,,ortholog_one2many,11.4923,65.6863
2086112,ENSCAFG00000030247,,ENSG00000131845,,ortholog_one2one,85.6061,80.0283
2086315,ENSCAFG00000030732,,ENSG00000178229,,ortholog_one2one,70.8535,73.3333
2086472,ENSCAFG00000023297,,ENSG00000105146,,ortholog_one2one,91.2727,81.2298
2086589,ENSCAFG00000029153,,ENSG00000198300,,ortholog_one2one,69.281,73.4257
2088074,ENSCAFG00000046876,,ENSG00000268182,,ortholog_one2one,39.4118,56.7797
2088287,ENSCAFG00000032211,,ENSG00000197951,,ortholog_one2one,58.8394,79.4171
2088380,ENSCAFG00000032312,,ENSG00000197016,,ortholog_one2one,90.6555,90.6555
2088499,ENSCAFG00000024289,,ENSG00000196867,,ortholog_one2one,74.6114,82.9493
2088633,ENSCAFG00000030221,,ENSG00000196263,,ortholog_one2one,67.4603,81.4697
2088773,ENSCAFG00000029312,,ENSG00000018869,,ortholog_one2one,85.8801,85.8801
2088961,ENSCAFG00000031296,,ENSG00000198440,,ortholog_one2one,91.0369,91.0369
2089091,ENSCAFG00000002479,,ENSG00000198046,,ortholog_one2one,77.3556,83.4426
2089275,ENSCAFG00000048121,,ENSG00000267710,,ortholog_one2one,66.0377,65.2174
2089457,ENSCAFG00000029589,,ENSG00000197487,,ortholog_one2one,65.7895,64.6552
2089520,ENSCAFG00000024225,,ENSG00000167685,,ortholog_one2one,84.3077,83.792
2089622,ENSCAFG00000002481,,ENSG00000142409,,ortholog_one2one,79.6095,96.0733
2089707,ENSCAFG00000002501,,ENSG00000171487,,ortholog_one2one,64.8862,61.75
2089793,ENSCAFG00000024197,,ENSG00000179709,,ortholog_one2one,60.7283,58.874
2089851,ENSCAFG00000002520,,ENSG00000173572,,ortholog_one2one,55.3151,56.3758
2089910,ENSCAFG00000024115,,ENSG00000185792,,ortholog_one2many,67.915,67.7094
2090064,ENSCAFG00000002531,,ENSG00000063245,,ortholog_one2one,90.6854,77.9456
2090258,ENSCAFG00000002551,,ENSG00000063244,,ortholog_one2one,100.0,100.0
2090516,ENSCAFG00000002558,,ENSG00000173581,,ortholog_one2one,77.8116,91.4286
2090772,ENSCAFG00000032256,,ENSG00000171425,,ortholog_one2one,88.3838,88.8325
2090920,ENSCAFG00000028709,,ENSG00000213015,,ortholog_one2one,98.2558,98.2558
2091005,ENSCAFG00000049944,,ENSG00000179922,,ortholog_one2one,87.2671,86.9969
2091101,ENSCAFG00000002564,,ENSG00000261221,,ortholog_one2one,85.1339,87.0633
2091314,ENSCAFG00000002561,,ENSG00000179943,,ortholog_one2one,90.6561,91.9355
2091385,ENSCAFG00000044291,,ENSG00000218891,,ortholog_one2one,92.3875,95.0178
2091458,ENSCAFG00000031063,,ENSG00000187550,,ortholog_one2one,39.4604,67.2414
2091631,ENSCAFG00000002573,,ENSG00000179954,,ortholog_one2one,84.8291,50.4768
2091735,ENSCAFG00000002575,,ENSG00000090971,,ortholog_one2one,78.4861,95.6311
2091941,ENSCAFG00000032330,,ENSG00000197483,,ortholog_one2one,86.1836,84.2304
2092145,ENSCAFG00000047090,,ENSG00000283567,,ortholog_one2one,72.5962,68.018
2092222,ENSCAFG00000002580,,ENSG00000063241,,ortholog_one2one,62.782,75.5656
2092439,ENSCAFG00000002585,,ENSG00000108107,,ortholog_one2one,52.7273,68.2353
2092698,ENSCAFG00000032489,,ENSG00000187902,,ortholog_one2one,74.9533,74.5353
2092930,ENSCAFG00000029379,,ENSG00000108106,,ortholog_one2one,95.0673,95.4955
2093158,ENSCAFG00000024559,,ENSG00000233493,,ortholog_one2one,91.4286,90.9091
2093353,ENSCAFG00000002587,,ENSG00000160472,,ortholog_one2one,74.0331,75.7062
2093444,ENSCAFG00000002588,,ENSG00000095752,,ortholog_one2one,93.4673,93.4673
2093670,ENSCAFG00000041782,,ENSG00000180043,,ortholog_one2many,41.0565,48.0477
2093671,ENSCAFG00000041782,,ENSG00000267706,,ortholog_one2many,16.3114,37.2881
2093747,ENSCAFG00000002594,,ENSG00000133247,,ortholog_one2one,72.6297,87.8788
2093934,ENSCAFG00000002595,,ENSG00000180061,,ortholog_one2one,76.9231,77.2532
2094110,ENSCAFG00000002620,,ENSG00000105048,,ortholog_one2one,39.0244,46.0432
2094374,ENSCAFG00000002601,,ENSG00000160469,,ortholog_one2one,99.1139,98.6146
2094503,ENSCAFG00000002605,,ENSG00000133265,,ortholog_one2one,82.8125,88.5794
2094703,ENSCAFG00000002608,,ENSG00000105063,,ortholog_one2one,88.9396,88.5358
2094830,ENSCAFG00000002609,,ENSG00000180089,,ortholog_one2one,63.7168,63.7168
2095022,ENSCAFG00000002611,,ENSG00000080031,,ortholog_one2one,59.322,50.2242
2095131,ENSCAFG00000002613,,ENSG00000129990,,ortholog_one2one,67.5439,79.7927
2095257,ENSCAFG00000002615,,ENSG00000267110,,ortholog_one2many,21.0317,61.6279
2095258,ENSCAFG00000002615,,ENSG00000167646,,ortholog_one2many,79.3651,65.7895
2095438,ENSCAFG00000002618,,ENSG00000129991,,ortholog_one2one,94.7867,90.4977
2095925,ENSCAFG00000002626,,ENSG00000125503,,ortholog_one2one,88.5224,85.8056
2096116,ENSCAFG00000002628,,ENSG00000131037,,ortholog_one2one,83.2884,85.4772
2096386,ENSCAFG00000002635,,ENSG00000160439,,ortholog_one2one,62.3711,73.1118
2096574,ENSCAFG00000031157,,ENSG00000088053,,ortholog_one2one,55.2486,32.2581
2096681,ENSCAFG00000002638,,ENSG00000022556,,ortholog_one2one,62.3457,9.51036
2096828,ENSCAFG00000023787,,ENSG00000189430,,ortholog_one2one,61.076,63.4868
2096977,ENSCAFG00000050021,,ENSG00000104974,,ortholog_one2many,51.2605,12.4744
2096978,ENSCAFG00000050021,,ENSG00000239998,,ortholog_one2many,52.9412,13.0435
2096979,ENSCAFG00000050021,,ENSG00000104972,,ortholog_one2many,51.2605,8.70185
2096980,ENSCAFG00000050021,,ENSG00000131042,,ortholog_one2many,52.9412,10.5351
2097425,ENSCAFG00000029267,,ENSG00000167617,,ortholog_one2one,82.3529,85.1351
2097578,ENSCAFG00000002649,,ENSG00000167615,,ortholog_one2one,85.6106,81.0069
2097784,ENSCAFG00000002657,,ENSG00000167614,,ortholog_one2one,92.1739,92.1739
2098747,ENSCAFG00000002701,,ENSG00000105619,,ortholog_one2one,95.2569,95.2569
2098966,ENSCAFG00000002675,,ENSG00000170892,,ortholog_one2one,55.0802,65.3968
2099155,ENSCAFG00000002689,,ENSG00000125505,,ortholog_one2one,81.1203,82.839
2099356,ENSCAFG00000002694,,ENSG00000167608,,ortholog_one2one,79.8913,82.5843
2099539,ENSCAFG00000002697,,ENSG00000105617,,ortholog_one2one,75.8865,81.0606
2099724,ENSCAFG00000002699,,ENSG00000088038,,ortholog_one2one,89.8089,93.6255
2100008,ENSCAFG00000002700,,ENSG00000105618,,ortholog_one2one,99.5992,99.5992
2100220,ENSCAFG00000002703,,ENSG00000170906,,ortholog_one2many,80.9524,80.9524
2100438,ENSCAFG00000024209,,ENSG00000170909,,ortholog_one2one,69.434,64.3357
2100624,ENSCAFG00000024198,,ENSG00000248385,,ortholog_one2many,36.5169,46.595
2100835,ENSCAFG00000028940,,ENSG00000248385,,ortholog_one2many,56.1404,57.3477
2101051,ENSCAFG00000024196,,ENSG00000189068,,ortholog_one2one,60.5634,36.4407
2101216,ENSCAFG00000002704,,ENSG00000130433,,ortholog_one2one,88.8462,88.8462
2101469,ENSCAFG00000032667,,ENSG00000142408,,ortholog_one2one,90.8867,86.8235
2101719,ENSCAFG00000029738,,ENSG00000105605,,ortholog_one2one,100.0,100.0
2101995,ENSCAFG00000002713,,ENSG00000126583,,ortholog_one2many,98.5653,98.5653
2102213,ENSCAFG00000045038,,ENSG00000179820,,ortholog_one2many,92.236,92.236
2102651,ENSCAFG00000032019,,ENSG00000142405,,ortholog_one2many,80.2644,80.0377
2102851,ENSCAFG00000029928,,ENSG00000126583,,ortholog_one2many,98.5653,98.5653
2103070,ENSCAFG00000048006,,ENSG00000179820,,ortholog_one2many,92.236,92.236
2103509,ENSCAFG00000002723,,ENSG00000142405,,ortholog_one2many,80.0377,80.0377
2103706,ENSCAFG00000030128,,ENSG00000204595,,ortholog_one2one,54.8913,52.8796
2103998,ENSCAFG00000002745,,ENSG00000130844,,ortholog_one2one,81.6901,87.689
2106611,ENSCAFG00000041099,,ENSG00000229924,,ortholog_one2many,34.4051,23.0603
2106680,ENSCAFG00000002763,,ENSG00000225899,,ortholog_one2many,42.2939,42.2939
2106734,ENSCAFG00000044077,,ENSG00000196131,,ortholog_one2one,52.7778,48.1013
2106773,ENSCAFG00000032029,,ENSG00000197928,,ortholog_one2one,57.1827,70.2055
2106975,ENSCAFG00000042474,,ENSG00000198346,,ortholog_one2many,56.3107,9.40032
2106976,ENSCAFG00000042474,,ENSG00000167562,,ortholog_one2many,56.3107,10.9228
2106977,ENSCAFG00000042474,,ENSG00000180257,,ortholog_one2many,51.4563,8.14132
2106978,ENSCAFG00000042474,,ENSG00000160336,,ortholog_one2many,55.3398,7.64075
2106979,ENSCAFG00000042474,,ENSG00000203326,,ortholog_one2many,58.2524,12.5261
2106980,ENSCAFG00000042474,,ENSG00000221874,,ortholog_one2many,54.3689,24.0343
2106981,ENSCAFG00000042474,,ENSG00000213793,,ortholog_one2many,55.3398,7.93872
2106982,ENSCAFG00000042474,,ENSG00000204604,,ortholog_one2many,57.2816,11.3027
2106983,ENSCAFG00000042474,,ENSG00000196417,,ortholog_one2many,55.3398,10.8987
2106984,ENSCAFG00000042474,,ENSG00000258405,,ortholog_one2many,54.3689,9.49153
2107286,ENSCAFG00000002772,,ENSG00000105568,,ortholog_one2one,98.8136,98.9813
2107479,ENSCAFG00000044273,,ENSG00000228567,,ortholog_one2many,47.557,48.505
2107703,ENSCAFG00000044603,,ENSG00000228567,,ortholog_one2many,44.5055,53.8206
2107973,ENSCAFG00000029079,,ENSG00000197619,,ortholog_one2one,73.7218,83.558
2108093,ENSCAFG00000029504,,ENSG00000256087,,ortholog_one2one,83.7423,83.7423
2108234,ENSCAFG00000029631,,ENSG00000176024,,ortholog_one2one,78.8274,78.4441
2108305,ENSCAFG00000030027,,ENSG00000161551,,ortholog_one2many,69.0632,65.3608
2108499,ENSCAFG00000043059,,ENSG00000161551,,ortholog_one2many,67.1698,73.4021
2108769,ENSCAFG00000002807,,ENSG00000171049,,ortholog_one2many,78.6458,86.0399
2108770,ENSCAFG00000002807,,ENSG00000187474,,ortholog_one2many,63.0208,68.5552
2109121,ENSCAFG00000002813,,ENSG00000105509,,ortholog_one2one,79.8122,29.0598
2109318,ENSCAFG00000002820,,ENSG00000182310,,ortholog_one2one,70.679,70.679
2109414,ENSCAFG00000032162,,ENSG00000268500,,ortholog_one2many,59.4128,62.4319
2109415,ENSCAFG00000032162,,ENSG00000254415,,ortholog_one2many,38.5147,56.3131
2109416,ENSCAFG00000032162,,ENSG00000105501,,ortholog_one2many,59.4128,62.4319
2109635,ENSCAFG00000023978,,ENSG00000142544,,ortholog_one2many,59.507,48.5632
2109972,ENSCAFG00000029814,,ENSG00000105497,,ortholog_one2one,74.9292,74.4023
2110129,ENSCAFG00000044469,,ENSG00000105492,,ortholog_many2many,58.6907,57.3951
2110130,ENSCAFG00000044469,,ENSG00000105383,,ortholog_many2many,41.0835,50.0
2110503,ENSCAFG00000002834,,ENSG00000142512,,ortholog_one2many,60.2667,64.8494
2110504,ENSCAFG00000002834,,ENSG00000161640,,ortholog_one2many,52.6667,56.5903
2110701,ENSCAFG00000040684,,ENSG00000262874,,ortholog_one2one,58.4615,61.2903
2110779,ENSCAFG00000002844,,ENSG00000105370,,ortholog_one2one,91.3295,73.4884
2111032,ENSCAFG00000002852,,ENSG00000105379,,ortholog_one2one,50.2155,67.341
2111240,ENSCAFG00000023923,,ENSG00000186806,,ortholog_one2one,70.6695,76.7013
2111362,ENSCAFG00000002854,,ENSG00000142549,,ortholog_one2one,71.0145,72.9167
2111883,ENSCAFG00000046424,,ENSG00000179213,,ortholog_one2one,65.9794,64.9746
2112363,ENSCAFG00000028603,,ENSG00000105492,,ortholog_many2many,43.0206,41.5011
2112364,ENSCAFG00000028603,,ENSG00000105383,,ortholog_many2many,51.7162,62.0879
2112606,ENSCAFG00000002869,,ENSG00000213822,,ortholog_one2one,51.1628,51.5625
2112672,ENSCAFG00000002874,,ENSG00000142544,,ortholog_one2many,88.3978,45.977
2112870,ENSCAFG00000002880,,ENSG00000129437,,ortholog_one2one,79.2829,74.5318
2113032,ENSCAFG00000002883,,ENSG00000167759,,ortholog_one2one,77.931,81.5884
2113128,ENSCAFG00000043606,,ENSG00000186474,,ortholog_one2one,65.1685,68.5039
2113283,ENSCAFG00000002886,,ENSG00000167757,,ortholog_one2one,63.6628,77.6596
2113438,ENSCAFG00000029529,,ENSG00000129451,,ortholog_one2one,49.4407,80.0725
2113666,ENSCAFG00000042298,,ENSG00000213022,,ortholog_one2many,88.8446,89.2
2113667,ENSCAFG00000042298,,ENSG00000269741,,ortholog_one2many,88.8446,89.2
2113779,ENSCAFG00000002896,,ENSG00000169035,,ortholog_one2one,30.5556,82.6087
2113933,ENSCAFG00000002900,,ENSG00000167755,,ortholog_one2one,65.4008,63.5246
2114027,ENSCAFG00000002902,,ENSG00000167754,,ortholog_one2one,68.7296,72.0136
2114179,ENSCAFG00000002905,,ENSG00000167749,,ortholog_one2one,64.0449,67.3228
2114473,ENSCAFG00000002914,,ENSG00000167748,,ortholog_one2one,37.6437,50.0
2114629,ENSCAFG00000002907,,ENSG00000142515,,ortholog_one2many,28.5347,42.3664
2114630,ENSCAFG00000002907,,ENSG00000167751,,ortholog_one2many,30.0771,44.8276
2114792,ENSCAFG00000045549,,ENSG00000196230,,ortholog_one2many,83.8095,19.8198
2115115,ENSCAFG00000042730,,ENSG00000174562,,ortholog_one2one,47.7816,54.6875
2115582,ENSCAFG00000002920,,ENSG00000142513,,ortholog_one2one,87.3536,87.5587
2115767,ENSCAFG00000002923,,ENSG00000105472,,ortholog_one2one,67.8984,91.0217
2115952,ENSCAFG00000002924,,ENSG00000161681,,ortholog_one2one,87.4251,13.4624
2116251,ENSCAFG00000002960,,ENSG00000213023,,ortholog_one2one,93.7394,93.8983
2116469,ENSCAFG00000002964,,ENSG00000131409,,ortholog_one2one,97.3501,97.8962
2116770,ENSCAFG00000002965,,ENSG00000204653,,ortholog_one2one,52.5066,70.318
2116967,ENSCAFG00000002968,,ENSG00000161677,,ortholog_one2one,95.8904,74.4681
2117171,ENSCAFG00000002973,,ENSG00000161671,,ortholog_one2one,67.5182,49.8652
2117370,ENSCAFG00000002974,,ENSG00000142530,,ortholog_one2one,56.1181,53.8462
2117473,ENSCAFG00000002982,,ENSG00000086967,,ortholog_one2one,79.4773,90.6223
2117688,ENSCAFG00000002937,,ENSG00000062822,,ortholog_one2one,93.5863,91.4387
2117898,ENSCAFG00000003342,,ENSG00000131400,,ortholog_one2one,62.9921,76.1905
2118045,ENSCAFG00000003338,,ENSG00000131408,,ortholog_one2one,94.0659,93.0435
2118183,ENSCAFG00000003156,,ENSG00000105357,,ortholog_one2one,91.2645,92.8782
2118401,ENSCAFG00000003346,,ENSG00000161652,,ortholog_one2one,48.2759,47.8632
2118602,ENSCAFG00000032305,,ENSG00000142528,,ortholog_one2one,63.9363,64.5235
2118756,ENSCAFG00000003420,,ENSG00000105053,,ortholog_one2one,76.2637,73.2067
2119212,ENSCAFG00000003439,,ENSG00000104951,,ortholog_one2one,74.4387,73.1749
2119588,ENSCAFG00000003462,,ENSG00000104946,,ortholog_one2one,88.3481,92.4383
2119798,ENSCAFG00000003475,,ENSG00000204673,,ortholog_one2one,93.8406,93.8406
2119978,ENSCAFG00000003485,,ENSG00000039650,,ortholog_one2one,76.4007,86.3724
2120181,ENSCAFG00000003495,,ENSG00000104960,,ortholog_one2one,97.1084,96.875
2120279,ENSCAFG00000003398,,ENSG00000104973,,ortholog_one2one,91.6824,60.9296
2120500,ENSCAFG00000003555,,ENSG00000126467,,ortholog_one2one,73.021,76.3513
2120608,ENSCAFG00000003541,,ENSG00000196961,,ortholog_one2one,95.1759,96.9294
2120711,ENSCAFG00000003568,,ENSG00000169169,,ortholog_one2one,75.93,86.4259
2120823,ENSCAFG00000028797,,ENSG00000224420,,ortholog_one2one,59.6026,58.8235
2120860,ENSCAFG00000003589,,ENSG00000126457,,ortholog_one2one,54.9383,95.9569
2121099,ENSCAFG00000003594,,ENSG00000126456,,ortholog_one2one,49.4662,30.7522
2121319,ENSCAFG00000003597,,ENSG00000126461,,ortholog_one2one,92.1152,92.6067
2121512,ENSCAFG00000003604,,ENSG00000126458,,ortholog_one2one,56.6553,76.1468
2121719,ENSCAFG00000003611,,ENSG00000126464,,ortholog_one2one,96.4567,96.2672
2121999,ENSCAFG00000024500,,ENSG00000126460,,ortholog_one2one,86.6337,86.6337
2122180,ENSCAFG00000003614,,ENSG00000142546,,ortholog_one2one,56.3991,85.5263
2122396,ENSCAFG00000003620,,ENSG00000142552,,ortholog_one2one,95.7317,95.7317
2122519,ENSCAFG00000003625,,ENSG00000104870,,ortholog_one2one,82.7684,80.274
2122653,ENSCAFG00000003631,,ENSG00000142534,,ortholog_one2one,100.0,100.0
2122865,ENSCAFG00000029892,,ENSG00000142541,,ortholog_one2one,98.5222,95.2381
2123114,ENSCAFG00000003636,,ENSG00000090554,,ortholog_one2one,30.9237,65.5319
2123212,ENSCAFG00000003649,,ENSG00000161618,,ortholog_one2one,78.4473,84.414
2123396,ENSCAFG00000003659,,ENSG00000104872,,ortholog_one2one,52.495,90.6897
2123589,ENSCAFG00000003665,,ENSG00000104888,,ortholog_one2one,98.75,98.75
2123936,ENSCAFG00000031563,,ENSG00000261949,,ortholog_one2one,68.2785,68.1467
2124019,ENSCAFG00000003675,,ENSG00000142538,,ortholog_one2one,87.8788,87.0
2124177,ENSCAFG00000003677,,ENSG00000161609,,ortholog_one2one,79.5053,80.0712
2124295,ENSCAFG00000003681,,ENSG00000104901,,ortholog_one2one,75.7202,76.0331
2124400,ENSCAFG00000003711,,ENSG00000104852,,ortholog_one2one,97.7221,98.1693
2124590,ENSCAFG00000003698,,ENSG00000074219,,ortholog_one2one,98.0,97.7827
2124731,ENSCAFG00000003709,,ENSG00000104894,,ortholog_one2one,42.3983,70.4626
2125165,ENSCAFG00000003746,,ENSG00000130529,,ortholog_one2one,82.329,83.2784
2125481,ENSCAFG00000003788,,ENSG00000130528,,ortholog_one2one,60.5505,66.0944
2125571,ENSCAFG00000049909,,ENSG00000177380,,ortholog_one2many,100.0,20.3518
2125880,ENSCAFG00000003800,,ENSG00000177380,,ortholog_one2many,95.6449,47.8224
2126191,ENSCAFG00000003834,,ENSG00000104863,,ortholog_one2one,33.8677,81.6425
2126456,ENSCAFG00000003836,,ENSG00000104848,,ortholog_one2one,94.0789,94.0789
2126578,ENSCAFG00000003838,,ENSG00000225950,,ortholog_one2one,90.7407,93.3333
2126759,ENSCAFG00000003840,,ENSG00000268655,,ortholog_one2one,50.5376,70.3593
2126802,ENSCAFG00000003844,,ENSG00000183207,,ortholog_one2one,99.784,99.784
2127025,ENSCAFG00000003858,,ENSG00000104812,,ortholog_one2one,96.4626,96.2008
2127284,ENSCAFG00000003867,,ENSG00000087088,,ortholog_one2one,86.1111,71.1009
2127520,ENSCAFG00000003869,,ENSG00000104808,,ortholog_one2one,86.2687,86.5269
2127832,ENSCAFG00000003874,,ENSG00000104805,,ortholog_one2one,93.2166,92.4078
2128039,ENSCAFG00000003878,,ENSG00000104804,,ortholog_one2one,62.6243,60.5769
2128229,ENSCAFG00000003880,,ENSG00000087074,,ortholog_one2one,50.3243,57.5668
2128402,ENSCAFG00000003886,,ENSG00000105559,,ortholog_one2one,86.5039,86.3928
2128575,ENSCAFG00000003895,,ENSG00000087076,,ortholog_one2one,85.1852,85.1852
2128752,ENSCAFG00000003901,,ENSG00000105552,,ortholog_one2one,55.9122,74.382
2128946,ENSCAFG00000003904,,ENSG00000105550,,ortholog_one2one,84.2105,84.2105
2129074,ENSCAFG00000046149,,ENSG00000174951,,ortholog_one2one,83.5616,83.5616
2129214,ENSCAFG00000003910,,ENSG00000105538,,ortholog_one2one,77.3967,91.3811
2129416,ENSCAFG00000003914,,ENSG00000176909,,ortholog_one2one,77.7523,81.6867
2129643,ENSCAFG00000023807,,ENSG00000176920,,ortholog_one2one,45.0,62.9738
2129788,ENSCAFG00000003938,,ENSG00000142233,,ortholog_one2one,87.3211,87.3211
2129908,ENSCAFG00000030245,,ENSG00000063180,,ortholog_one2one,96.6565,96.9512
2130180,ENSCAFG00000003928,,ENSG00000105516,,ortholog_one2one,95.0769,95.0769
2130449,ENSCAFG00000003961,,ENSG00000063176,,ortholog_one2one,75.4434,83.4087
2130840,ENSCAFG00000003971,,ENSG00000105523,,ortholog_one2one,77.9798,80.7531
2131168,ENSCAFG00000030190,,ENSG00000177202,,ortholog_one2one,72.4138,67.7419
2131395,ENSCAFG00000003981,,ENSG00000088002,,ortholog_one2one,78.5075,72.0548
2131590,ENSCAFG00000003993,,ENSG00000105443,,ortholog_one2one,73.2965,99.5
2131799,ENSCAFG00000004001,,ENSG00000182324,,ortholog_one2one,95.3704,94.4954
2131993,ENSCAFG00000004009,,ENSG00000105447,,ortholog_one2one,92.9545,91.704
2132189,ENSCAFG00000004014,,ENSG00000105464,,ortholog_one2one,85.9215,75.3743
2132449,ENSCAFG00000043522,,ENSG00000105438,,ortholog_one2one,26.1317,57.7273
2132566,ENSCAFG00000004020,,ENSG00000105467,,ortholog_one2one,69.4323,67.9487
2132688,ENSCAFG00000004029,,ENSG00000161558,,ortholog_one2one,66.1258,71.024
2132809,ENSCAFG00000004034,,ENSG00000142227,,ortholog_one2one,95.7055,95.7055
2133056,ENSCAFG00000004036,,ENSG00000105479,,ortholog_one2one,67.483,70.1556
2133289,ENSCAFG00000029414,,ENSG00000105483,,ortholog_one2many,54.8689,54.5624
2133400,ENSCAFG00000043942,,ENSG00000105483,,ortholog_one2many,43.3511,30.3538
2133507,ENSCAFG00000004041,,ENSG00000185453,,ortholog_one2one,84.9892,85.5435
2133617,ENSCAFG00000004046,,ENSG00000105486,,ortholog_one2one,86.776,86.3983
2133830,ENSCAFG00000004058,,ENSG00000105507,,ortholog_one2one,95.3757,95.3757
2134071,ENSCAFG00000004061,,ENSG00000169393,,ortholog_one2one,65.5172,76.6816
2134396,ENSCAFG00000004068,,ENSG00000105392,,ortholog_one2one,96.6555,96.6555
2134562,ENSCAFG00000004074,,ENSG00000178980,,ortholog_one2one,87.3563,86.3636
2134691,ENSCAFG00000004080,,ENSG00000105373,,ortholog_one2one,74.4231,80.9623
2134892,ENSCAFG00000004095,,ENSG00000024422,,ortholog_one2one,81.9149,99.2634
2135189,ENSCAFG00000004103,,ENSG00000118156,,ortholog_one2one,81.1349,80.6593
2135357,ENSCAFG00000004112,,ENSG00000105402,,ortholog_one2one,97.2881,97.2881
2135606,ENSCAFG00000004170,,ENSG00000134815,,ortholog_one2one,85.8114,88.364
2135831,ENSCAFG00000004121,,ENSG00000118162,,ortholog_one2one,75.1391,92.8899
2136040,ENSCAFG00000004140,,ENSG00000118160,,ortholog_one2one,83.4726,97.6113
2136349,ENSCAFG00000004161,,ENSG00000105419,,ortholog_one2one,82.0755,75.162
2136546,ENSCAFG00000004173,,ENSG00000134830,,ortholog_one2one,74.184,74.184
2136774,ENSCAFG00000004175,,ENSG00000197405,,ortholog_one2one,69.6023,70.0
2137019,ENSCAFG00000029063,,ENSG00000105321,,ortholog_one2one,86.0825,85.3492
2137283,ENSCAFG00000004180,,ENSG00000142230,,ortholog_one2one,80.2632,88.1503
2137533,ENSCAFG00000004182,,ENSG00000130749,,ortholog_one2one,91.9279,90.023
2137758,ENSCAFG00000032405,,ENSG00000130751,,ortholog_one2one,84.4771,87.6271
2137947,ENSCAFG00000004185,,ENSG00000130748,,ortholog_one2one,52.2523,61.7021
2138123,ENSCAFG00000004190,,ENSG00000160007,,ortholog_one2one,95.2507,96.3309
2138330,ENSCAFG00000004193,,ENSG00000042753,,ortholog_one2one,36.9176,65.1899
2138563,ENSCAFG00000004201,,ENSG00000105281,,ortholog_one2one,87.8004,87.8004
2138761,ENSCAFG00000004208,,ENSG00000181027,,ortholog_one2one,83.9286,94.9495
2138954,ENSCAFG00000004226,,ENSG00000090372,,ortholog_one2one,95.6522,95.5263
2139173,ENSCAFG00000004256,,ENSG00000105287,,ortholog_one2one,82.5147,94.5946
2139364,ENSCAFG00000030183,,ENSG00000197380,,ortholog_one2one,71.6102,26.868
2139586,ENSCAFG00000004275,,ENSG00000167414,,ortholog_one2one,98.5714,98.5714
2139760,ENSCAFG00000004277,,ENSG00000160013,,ortholog_one2one,73.0496,26.6839
2139949,ENSCAFG00000029151,,ENSG00000160014,,ortholog_one2one,100.0,100.0
2140187,ENSCAFG00000004297,,ENSG00000169515,,ortholog_one2one,77.6344,67.1004
2140255,ENSCAFG00000029417,,ENSG00000277531,,ortholog_one2one,39.7674,83.8235
2140301,ENSCAFG00000004313,,ENSG00000011485,,ortholog_one2one,57.4786,53.9078
2140535,ENSCAFG00000045412,,ENSG00000124440,,ortholog_one2one,89.9844,85.9492
2140742,ENSCAFG00000042576,,ENSG00000204869,,ortholog_one2one,38.8889,33.871
2141010,ENSCAFG00000023855,,ENSG00000188624,,ortholog_one2one,56.8,56.8
2141057,ENSCAFG00000029461,,ENSG00000008438,,ortholog_one2one,64.7959,64.7959
2141251,ENSCAFG00000004357,,ENSG00000104983,,ortholog_one2one,70.6087,79.2969
2141462,ENSCAFG00000004359,,ENSG00000104967,,ortholog_one2one,90.8915,84.3525
2141590,ENSCAFG00000024541,,ENSG00000188425,,ortholog_one2one,84.058,84.058
2141867,ENSCAFG00000023848,,ENSG00000176182,,ortholog_one2one,73.9958,87.7193
2141963,ENSCAFG00000004361,,ENSG00000170604,,ortholog_one2one,98.6301,98.6301
2142199,ENSCAFG00000004363,,ENSG00000170608,,ortholog_one2one,93.1429,93.1429
2142311,ENSCAFG00000004376,,ENSG00000125755,,ortholog_one2one,96.6274,96.7033
2142545,ENSCAFG00000004383,,ENSG00000104941,,ortholog_one2one,79.2531,79.9163
2142802,ENSCAFG00000004386,,ENSG00000185800,,ortholog_one2one,95.9701,95.4006
2143021,ENSCAFG00000004392,,ENSG00000104936,,ortholog_one2many,61.958,69.3271
2143022,ENSCAFG00000004392,,ENSG00000268434,,ortholog_one2many,9.65035,52.2727
2143156,ENSCAFG00000029398,,ENSG00000237452,,ortholog_one2one,65.0794,64.2633
2143236,ENSCAFG00000004395,,ENSG00000177051,,ortholog_one2one,94.1653,96.3516
2143438,ENSCAFG00000004398,,ENSG00000011478,,ortholog_one2one,83.7037,88.7435
2143666,ENSCAFG00000004403,,ENSG00000125743,,ortholog_one2one,100.0,100.0
2143860,ENSCAFG00000004405,,ENSG00000010310,,ortholog_one2one,86.0515,86.0515
2143982,ENSCAFG00000004409,,ENSG00000125746,,ortholog_one2one,88.9013,93.2941
2144182,ENSCAFG00000004419,,ENSG00000125741,,ortholog_one2one,72.4719,71.6667
2144603,ENSCAFG00000004425,,ENSG00000213889,,ortholog_one2one,82.7586,78.1395
2144704,ENSCAFG00000004439,,ENSG00000125744,,ortholog_one2one,80.1603,73.3945
2144903,ENSCAFG00000004443,,ENSG00000125740,,ortholog_one2one,97.6331,97.6331
2145138,ENSCAFG00000004448,,ENSG00000012061,,ortholog_one2many,81.5287,79.257
2145348,ENSCAFG00000004455,,ENSG00000117877,,ortholog_one2one,54.078,59.5703
2145515,ENSCAFG00000004459,,ENSG00000104881,,ortholog_one2one,87.5776,51.087
2145710,ENSCAFG00000004487,,ENSG00000104884,,ortholog_one2one,79.3194,79.7368
2145928,ENSCAFG00000004502,,ENSG00000104892,,ortholog_one2one,73.4729,81.2741
2146185,ENSCAFG00000004507,,ENSG00000104879,,ortholog_one2one,74.5921,83.9895
2146494,ENSCAFG00000004527,,ENSG00000007047,,ortholog_one2one,98.6376,96.2766
2146792,ENSCAFG00000004534,,ENSG00000283632,,ortholog_one2one,91.8067,54.4888
2147048,ENSCAFG00000024085,,ENSG00000189114,,ortholog_one2one,93.9698,92.5743
2147219,ENSCAFG00000031778,,ENSG00000007255,,ortholog_one2one,90.566,83.237
2147392,ENSCAFG00000004558,,ENSG00000179846,,ortholog_one2one,72.1354,66.5865
2147617,ENSCAFG00000004563,,ENSG00000104866,,ortholog_one2one,88.5714,89.725
2147842,ENSCAFG00000004575,,ENSG00000170684,,ortholog_one2one,80.5439,81.0526
2148020,ENSCAFG00000004587,,ENSG00000104859,,ortholog_one2one,97.4815,97.6261
2148240,ENSCAFG00000004597,,ENSG00000104856,,ortholog_one2one,92.5,89.4646
2148462,ENSCAFG00000004608,,ENSG00000104853,,ortholog_one2one,91.3963,96.861
2148686,ENSCAFG00000004610,,ENSG00000234906,,ortholog_one2many,63.3663,63.3663
2148687,ENSCAFG00000004610,,ENSG00000224916,,ortholog_one2many,63.3663,35.9551
2148819,ENSCAFG00000004614,,ENSG00000267467,,ortholog_one2one,59.8361,57.4803
2148915,ENSCAFG00000004615,,ENSG00000130208,,ortholog_one2one,48.9583,36.4341
2148993,ENSCAFG00000004617,,ENSG00000130203,,ortholog_one2one,62.2024,65.9306
2149236,ENSCAFG00000004620,,ENSG00000130204,,ortholog_one2one,96.3989,96.3989
2149510,ENSCAFG00000004626,,ENSG00000130202,,ortholog_one2one,77.634,78.0669
2149639,ENSCAFG00000004636,,ENSG00000187244,,ortholog_one2one,74.8137,79.9363
2149825,ENSCAFG00000004651,,ENSG00000142273,,ortholog_one2one,71.4286,74.8945
2149930,ENSCAFG00000004655,,ENSG00000069399,,ortholog_one2one,52.8269,65.859
2150105,ENSCAFG00000004660,,ENSG00000213892,,ortholog_one2one,90.8019,90.5882
2150209,ENSCAFG00000029871,,ENSG00000167384,,ortholog_one2one,82.2485,80.3468
2150327,ENSCAFG00000004666,,ENSG00000073008,,ortholog_one2one,55.8025,54.1966
2150418,ENSCAFG00000004668,,ENSG00000216588,,ortholog_one2one,40.5405,56.6038
2150473,ENSCAFG00000023899,,ENSG00000273777,,ortholog_one2one,60.1709,59.0604
2150538,ENSCAFG00000030170,,ENSG00000278318,,ortholog_one2one,74.056,73.697
2150689,ENSCAFG00000031289,,ENSG00000267508,,ortholog_one2one,66.0819,75.7119
2150746,ENSCAFG00000031857,,ENSG00000062370,,ortholog_one2many,81.7486,81.9277
2150747,ENSCAFG00000031857,,ENSG00000267173,,ortholog_one2many,12.0219,69.1824
2151036,ENSCAFG00000023881,,ENSG00000131115,,ortholog_one2one,84.9754,86.3579
2151191,ENSCAFG00000029028,,ENSG00000167380,,ortholog_one2one,83.1056,83.3126
2151346,ENSCAFG00000030057,,ENSG00000263002,,ortholog_one2one,78.1437,74.5714
2151477,ENSCAFG00000029288,,ENSG00000204920,,ortholog_one2many,62.4277,59.0164
2151478,ENSCAFG00000029288,,ENSG00000159882,,ortholog_one2many,53.3719,58.4388
2151527,ENSCAFG00000029944,,ENSG00000124459,,ortholog_one2one,76.2533,84.7507
2151687,ENSCAFG00000004707,,ENSG00000176222,,ortholog_one2one,78.5597,86.9565
2151933,ENSCAFG00000004720,,ENSG00000159871,,ortholog_one2one,74.2991,63.3466
2152029,ENSCAFG00000004723,,ENSG00000104783,,ortholog_one2one,69.1176,77.0492
2152224,ENSCAFG00000004726,,ENSG00000105771,,ortholog_one2one,98.0769,98.0769
2152423,ENSCAFG00000004727,,ENSG00000124449,,ortholog_one2one,79.4521,87.689
2152830,ENSCAFG00000004755,,ENSG00000105755,,ortholog_one2one,88.5827,86.5385
2153047,ENSCAFG00000004730,,ENSG00000011422,,ortholog_one2one,63.369,70.7463
2153155,ENSCAFG00000031172,,ENSG00000105767,,ortholog_one2one,84.1432,84.7938
2153363,ENSCAFG00000004738,,ENSG00000131116,,ortholog_one2one,92.1875,81.1927
2153456,ENSCAFG00000028693,,ENSG00000226763,,ortholog_one2one,57.9957,38.042
2153500,ENSCAFG00000044320,,ENSG00000124444,,ortholog_one2one,65.4822,75.8824
2153604,ENSCAFG00000031996,,ENSG00000167378,,ortholog_one2one,83.5443,84.7512
2153700,ENSCAFG00000004742,,ENSG00000234465,,ortholog_one2one,55.6098,50.0
2154118,ENSCAFG00000004746,,ENSG00000073050,,ortholog_one2one,84.3373,88.4676
2154324,ENSCAFG00000004751,,ENSG00000176472,,ortholog_one2one,90.6504,64.8256
2154435,ENSCAFG00000004757,,ENSG00000176531,,ortholog_one2one,72.6331,76.7188
2154614,ENSCAFG00000004761,,ENSG00000124466,,ortholog_one2one,78.1609,78.6127
2154729,ENSCAFG00000004763,,ENSG00000131126,,ortholog_one2one,45.4819,56.5543
2154821,ENSCAFG00000004765,,ENSG00000204936,,ortholog_one2one,55.6373,51.9451
2155098,ENSCAFG00000004810,,ENSG00000189377,,ortholog_one2one,83.1933,83.1933
2155190,ENSCAFG00000004813,,ENSG00000079435,,ortholog_one2one,76.8459,78.3457
2155462,ENSCAFG00000004814,,ENSG00000105427,,ortholog_one2one,96.3964,95.5357
2155648,ENSCAFG00000004824,,ENSG00000105429,,ortholog_one2one,94.9886,14.6573
2155856,ENSCAFG00000004847,,ENSG00000079462,,ortholog_one2many,74.3333,96.5368
2156060,ENSCAFG00000004834,,ENSG00000167619,,ortholog_one2one,79.8982,53.2203
2156256,ENSCAFG00000015415,,ENSG00000188368,,ortholog_one2one,71.51,70.5056
2156354,ENSCAFG00000004858,,ENSG00000079432,,ortholog_one2one,94.4844,94.0334
2156601,ENSCAFG00000004882,,ENSG00000268643,,ortholog_one2many,33.195,95.8084
2156602,ENSCAFG00000004882,,ENSG00000105723,,ortholog_one2many,96.2656,96.0663
2156866,ENSCAFG00000031552,,ENSG00000105722,,ortholog_one2one,97.8378,99.0876
2157106,ENSCAFG00000004891,,ENSG00000167625,,ortholog_one2one,83.8755,88.5075
2157277,ENSCAFG00000004892,,ENSG00000160570,,ortholog_one2one,94.2249,95.092
2157482,ENSCAFG00000004911,,ENSG00000028277,,ortholog_one2one,67.483,80.2589
2157745,ENSCAFG00000004930,,ENSG00000105737,,ortholog_one2one,87.3598,87.3598
2158021,ENSCAFG00000004958,,ENSG00000285505,,ortholog_one2many,72.0376,98.7129
2158022,ENSCAFG00000004958,,ENSG00000105409,,ortholog_one2many,72.9769,98.4405
2158174,ENSCAFG00000004975,,ENSG00000105404,,ortholog_one2one,93.5135,93.5135
2158568,ENSCAFG00000030005,,ENSG00000076928,,ortholog_one2many,88.1148,88.843
2158782,ENSCAFG00000004980,,ENSG00000105369,,ortholog_one2one,30.9859,34.1085
2158977,ENSCAFG00000004988,,ENSG00000142025,,ortholog_one2one,75.7732,70.3349
2159088,ENSCAFG00000029018,,ENSG00000273111,,ortholog_one2one,76.2097,76.8293
2159323,ENSCAFG00000023933,,ENSG00000170848,,ortholog_one2many,38.6957,20.4598
2159324,ENSCAFG00000023933,,ENSG00000105388,,ortholog_one2many,44.3478,14.5299
2159325,ENSCAFG00000023933,,ENSG00000231924,,ortholog_one2many,37.3913,20.0935
2159326,ENSCAFG00000023933,,ENSG00000170956,,ortholog_one2many,6.08696,5.55556
2159327,ENSCAFG00000023933,,ENSG00000221878,,ortholog_one2many,39.5652,21.3615
2159328,ENSCAFG00000023933,,ENSG00000243130,,ortholog_one2many,37.3913,25.6716
2159329,ENSCAFG00000023933,,ENSG00000086548,,ortholog_one2many,46.5217,31.1047
2159330,ENSCAFG00000023933,,ENSG00000124469,,ortholog_one2many,48.2609,31.8052
2159331,ENSCAFG00000023933,,ENSG00000079385,,ortholog_one2many,52.1739,22.8137
2159332,ENSCAFG00000023933,,ENSG00000124467,,ortholog_one2many,39.5652,21.3615
2159333,ENSCAFG00000023933,,ENSG00000204941,,ortholog_one2many,39.1304,21.028
2159334,ENSCAFG00000023933,,ENSG00000007306,,ortholog_one2many,30.4348,26.4151
2159335,ENSCAFG00000023933,,ENSG00000243137,,ortholog_one2many,37.8261,20.7637
2159336,ENSCAFG00000023933,,ENSG00000007129,,ortholog_one2many,13.4783,10.5802
2159337,ENSCAFG00000023933,,ENSG00000183668,,ortholog_one2many,38.6957,20.892
2159338,ENSCAFG00000023933,,ENSG00000242221,,ortholog_one2many,37.8261,25.9701
2159339,ENSCAFG00000023933,,ENSG00000221826,,ortholog_one2many,39.5652,19.1579
2159719,ENSCAFG00000030737,,ENSG00000204978,,ortholog_one2one,69.1176,72.3077
2159810,ENSCAFG00000004995,,ENSG00000105341,,ortholog_one2one,68.4825,66.9202
2160002,ENSCAFG00000005006,,ENSG00000255730,,ortholog_one2many,78.8632,92.6931
2160003,ENSCAFG00000005006,,ENSG00000248098,,ortholog_one2many,69.627,87.5
2160219,ENSCAFG00000032654,,ENSG00000077348,,ortholog_one2one,93.1915,93.1915
2160437,ENSCAFG00000005014,,ENSG00000105329,,ortholog_one2one,94.6154,94.6154
2160683,ENSCAFG00000005015,,ENSG00000142039,,ortholog_one2one,89.3064,90.0875
2160875,ENSCAFG00000005026,,ENSG00000105323,,ortholog_one2one,95.3036,97.1963
2161111,ENSCAFG00000005041,,ENSG00000167601,,ortholog_one2one,91.4676,89.9329
2161337,ENSCAFG00000005049,,ENSG00000167600,,ortholog_one2one,60.2392,79.9603
2161447,ENSCAFG00000005052,,ENSG00000197408,,ortholog_one2one,73.0916,78.0041
2161713,ENSCAFG00000031823,,ENSG00000255974,,ortholog_many2many,80.5293,86.2348
2161714,ENSCAFG00000031823,,ENSG00000197838,,ortholog_many2many,82.2306,88.0567
2161715,ENSCAFG00000031823,,ENSG00000198077,,ortholog_many2many,78.6389,84.2105
2162519,ENSCAFG00000032339,,ENSG00000255974,,ortholog_many2many,83.1439,88.8664
2162520,ENSCAFG00000032339,,ENSG00000197838,,ortholog_many2many,85.9848,91.9028
2162521,ENSCAFG00000032339,,ENSG00000198077,,ortholog_many2many,81.0606,86.6397
2162693,ENSCAFG00000023821,,ENSG00000197446,,ortholog_one2one,88.5947,88.5947
2162854,ENSCAFG00000005079,,ENSG00000269858,,ortholog_one2one,74.1546,75.43
2163049,ENSCAFG00000005083,,ENSG00000167578,,ortholog_one2many,100.0,100.0
2163050,ENSCAFG00000005083,,ENSG00000171570,,ortholog_one2many,100.0,100.0
2163309,ENSCAFG00000046401,,ENSG00000268975,,ortholog_one2many,83.2061,83.2061
2163310,ENSCAFG00000046401,,ENSG00000261857,,ortholog_one2many,87.7863,87.7863
2163651,ENSCAFG00000005103,,ENSG00000188493,,ortholog_one2one,81.3056,78.0627
2163848,ENSCAFG00000005104,,ENSG00000086544,,ortholog_one2one,84.9772,81.9912
2164095,ENSCAFG00000005108,,ENSG00000105245,,ortholog_one2one,79.6875,92.1182
2164306,ENSCAFG00000005133,,ENSG00000090006,,ortholog_one2one,87.3542,87.6232
2164529,ENSCAFG00000005141,,ENSG00000160410,,ortholog_one2one,92.2971,94.9081
2164738,ENSCAFG00000005286,,ENSG00000160460,,ortholog_one2many,86.2559,28.3931
2165027,ENSCAFG00000041406,,ENSG00000160460,,ortholog_one2many,95.5556,25.156
2165352,ENSCAFG00000005338,,ENSG00000090013,,ortholog_one2one,89.7959,89.7959
2165552,ENSCAFG00000005340,,ENSG00000167565,,ortholog_one2one,83.5616,93.3673
2165643,ENSCAFG00000005345,,ENSG00000197019,,ortholog_one2one,90.7173,91.1017
2165743,ENSCAFG00000043720,,ENSG00000105227,,ortholog_one2one,90.4762,8.54756
2165907,ENSCAFG00000005355,,ENSG00000160396,,ortholog_one2one,89.4309,89.2857
2166091,ENSCAFG00000005362,,ENSG00000105223,,ortholog_one2one,97.3469,97.3469
2166331,ENSCAFG00000005372,,ENSG00000160392,,ortholog_one2one,92.9078,93.128
2166551,ENSCAFG00000005388,,ENSG00000105221,,ortholog_one2one,70.9156,82.1206
2166835,ENSCAFG00000030355,,ENSG00000105219,,ortholog_one2one,79.2929,47.7204
2166978,ENSCAFG00000030130,,ENSG00000174521,,ortholog_one2one,93.617,92.0502
2167171,ENSCAFG00000005393,,ENSG00000130758,,ortholog_one2many,90.9091,48.218
2167381,ENSCAFG00000048508,,ENSG00000130758,,ortholog_one2many,96.5398,29.2453
2167679,ENSCAFG00000005398,,ENSG00000013275,,ortholog_one2one,100.0,100.0
2167908,ENSCAFG00000005406,,ENSG00000275395,,ortholog_one2one,79.8909,48.7631
2168186,ENSCAFG00000005412,,ENSG00000105202,,ortholog_one2one,98.722,96.2617
2168404,ENSCAFG00000005428,,ENSG00000105204,,ortholog_one2one,87.5543,96.1844
2168672,ENSCAFG00000005439,,ENSG00000186838,,ortholog_one2one,28.7736,35.2601
2168729,ENSCAFG00000005445,,ENSG00000105197,,ortholog_one2one,92.9775,72.5877
2168954,ENSCAFG00000005469,,ENSG00000196235,,ortholog_one2one,96.6964,99.632
2169210,ENSCAFG00000005521,,ENSG00000090924,,ortholog_one2one,78.2421,78.355
2169320,ENSCAFG00000005530,,ENSG00000128016,,ortholog_one2one,83.8806,84.6386
2169528,ENSCAFG00000005533,,ENSG00000063322,,ortholog_one2one,93.6652,93.6652
2169629,ENSCAFG00000005550,,ENSG00000006712,,ortholog_one2one,71.2305,77.4011
2169829,ENSCAFG00000005568,,ENSG00000179134,,ortholog_one2one,83.6228,97.1182
2170048,ENSCAFG00000028607,,ENSG00000130755,,ortholog_one2one,82.0359,96.4789
2170173,ENSCAFG00000005579,,ENSG00000128011,,ortholog_one2one,95.8442,95.7198
2170398,ENSCAFG00000005582,,ENSG00000182393,,ortholog_one2many,74.0741,70.0
2170556,ENSCAFG00000005588,,ENSG00000183709,,ortholog_one2many,73.9796,72.5
2170557,ENSCAFG00000005588,,ENSG00000197110,,ortholog_one2many,75.0,73.5
2170745,ENSCAFG00000005592,,ENSG00000179751,,ortholog_one2one,77.6119,77.6119
2170890,ENSCAFG00000005593,,ENSG00000188505,,ortholog_one2one,84.1509,81.0909
2171072,ENSCAFG00000005606,,ENSG00000130669,,ortholog_one2one,85.2134,94.5854
2171295,ENSCAFG00000005618,,ENSG00000183760,,ortholog_one2one,91.4943,90.8676
2171481,ENSCAFG00000024310,,ENSG00000161243,,ortholog_one2one,43.8692,56.8905
2171648,ENSCAFG00000005622,,ENSG00000269190,,ortholog_one2one,54.4669,67.9856
2171746,ENSCAFG00000005623,,ENSG00000128626,,ortholog_one2one,82.0144,82.6087
2171977,ENSCAFG00000005629,,ENSG00000269547,,ortholog_one2many,77.7563,68.3673
2171978,ENSCAFG00000005629,,ENSG00000104835,,ortholog_one2many,84.3327,83.8462
2172188,ENSCAFG00000042209,,ENSG00000262484,,ortholog_one2one,70.1818,72.5564
2172265,ENSCAFG00000005634,,ENSG00000104825,,ortholog_one2one,89.3557,89.6067
2172408,ENSCAFG00000005638,,ENSG00000068903,,ortholog_one2one,74.8503,64.2673
2172626,ENSCAFG00000005642,,ENSG00000187994,,ortholog_one2one,66.4921,67.3145
2172745,ENSCAFG00000005652,,ENSG00000268083,,ortholog_one2many,32.8231,60.1246
2172746,ENSCAFG00000005652,,ENSG00000104824,,ortholog_one2many,100.0,99.8302
2173004,ENSCAFG00000005661,,ENSG00000104823,,ortholog_one2one,74.4318,79.8781
2173214,ENSCAFG00000005673,,ENSG00000171747,,ortholog_one2one,78.9809,76.7802
2173469,ENSCAFG00000005776,,ENSG00000130402,,ortholog_one2one,75.8383,96.8167
2173718,ENSCAFG00000024191,,ENSG00000205076,,ortholog_one2many,53.0928,75.7353
2173719,ENSCAFG00000024191,,ENSG00000178934,,ortholog_one2many,53.0928,75.7353
2174040,ENSCAFG00000005681,,ENSG00000182472,,ortholog_one2one,80.9764,66.8985
2174164,ENSCAFG00000005866,,ENSG00000178982,,ortholog_one2one,99.5413,99.5413
2174408,ENSCAFG00000005874,,ENSG00000104814,,ortholog_one2one,79.7414,88.8355
2174633,ENSCAFG00000005896,,ENSG00000196218,,ortholog_one2one,96.7447,96.7447
2174929,ENSCAFG00000005909,,ENSG00000171777,,ortholog_one2one,89.3016,89.3016
2175131,ENSCAFG00000005919,,ENSG00000130244,,ortholog_one2one,50.3717,77.6504
2175316,ENSCAFG00000005931,,ENSG00000188766,,ortholog_one2one,92.0879,92.2907
2175506,ENSCAFG00000024052,,ENSG00000179168,,ortholog_one2one,69.0278,76.227
2175593,ENSCAFG00000005937,,ENSG00000099338,,ortholog_one2one,71.7882,71.3546
2175724,ENSCAFG00000005941,,ENSG00000099337,,ortholog_one2one,75.9207,85.623
2175949,ENSCAFG00000005924,,ENSG00000167645,,ortholog_one2one,96.1165,94.586
2176176,ENSCAFG00000005948,,ENSG00000167642,,ortholog_one2one,76.9841,76.9841
2176393,ENSCAFG00000029248,,ENSG00000167641,,ortholog_one2one,77.9221,40.8163
2176614,ENSCAFG00000005957,,ENSG00000011332,,ortholog_one2one,89.7849,80.6763
2176831,ENSCAFG00000005973,,ENSG00000105738,,ortholog_one2one,92.7149,91.4655
2177074,ENSCAFG00000005981,,ENSG00000171804,,ortholog_one2one,68.0684,65.5907
2177371,ENSCAFG00000046847,,ENSG00000198182,,ortholog_one2many,39.4904,8.90805
2177372,ENSCAFG00000046847,,ENSG00000267552,,ortholog_one2many,35.6688,43.0769
2177524,ENSCAFG00000023983,,ENSG00000196967,,ortholog_one2many,79.0194,90.117
2177525,ENSCAFG00000023983,,ENSG00000245680,,ortholog_one2many,77.7651,88.6866
2177526,ENSCAFG00000023983,,ENSG00000267360,,ortholog_one2many,9.00798,65.8333
2177848,ENSCAFG00000031993,,ENSG00000181666,,ortholog_one2one,72.4138,79.6662
2178003,ENSCAFG00000029167,,ENSG00000196437,,ortholog_one2one,92.8779,90.0
2178125,ENSCAFG00000030575,,ENSG00000171827,,ortholog_one2one,90.0885,85.9797
2178244,ENSCAFG00000032282,,ENSG00000197050,,ortholog_one2one,94.186,94.186
2178776,ENSCAFG00000042154,,ENSG00000251247,,ortholog_one2one,93.737,92.0082
2178930,ENSCAFG00000031909,,ENSG00000197863,,ortholog_one2one,84.5426,84.2767
2179064,ENSCAFG00000031804,,ENSG00000180479,,ortholog_one2one,71.5047,88.1773
2179189,ENSCAFG00000028541,,ENSG00000120784,,ortholog_one2one,90.5123,91.9075
2179374,ENSCAFG00000028694,,ENSG00000188227,,ortholog_one2one,86.8812,86.4532
2179571,ENSCAFG00000029513,,ENSG00000185869,,ortholog_one2one,88.345,73.8791
2179886,ENSCAFG00000029949,,ENSG00000142065,,ortholog_one2one,95.5823,89.3058
2180075,ENSCAFG00000028475,,ENSG00000181007,,ortholog_one2one,86.3958,91.9173
2180257,ENSCAFG00000029492,,ENSG00000254004,,ortholog_one2one,93.2039,93.2039
2180427,ENSCAFG00000031624,,ENSG00000186020,,ortholog_one2one,80.1512,75.3108
2180593,ENSCAFG00000047451,,ENSG00000161298,,ortholog_one2one,71.8475,89.0909
2180697,ENSCAFG00000031495,,ENSG00000197808,,ortholog_one2one,84.8148,81.3499
2180852,ENSCAFG00000006524,,ENSG00000189042,,ortholog_one2one,90.3817,91.4992
2180949,ENSCAFG00000031807,,ENSG00000167635,,ortholog_one2one,98.9726,98.9726
2181126,ENSCAFG00000023943,,ENSG00000196357,,ortholog_one2one,89.2308,86.0853
2181300,ENSCAFG00000006578,,ENSG00000161281,,ortholog_one2one,82.5,83.5443
2181409,ENSCAFG00000031314,,ENSG00000126247,,ortholog_one2one,94.4649,79.5031
2181725,ENSCAFG00000006591,,ENSG00000105254,,ortholog_one2one,65.0568,81.2057
2181943,ENSCAFG00000006601,,ENSG00000105258,,ortholog_one2one,100.0,100.0
2182161,ENSCAFG00000006605,,ENSG00000105261,,ortholog_one2one,89.4737,79.4393
2182272,ENSCAFG00000006621,,ENSG00000075702,,ortholog_one2one,82.5945,83.1911
2182424,ENSCAFG00000006649,,ENSG00000161277,,ortholog_one2one,67.5106,58.3942
2182553,ENSCAFG00000006665,,ENSG00000105270,,ortholog_one2one,98.5375,98.5375
2182748,ENSCAFG00000006669,,ENSG00000181392,,ortholog_one2one,44.2464,67.5743
2182881,ENSCAFG00000006683,,ENSG00000205138,,ortholog_one2one,80.5085,82.6087
2182959,ENSCAFG00000006713,,ENSG00000105290,,ortholog_one2one,77.9255,90.0154
2183159,ENSCAFG00000006704,,ENSG00000167604,,ortholog_one2one,78.2961,83.0107
2183385,ENSCAFG00000032284,,ENSG00000126264,,ortholog_one2one,62.2222,60.2151
2183475,ENSCAFG00000006728,,ENSG00000126259,,ortholog_one2one,89.2351,88.983
2183675,ENSCAFG00000006758,,ENSG00000161270,,ortholog_one2one,83.3205,86.946
2183868,ENSCAFG00000006767,,ENSG00000250799,,ortholog_one2one,84.5652,72.5746
2184105,ENSCAFG00000006785,,ENSG00000004777,,ortholog_one2one,92.8836,89.254
2184228,ENSCAFG00000006797,,ENSG00000167595,,ortholog_one2one,76.9231,31.25
2184352,ENSCAFG00000006801,,ENSG00000004776,,ortholog_one2one,93.0818,92.5
2184556,ENSCAFG00000006824,,ENSG00000267796,,ortholog_one2one,71.131,97.1545
2184760,ENSCAFG00000032463,,ENSG00000205155,,ortholog_one2one,99.0099,99.0099
2184955,ENSCAFG00000006856,,ENSG00000161265,,ortholog_one2one,94.5455,94.5455
2185062,ENSCAFG00000006868,,ENSG00000126246,,ortholog_one2one,56.7485,52.1127
2185228,ENSCAFG00000006878,,ENSG00000272333,,ortholog_one2one,89.1329,88.2136
2185346,ENSCAFG00000044777,,ENSG00000011590,,ortholog_one2one,75.498,77.8234
2185473,ENSCAFG00000006902,,ENSG00000105668,,ortholog_one2one,60.5769,69.2308
2185638,ENSCAFG00000006913,,ENSG00000126267,,ortholog_one2many,77.907,77.907
2185721,ENSCAFG00000006916,,ENSG00000126254,,ortholog_one2one,84.803,94.1667
2185833,ENSCAFG00000006938,,ENSG00000249115,,ortholog_one2one,68.6016,82.1485
2185931,ENSCAFG00000031076,,ENSG00000283758,,ortholog_one2one,42.1384,44.6667
2186167,ENSCAFG00000006951,,ENSG00000105675,,ortholog_one2one,94.9087,95.4589
2186366,ENSCAFG00000006960,,ENSG00000105677,,ortholog_one2one,99.5536,99.5536
2186578,ENSCAFG00000006986,,ENSG00000105679,,ortholog_one2one,82.4257,81.6176
2186798,ENSCAFG00000031912,,ENSG00000189001,,ortholog_one2one,48.227,69.1525
2186900,ENSCAFG00000007024,,ENSG00000161249,,ortholog_one2one,53.1197,66.1765
2186975,ENSCAFG00000007025,,ENSG00000188508,,ortholog_one2one,88.8889,88.8889
2187068,ENSCAFG00000007027,,ENSG00000126262,,ortholog_one2one,81.8731,82.1212
2187441,ENSCAFG00000007029,,ENSG00000185897,,ortholog_one2many,61.6337,71.9653
2187442,ENSCAFG00000007029,,ENSG00000126251,,ortholog_one2many,61.6337,71.9653
2187779,ENSCAFG00000007036,,ENSG00000012124,,ortholog_one2one,62.1591,64.5809
2188001,ENSCAFG00000007041,,ENSG00000105695,,ortholog_one2one,96.6722,92.8115
2188212,ENSCAFG00000007048,,ENSG00000105697,,ortholog_one2one,68.2353,69.0476
2188306,ENSCAFG00000007054,,ENSG00000105698,,ortholog_one2one,67.7116,61.8911
2188568,ENSCAFG00000007086,,ENSG00000105699,,ortholog_one2one,84.3895,84.1294
2188778,ENSCAFG00000007093,,ENSG00000177558,,ortholog_one2one,59.8425,61.7886
2188885,ENSCAFG00000007095,,ENSG00000266964,,ortholog_one2one,55.3846,62.6087
2188985,ENSCAFG00000007111,,ENSG00000153902,,ortholog_one2one,94.382,93.8548
2189095,ENSCAFG00000007124,,ENSG00000089356,,ortholog_one2many,52.9915,43.0556
2189096,ENSCAFG00000007124,,ENSG00000285526,,ortholog_one2many,52.9915,54.8673
2189189,ENSCAFG00000007126,,ENSG00000105707,,ortholog_one2one,63.9024,94.2446
2189399,ENSCAFG00000007129,,ENSG00000105711,,ortholog_one2one,61.6034,54.4776
2189750,ENSCAFG00000007157,,ENSG00000089351,,ortholog_one2one,90.0726,92.1933
2189948,ENSCAFG00000032164,,ENSG00000180884,,ortholog_one2one,75.5663,73.8924
2190151,ENSCAFG00000030117,,ENSG00000153896,,ortholog_one2one,86.6667,86.2245
2190540,ENSCAFG00000031202,,ENSG00000197841,,ortholog_one2many,74.9221,78.2114
2190541,ENSCAFG00000031202,,ENSG00000089335,,ortholog_one2many,48.5981,65.272
2190792,ENSCAFG00000007258,,ENSG00000126261,,ortholog_one2one,97.8125,97.8125
2191043,ENSCAFG00000007238,,ENSG00000126249,,ortholog_one2many,78.9189,81.5642
2191044,ENSCAFG00000007238,,ENSG00000266953,,ortholog_one2many,31.6216,55.9809
2191274,ENSCAFG00000007303,,ENSG00000105220,,ortholog_one2many,92.6786,86.9347
2191611,ENSCAFG00000007339,,ENSG00000166398,,ortholog_one2one,95.1969,92.6168
2191879,ENSCAFG00000007350,,ENSG00000257103,,ortholog_one2one,91.7411,88.7689
2192218,ENSCAFG00000007358,,ENSG00000153885,,ortholog_one2one,93.311,98.5866
2192537,ENSCAFG00000024101,,ENSG00000124302,,ortholog_one2one,87.7647,87.9717
2192796,ENSCAFG00000007377,,ENSG00000124299,,ortholog_one2one,92.2921,87.1647
2193059,ENSCAFG00000007405,,ENSG00000153879,,ortholog_one2one,93.1973,91.3333
2193227,ENSCAFG00000007407,,ENSG00000245848,,ortholog_one2one,83.0189,36.8715
2193436,ENSCAFG00000007422,,ENSG00000130876,,ortholog_one2one,94.2197,93.499
2193773,ENSCAFG00000007433,,ENSG00000130881,,ortholog_one2one,62.1118,12.987
2194020,ENSCAFG00000007440,,ENSG00000166359,,ortholog_one2one,66.6667,68.2203
2194170,ENSCAFG00000007457,,ENSG00000076650,,ortholog_one2one,73.9787,89.4737
2194424,ENSCAFG00000007465,,ENSG00000131941,,ortholog_one2one,88.6905,86.8805
2194676,ENSCAFG00000029358,,ENSG00000131944,,ortholog_one2one,55.7312,65.5814
2194931,ENSCAFG00000007486,,ENSG00000121289,,ortholog_one2one,70.9677,75.8621
2195099,ENSCAFG00000007499,,ENSG00000021488,,ortholog_one2one,76.1302,86.4476
2195378,ENSCAFG00000007505,,ENSG00000173809,,ortholog_one2one,78.2576,77.3783
2195615,ENSCAFG00000007509,,ENSG00000186326,,ortholog_one2one,71.8487,72.766
2195825,ENSCAFG00000007533,,ENSG00000105186,,ortholog_one2one,87.5256,81.5238
2196090,ENSCAFG00000007555,,ENSG00000105185,,ortholog_one2one,38.5057,51.938
2196381,ENSCAFG00000007575,,ENSG00000178904,,ortholog_one2one,83.3958,93.2961
2196631,ENSCAFG00000007590,,ENSG00000168813,,ortholog_one2one,89.2147,89.0282
2196903,ENSCAFG00000007592,,ENSG00000121297,,ortholog_one2one,94.3571,94.3571
2197233,ENSCAFG00000007601,,ENSG00000198597,,ortholog_one2one,84.4508,91.0769
2197496,ENSCAFG00000007606,,ENSG00000105176,,ortholog_one2one,70.9321,83.9252
2197753,ENSCAFG00000007614,,ENSG00000105173,,ortholog_one2one,86.5952,78.7805
2198029,ENSCAFG00000007621,,ENSG00000131943,,ortholog_one2one,48.1633,77.6316
2198408,ENSCAFG00000007627,,ENSG00000166289,,ortholog_one2one,54.1936,90.3226
2198690,ENSCAFG00000007630,,ENSG00000105171,,ortholog_one2one,58.5366,65.4545
2198946,ENSCAFG00000007631,,ENSG00000187135,,ortholog_one2one,69.4006,77.193
2199159,ENSCAFG00000007636,,ENSG00000169021,,ortholog_one2one,87.5912,87.5912
2200315,ENSCAFG00000003672,,ENSG00000177283,,ortholog_one2one,84.4406,69.5965
2200569,ENSCAFG00000023176,,ENSG00000177291,,ortholog_one2one,64.9746,34.5946
2200826,ENSCAFG00000003678,,ENSG00000108100,,ortholog_one2one,89.1566,86.8035
2201346,ENSCAFG00000003685,,ENSG00000095794,,ortholog_one2one,85.2778,88.9855
2201586,ENSCAFG00000003705,,ENSG00000108094,,ortholog_one2one,97.358,96.466
2201863,ENSCAFG00000003737,,ENSG00000148498,,ortholog_one2one,94.7536,87.9056
2202162,ENSCAFG00000041263,,ENSG00000124562,,ortholog_one2many,79.8851,77.2222
2202364,ENSCAFG00000003776,,ENSG00000099250,,ortholog_one2one,83.965,93.6078
2202683,ENSCAFG00000003821,,ENSG00000150093,,ortholog_one2one,90.4878,89.9394
2203036,ENSCAFG00000048950,,ENSG00000119616,,ortholog_one2many,76.6355,41.4141
2203494,ENSCAFG00000023478,,ENSG00000095787,,ortholog_one2many,94.2116,72.9521
2203835,ENSCAFG00000023337,,ENSG00000150051,,ortholog_one2many,91.0653,75.2841
2204139,ENSCAFG00000023202,,ENSG00000169126,,ortholog_one2many,84.0114,85.0575
2204631,ENSCAFG00000003859,,ENSG00000150051,,ortholog_one2many,95.4545,95.4545
2204941,ENSCAFG00000028839,,ENSG00000099246,,ortholog_one2one,79.1262,56.0137
2205207,ENSCAFG00000013789,,ENSG00000182077,,ortholog_one2many,55.711,25.0524
2205614,ENSCAFG00000041268,,ENSG00000181626,,ortholog_one2one,43.0508,13.8495
2205706,ENSCAFG00000004397,,ENSG00000136758,,ortholog_one2one,96.5035,89.2626
2206028,ENSCAFG00000004382,,ENSG00000120539,,ortholog_one2one,82.0665,78.6121
2206290,ENSCAFG00000004377,,ENSG00000107897,,ortholog_one2one,87.7127,86.8914
2206608,ENSCAFG00000004365,,ENSG00000136754,,ortholog_one2one,99.2126,99.2126
2206989,ENSCAFG00000004332,,ENSG00000148459,,ortholog_one2one,87.8307,80.0
2207372,ENSCAFG00000004329,,ENSG00000077420,,ortholog_one2one,84.7662,84.3844
2207677,ENSCAFG00000004299,,ENSG00000136750,,ortholog_one2one,96.2393,96.2393
2207939,ENSCAFG00000004279,,ENSG00000095777,,ortholog_one2one,86.1834,86.0767
2208861,ENSCAFG00000023938,,ENSG00000151025,,ortholog_one2one,90.1255,88.642
2209182,ENSCAFG00000004265,,ENSG00000185875,,ortholog_one2one,89.8236,89.0983
2209430,ENSCAFG00000004264,,ENSG00000151023,,ortholog_one2one,87.8431,87.5
2209731,ENSCAFG00000004258,,ENSG00000099256,,ortholog_one2one,93.3014,86.6667
2210093,ENSCAFG00000004249,,ENSG00000107863,,ortholog_one2one,83.3505,82.5843
2210416,ENSCAFG00000004237,,ENSG00000120549,,ortholog_one2one,81.1349,83.8909
2210890,ENSCAFG00000004218,,ENSG00000179133,,ortholog_one2one,54.9296,56.7273
2210988,ENSCAFG00000004215,,ENSG00000148450,,ortholog_one2one,82.2222,81.3187
2211101,ENSCAFG00000004210,,ENSG00000165309,,ortholog_one2one,84.4068,85.6651
2211349,ENSCAFG00000004186,,ENSG00000150867,,ortholog_one2one,100.0,100.0
2211678,ENSCAFG00000004174,,ENSG00000077327,,ortholog_one2one,96.2672,96.2672
2211982,ENSCAFG00000004164,,ENSG00000168283,,ortholog_one2many,73.8532,98.773
2211983,ENSCAFG00000004164,,ENSG00000269897,,ortholog_one2many,97.4771,90.6183
2212474,ENSCAFG00000004152,,ENSG00000136770,,ortholog_one2one,75.4934,82.852
2212736,ENSCAFG00000004145,,ENSG00000078403,,ortholog_one2one,94.4015,91.573
2213214,ENSCAFG00000004142,,ENSG00000180592,,ortholog_one2one,95.4486,80.837
2213615,ENSCAFG00000004130,,ENSG00000078114,,ortholog_one2one,89.0855,89.3491
2213884,ENSCAFG00000004117,,ENSG00000120594,,ortholog_one2one,85.3571,90.3592
2214187,ENSCAFG00000004100,,ENSG00000120616,,ortholog_one2one,97.3872,98.0861
2214731,ENSCAFG00000004076,,ENSG00000170759,,ortholog_one2one,98.5462,98.5462
2215073,ENSCAFG00000004045,,ENSG00000165322,,ortholog_one2one,89.7436,95.1537
2215406,ENSCAFG00000004023,,ENSG00000148516,,ortholog_one2one,94.7556,94.7556
2215743,ENSCAFG00000004017,,ENSG00000183621,,ortholog_one2one,59.9104,64.6135
2215986,ENSCAFG00000004006,,ENSG00000197321,,ortholog_one2one,81.3891,82.5655
2216311,ENSCAFG00000003987,,ENSG00000165757,,ortholog_one2one,64.7361,64.9742
2216480,ENSCAFG00000003984,,ENSG00000107951,,ortholog_one2one,80.6507,80.9278
2216737,ENSCAFG00000003980,,ENSG00000107968,,ortholog_one2one,97.2163,97.2163
2217007,ENSCAFG00000003964,,ENSG00000120563,,ortholog_one2many,71.8121,55.1546
2217008,ENSCAFG00000003964,,ENSG00000151033,,ortholog_one2many,71.8121,55.1546
2217159,ENSCAFG00000030262,,ENSG00000095739,,ortholog_one2one,80.2048,90.3846
2217409,ENSCAFG00000003936,,ENSG00000095787,,ortholog_one2many,97.3289,90.1082
2217758,ENSCAFG00000003894,,ENSG00000150054,,ortholog_one2one,89.1586,95.6597
2218673,ENSCAFG00000003862,,ENSG00000169126,,ortholog_one2many,85.8276,82.9502
2219217,ENSCAFG00000004413,,ENSG00000165997,,ortholog_one2one,100.0,100.0
2219479,ENSCAFG00000004422,,ENSG00000241058,,ortholog_one2one,88.2729,88.2729
2219721,ENSCAFG00000004474,,ENSG00000165995,,ortholog_one2one,96.6019,90.4545
2220038,ENSCAFG00000004488,,ENSG00000148482,,ortholog_one2one,83.7446,83.5022
2220277,ENSCAFG00000004496,,ENSG00000260314,,ortholog_one2one,85.6546,84.478
2220876,ENSCAFG00000031319,,ENSG00000148483,,ortholog_one2one,70.2857,70.0855
2221108,ENSCAFG00000004516,,ENSG00000136738,,ortholog_one2one,94.9814,94.6296
2221368,ENSCAFG00000023975,,ENSG00000165996,,ortholog_one2one,90.0344,90.9722
2221609,ENSCAFG00000032700,,ENSG00000148488,,ortholog_one2one,56.926,75.3769
2221990,ENSCAFG00000004529,,ENSG00000026025,,ortholog_one2many,57.0611,64.1631
2222257,ENSCAFG00000004545,,ENSG00000107614,,ortholog_one2one,86.9565,86.9565
2222545,ENSCAFG00000004568,,ENSG00000107611,,ortholog_one2one,82.3741,82.1695
2222809,ENSCAFG00000004586,,ENSG00000148484,,ortholog_one2one,98.1949,98.1949
2223321,ENSCAFG00000004594,,ENSG00000165983,,ortholog_one2one,80.8333,83.3811
2223566,ENSCAFG00000004591,,ENSG00000165985,,ortholog_one2one,99.6078,99.6078
2223830,ENSCAFG00000023575,,ENSG00000148481,,ortholog_one2one,98.3051,91.236
2224092,ENSCAFG00000004656,,ENSG00000077943,,ortholog_one2one,91.138,85.1364
2224358,ENSCAFG00000004682,,ENSG00000148468,,ortholog_one2one,91.7633,88.8764
2224609,ENSCAFG00000024890,,ENSG00000152465,,ortholog_one2one,79.2899,80.7229
2224867,ENSCAFG00000024373,,ENSG00000152464,,ortholog_one2one,74.0351,74.5583
2225099,ENSCAFG00000046211,,ENSG00000176244,,ortholog_one2one,41.9889,86.3636
2225334,ENSCAFG00000030738,,ENSG00000197889,,ortholog_one2one,95.4545,95.4545
2225539,ENSCAFG00000004692,,ENSG00000152457,,ortholog_one2one,75.1049,77.6012
2225783,ENSCAFG00000004696,,ENSG00000152455,,ortholog_one2one,97.8049,97.8049
2225971,ENSCAFG00000004702,,ENSG00000187522,,ortholog_one2one,95.0884,95.0884
2226218,ENSCAFG00000004706,,ENSG00000185267,,ortholog_one2one,87.7005,87.7005
2226530,ENSCAFG00000004714,,ENSG00000065809,,ortholog_one2one,81.1075,81.3726
2226779,ENSCAFG00000004728,,ENSG00000151474,,ortholog_one2one,88.23,94.514
2227040,ENSCAFG00000004735,,ENSG00000282246,,ortholog_one2many,54.9858,95.0739
2227041,ENSCAFG00000004735,,ENSG00000165630,,ortholog_one2many,96.8661,99.4152
2227299,ENSCAFG00000004736,,ENSG00000165626,,ortholog_one2one,56.7325,67.5214
2227414,ENSCAFG00000004743,,ENSG00000086475,,ortholog_one2many,93.8272,96.9388
2227681,ENSCAFG00000023441,,ENSG00000107537,,ortholog_one2one,54.4118,76.6272
2227957,ENSCAFG00000004749,,ENSG00000165623,,ortholog_one2one,78.9855,78.9855
2228185,ENSCAFG00000004754,,ENSG00000065328,,ortholog_one2one,81.7362,82.8571
2228435,ENSCAFG00000004769,,ENSG00000123240,,ortholog_one2one,80.2632,84.5754
2228679,ENSCAFG00000030997,,ENSG00000151468,,ortholog_one2one,89.0511,90.3704
2228913,ENSCAFG00000004784,,ENSG00000183049,,ortholog_one2one,95.3168,89.8701
2229233,ENSCAFG00000004789,,ENSG00000151465,,ortholog_one2one,54.7619,95.8333
2229483,ENSCAFG00000004794,,ENSG00000165609,,ortholog_one2one,51.25,53.0172
2229737,ENSCAFG00000032738,,ENSG00000065665,,ortholog_one2one,97.5309,99.5798
2229921,ENSCAFG00000004827,,ENSG00000181192,,ortholog_one2one,91.1957,91.2949
2230173,ENSCAFG00000004839,,ENSG00000151461,,ortholog_one2one,97.7183,97.6415
2230432,ENSCAFG00000004856,,ENSG00000148426,,ortholog_one2one,52.008,59.5402
2230602,ENSCAFG00000004859,,ENSG00000134463,,ortholog_one2one,68.6833,63.6964
2230857,ENSCAFG00000004866,,ENSG00000148429,,ortholog_one2one,85.9172,85.3114
2231134,ENSCAFG00000004973,,ENSG00000048740,,ortholog_one2one,90.8257,92.8705
2231447,ENSCAFG00000005019,,ENSG00000107485,,ortholog_one2one,96.8468,96.8468
2231703,ENSCAFG00000005022,,ENSG00000165632,,ortholog_one2one,88.9485,89.2357
2231959,ENSCAFG00000005024,,ENSG00000165629,,ortholog_one2one,95.6376,95.6376
2232248,ENSCAFG00000005034,,ENSG00000151657,,ortholog_one2one,54.007,78.8804
2232531,ENSCAFG00000005057,,ENSG00000151655,,ortholog_one2one,86.7865,86.7865
2232788,ENSCAFG00000005096,,ENSG00000123243,,ortholog_one2one,82.6944,80.1486
2233049,ENSCAFG00000005121,,ENSG00000198879,,ortholog_one2one,92.0582,92.0582
2233302,ENSCAFG00000005169,,ENSG00000065675,,ortholog_one2one,95.3846,96.6006
2233550,ENSCAFG00000005194,,ENSG00000170525,,ortholog_one2one,89.1993,84.331
2233809,ENSCAFG00000005206,,ENSG00000134453,,ortholog_one2one,99.2519,99.2519
2234066,ENSCAFG00000005210,,ENSG00000134460,,ortholog_one2one,61.194,60.2941
2234214,ENSCAFG00000005213,,ENSG00000134470,,ortholog_one2one,39.8406,28.3286
2234314,ENSCAFG00000005218,,ENSG00000134452,,ortholog_one2one,92.065,88.0256
2234542,ENSCAFG00000005221,,ENSG00000134461,,ortholog_one2one,77.1588,76.7313
2234790,ENSCAFG00000005223,,ENSG00000057608,,ortholog_one2many,98.3721,95.0562
2235074,ENSCAFG00000005226,,ENSG00000108021,,ortholog_one2one,64.5818,67.1456
2235306,ENSCAFG00000005233,,ENSG00000196372,,ortholog_one2one,96.5779,91.3669
2235578,ENSCAFG00000005235,,ENSG00000178372,,ortholog_one2one,50.2959,58.2192
2235668,ENSCAFG00000005241,,ENSG00000173848,,ortholog_one2one,71.2766,78.6913
2235978,ENSCAFG00000005248,,ENSG00000178462,,ortholog_one2one,84.3049,84.3049
2236088,ENSCAFG00000005250,,ENSG00000178473,,ortholog_one2one,65.8683,68.323
2236959,ENSCAFG00000005329,,ENSG00000165568,,ortholog_one2one,75.7475,71.25
2237600,ENSCAFG00000005354,,ENSG00000067082,,ortholog_one2one,83.5664,84.4523
2237855,ENSCAFG00000005392,,ENSG00000107959,,ortholog_one2one,82.2222,81.9846
2238139,ENSCAFG00000005468,,ENSG00000067057,,ortholog_one2one,60.5747,67.2194
2238482,ENSCAFG00000029140,,ENSG00000185736,,ortholog_one2one,83.3103,81.7321
2238813,ENSCAFG00000005519,,ENSG00000047056,,ortholog_one2one,90.7692,81.9444
2239119,ENSCAFG00000005536,,ENSG00000107937,,ortholog_one2one,85.1312,92.1136
2239577,ENSCAFG00000042366,,ENSG00000107929,,ortholog_one2one,85.4972,83.8753
2239895,ENSCAFG00000005624,,ENSG00000151240,,ortholog_one2one,97.9026,89.2109
2240160,ENSCAFG00000005669,,ENSG00000015171,,ortholog_one2one,99.0275,99.0275
2260414,ENSCAFG00000006738,,ENSG00000125971,,ortholog_one2one,94.7917,61.4865
2284088,ENSCAFG00000023535,,ENSG00000176253,,ortholog_one2one,88.4615,90.7895
2298325,ENSCAFG00000009708,,ENSG00000156508,,ortholog_one2many,100.0,100.0
2355361,ENSCAFG00000015774,,ENSG00000164032,,ortholog_one2many,88.5417,66.4062
2375051,ENSCAFG00000007469,,ENSG00000123594,,ortholog_one2one,68.0,23.9437
2377073,ENSCAFG00000007622,,ENSG00000124795,,ortholog_one2many,95.0249,50.2632
2394564,ENSCAFG00000044479,,ENSG00000173915,,ortholog_one2one,84.2105,82.7586
2394633,ENSCAFG00000046587,,ENSG00000214078,,ortholog_one2one,84.4037,16.9742
2399667,ENSCAFG00000009530,,ENSG00000174501,,ortholog_one2many,5.99793,6.52418
2399668,ENSCAFG00000009530,,ENSG00000135976,,ortholog_one2many,8.73837,8.82507
2399669,ENSCAFG00000009530,,ENSG00000196912,,ortholog_one2many,4.29162,6.13452
2407901,ENSCAFG00000010357,,ENSG00000124383,,ortholog_one2one,85.567,85.3157
2408160,ENSCAFG00000010361,,ENSG00000124370,,ortholog_one2one,82.9545,82.9545
2411122,ENSCAFG00000010580,,ENSG00000132963,,ortholog_one2many,76.3636,59.5745
2417046,ENSCAFG00000043115,,ENSG00000144381,,ortholog_one2one,93.985,21.815
2431034,ENSCAFG00000031958,,ENSG00000268107,,ortholog_many2many,0.0,0.0
2431035,ENSCAFG00000031958,,ENSG00000268163,,ortholog_many2many,1.4733,6.06061
2431036,ENSCAFG00000031958,,ENSG00000105136,,ortholog_many2many,17.3112,18.3953
2431037,ENSCAFG00000031958,,ENSG00000121406,,ortholog_many2many,19.7053,16.7188
2431038,ENSCAFG00000031958,,ENSG00000196724,,ortholog_many2many,19.5212,15.208
2431039,ENSCAFG00000031958,,ENSG00000083828,,ortholog_many2many,16.3904,22.1393
2431040,ENSCAFG00000031958,,ENSG00000269343,,ortholog_many2many,18.232,15.6398
2431041,ENSCAFG00000031958,,ENSG00000178935,,ortholog_many2many,8.28729,11.0565
2431042,ENSCAFG00000031958,,ENSG00000171466,,ortholog_many2many,16.5746,21.1268
2431043,ENSCAFG00000031958,,ENSG00000171469,,ortholog_many2many,15.8379,17.6955
2434327,ENSCAFG00000013181,,ENSG00000235272,,ortholog_one2many,94.0678,94.0678
2443385,ENSCAFG00000014257,,ENSG00000074211,,ortholog_one2one,97.9215,94.8546
2443714,ENSCAFG00000023508,,ENSG00000013288,,ortholog_one2many,69.4501,67.5917
2443992,ENSCAFG00000049176,,ENSG00000013288,,ortholog_one2many,61.0294,24.6779
2444340,ENSCAFG00000014333,,ENSG00000163993,,ortholog_one2one,81.0526,81.0526
2444524,ENSCAFG00000014337,,ENSG00000186222,,ortholog_one2one,79.3578,79.7235
2444749,ENSCAFG00000014342,,ENSG00000170871,,ortholog_one2one,60.6614,88.1004
2445156,ENSCAFG00000014357,,ENSG00000173011,,ortholog_one2one,95.1952,75.4762
2445422,ENSCAFG00000014364,,ENSG00000109519,,ortholog_one2one,45.8084,70.5069
2445684,ENSCAFG00000014403,,ENSG00000184985,,ortholog_one2one,82.405,80.4141
2445943,ENSCAFG00000014453,,ENSG00000196526,,ortholog_one2one,90.22,90.6634
2446186,ENSCAFG00000014530,,ENSG00000163995,,ortholog_one2one,70.8564,78.9231
2446426,ENSCAFG00000014543,,ENSG00000125089,,ortholog_one2one,70.4033,77.0958
2446662,ENSCAFG00000014546,,ENSG00000170801,,ortholog_one2one,92.7614,76.3797
2446940,ENSCAFG00000014554,,ENSG00000087008,,ortholog_one2one,75.5714,75.5714
2447195,ENSCAFG00000014566,,ENSG00000155275,,ortholog_one2one,70.6989,69.4848
2447438,ENSCAFG00000014583,,ENSG00000109625,,ortholog_one2one,82.2581,78.2209
2447748,ENSCAFG00000014598,,ENSG00000215612,,ortholog_one2one,93.6232,92.8161
2447940,ENSCAFG00000014602,,ENSG00000184160,,ortholog_one2one,90.5286,88.961
2448291,ENSCAFG00000014622,,ENSG00000175920,,ortholog_one2one,82.0459,77.9762
2448583,ENSCAFG00000014629,,ENSG00000109758,,ortholog_one2one,75.9336,82.9305
2448870,ENSCAFG00000029577,,ENSG00000159788,,ortholog_one2one,83.1015,82.5847
2449076,ENSCAFG00000014681,,ENSG00000188981,,ortholog_one2one,83.0189,77.193
2449320,ENSCAFG00000014682,,ENSG00000197386,,ortholog_one2one,91.7252,91.3749
2449670,ENSCAFG00000014730,,ENSG00000087269,,ortholog_one2one,80.1634,80.1634
2449915,ENSCAFG00000014747,,ENSG00000109736,,ortholog_one2one,73.1707,75.0
2450587,ENSCAFG00000014808,,ENSG00000087274,,ortholog_one2one,87.0303,93.4896
2450850,ENSCAFG00000014845,,ENSG00000125386,,ortholog_one2one,87.4317,84.4884
2451111,ENSCAFG00000014856,,ENSG00000063978,,ortholog_one2one,93.6842,93.6842
2451366,ENSCAFG00000043709,,ENSG00000206113,,ortholog_one2one,61.2036,66.9468
2451583,ENSCAFG00000014866,,ENSG00000159733,,ortholog_one2one,62.5759,58.0609
2451851,ENSCAFG00000014873,,ENSG00000123933,,ortholog_one2one,72.3485,91.3876
2452090,ENSCAFG00000014883,,ENSG00000214367,,ortholog_one2one,86.4013,86.4013
2452344,ENSCAFG00000014903,,ENSG00000130997,,ortholog_one2one,73.8598,73.7778
2452539,ENSCAFG00000014913,,ENSG00000185818,,ortholog_one2one,88.5449,94.702
2452778,ENSCAFG00000044253,,ENSG00000243449,,ortholog_one2one,26.25,65.625
2453002,ENSCAFG00000014927,,ENSG00000185049,,ortholog_one2one,71.831,85.1577
2453259,ENSCAFG00000014951,,ENSG00000109685,,ortholog_one2one,91.9643,90.5495
2453659,ENSCAFG00000014979,,ENSG00000168924,,ortholog_one2one,81.3072,84.1678
2453915,ENSCAFG00000014993,,ENSG00000068078,,ortholog_one2one,71.1656,86.1386
2454185,ENSCAFG00000015000,,ENSG00000013810,,ortholog_one2one,58.8,52.6253
2454430,ENSCAFG00000015011,,ENSG00000168936,,ortholog_one2one,90.884,90.884
2454668,ENSCAFG00000015016,,ENSG00000163950,,ortholog_one2one,86.5248,88.0866
2454918,ENSCAFG00000015022,,ENSG00000174137,,ortholog_one2one,60.3774,56.2814
2455053,ENSCAFG00000031073,,ENSG00000235608,,ortholog_one2one,88.1356,81.25
2455249,ENSCAFG00000015039,,ENSG00000163945,,ortholog_one2one,61.7524,54.2787
2455350,ENSCAFG00000015056,,ENSG00000090316,,ortholog_one2one,83.3676,93.5484
2455604,ENSCAFG00000015078,,ENSG00000047662,,ortholog_one2one,65.3874,85.1887
2455821,ENSCAFG00000015083,,ENSG00000118579,,ortholog_one2one,93.7143,92.1348
2456106,ENSCAFG00000015095,,ENSG00000002549,,ortholog_one2one,91.9075,91.9075
2456364,ENSCAFG00000015101,,ENSG00000249581,,ortholog_one2one,96.1207,96.1207
2456609,ENSCAFG00000015113,,ENSG00000151552,,ortholog_one2one,65.9306,85.6557
2456889,ENSCAFG00000044499,,ENSG00000084093,,ortholog_one2many,90.4762,25.9799
2457181,ENSCAFG00000015135,,ENSG00000169744,,ortholog_one2one,93.7662,96.7828
2457454,ENSCAFG00000015148,,ENSG00000169762,,ortholog_one2one,69.0196,93.1217
2457771,ENSCAFG00000015233,,ENSG00000007062,,ortholog_one2one,62.5576,62.7746
2458086,ENSCAFG00000015272,,ENSG00000137440,,ortholog_one2one,60.4444,58.1197
2458356,ENSCAFG00000015298,,ENSG00000004468,,ortholog_one2one,47.9224,57.6667
2458678,ENSCAFG00000015321,,ENSG00000118564,,ortholog_one2one,96.2373,96.2373
2458941,ENSCAFG00000015312,,ENSG00000109743,,ortholog_one2one,75.8842,70.8709
2459098,ENSCAFG00000035589,,ENSG00000237765,,ortholog_one2one,90.7295,90.8676
2459155,ENSCAFG00000015345,,ENSG00000048342,,ortholog_one2one,83.6165,84.4363
2459447,ENSCAFG00000031380,,ENSG00000163145,,ortholog_one2one,95.9459,95.9459
2459698,ENSCAFG00000015372,,ENSG00000137449,,ortholog_one2one,83.8483,57.7369
2459925,ENSCAFG00000015402,,ENSG00000038219,,ortholog_one2one,74.5492,71.8125
2460173,ENSCAFG00000015412,,ENSG00000109705,,ortholog_one2one,89.1892,89.1892
2460397,ENSCAFG00000028741,,ENSG00000157869,,ortholog_one2many,96.3801,96.3801
2460762,ENSCAFG00000015458,,ENSG00000109684,,ortholog_one2one,68.1716,70.5607
2460907,ENSCAFG00000015463,,ENSG00000178163,,ortholog_one2one,76.3,71.0428
2461137,ENSCAFG00000015524,,ENSG00000071127,,ortholog_one2one,94.9097,95.3795
2461392,ENSCAFG00000015634,,ENSG00000109667,,ortholog_one2one,68.3307,81.1111
2461638,ENSCAFG00000015664,,ENSG00000169676,,ortholog_one2one,57.58,86.7924
2461869,ENSCAFG00000015666,,ENSG00000163982,,ortholog_one2one,81.5303,50.4902
2462113,ENSCAFG00000015668,,ENSG00000132406,,ortholog_one2one,82.4242,82.4242
2462353,ENSCAFG00000015688,,ENSG00000168826,,ortholog_one2one,77.335,81.1765
2462614,ENSCAFG00000015675,,ENSG00000145220,,ortholog_one2many,75.2632,75.4617
2462855,ENSCAFG00000015693,,ENSG00000168824,,ortholog_one2one,74.3961,83.2432
2463091,ENSCAFG00000015700,,ENSG00000168818,,ortholog_one2one,94.3452,94.6269
2463336,ENSCAFG00000015705,,ENSG00000163132,,ortholog_one2one,82.971,75.5776
2463501,ENSCAFG00000015706,,ENSG00000170891,,ortholog_one2one,81.4815,80.8824
2463725,ENSCAFG00000015725,,ENSG00000152953,,ortholog_one2one,83.0097,82.6087
2463923,ENSCAFG00000015738,,ENSG00000173040,,ortholog_one2one,74.9629,77.1407
2464141,ENSCAFG00000015745,,ENSG00000072840,,ortholog_one2one,78.7046,80.8468
2464356,ENSCAFG00000015799,,ENSG00000072832,,ortholog_one2one,70.3283,81.1953
2464599,ENSCAFG00000015842,,ENSG00000181215,,ortholog_one2one,64.1026,11.6048
2464679,ENSCAFG00000015859,,ENSG00000152969,,ortholog_one2one,87.1477,93.0205
2465146,ENSCAFG00000015878,,ENSG00000154277,,ortholog_one2one,47.9893,74.2739
2465424,ENSCAFG00000015887,,ENSG00000163697,,ortholog_one2one,92.9688,94.0711
2465777,ENSCAFG00000015893,,ENSG00000179299,,ortholog_one2one,53.7453,79.9443
2466240,ENSCAFG00000015898,,ENSG00000163694,,ortholog_one2one,86.4486,93.5919
2466514,ENSCAFG00000015915,,ENSG00000174343,,ortholog_one2one,87.0722,95.6159
2466835,ENSCAFG00000015923,,ENSG00000168421,,ortholog_one2one,96.8586,96.8586
2467084,ENSCAFG00000015929,,ENSG00000078177,,ortholog_one2one,80.1225,81.2994
2467270,ENSCAFG00000015933,,ENSG00000119640,,ortholog_one2many,90.9091,69.7674
2467511,ENSCAFG00000015950,,ENSG00000121892,,ortholog_one2one,96.635,98.8033
2467812,ENSCAFG00000012274,,ENSG00000122873,,ortholog_one2one,91.5094,89.8148
2468100,ENSCAFG00000015961,,ENSG00000078140,,ortholog_one2one,100.0,100.0
2468460,ENSCAFG00000015978,,ENSG00000109814,,ortholog_one2one,98.004,99.3927
2468718,ENSCAFG00000015991,,ENSG00000121897,,ortholog_one2one,88.3117,91.3979
2468983,ENSCAFG00000016008,,ENSG00000163682,,ortholog_one2one,94.0909,94.0909
2469245,ENSCAFG00000016022,,ENSG00000134962,,ortholog_one2one,85.5364,85.5364
2469501,ENSCAFG00000016068,,ENSG00000035928,,ortholog_one2one,85.5593,89.2857
2469765,ENSCAFG00000016105,,ENSG00000157796,,ortholog_one2many,92.7242,81.6692
2470021,ENSCAFG00000041952,,ENSG00000157796,,ortholog_one2many,64.4928,6.63189
2470281,ENSCAFG00000016145,,ENSG00000109790,,ortholog_one2one,91.5082,95.3765
2470578,ENSCAFG00000016155,,ENSG00000121895,,ortholog_one2one,69.8718,73.6487
2470712,ENSCAFG00000016161,,ENSG00000197712,,ortholog_one2one,82.8265,82.238
2470946,ENSCAFG00000016172,,ENSG00000174130,,ortholog_one2one,77.0389,77.1357
2471230,ENSCAFG00000024010,,ENSG00000174125,,ortholog_one2one,79.2105,76.5903
2471327,ENSCAFG00000016175,,ENSG00000174123,,ortholog_one2one,82.0322,81.6276
2471407,ENSCAFG00000016180,,ENSG00000109787,,ortholog_one2one,95.6522,95.6522
2471668,ENSCAFG00000016208,,ENSG00000065882,,ortholog_one2one,79.578,90.411
2471939,ENSCAFG00000016249,,ENSG00000169299,,ortholog_one2one,92.5203,92.9739
2472201,ENSCAFG00000016265,,ENSG00000181826,,ortholog_one2one,88.5609,88.5609
2472442,ENSCAFG00000028673,,ENSG00000154274,,ortholog_one2one,43.0328,33.4395
2472608,ENSCAFG00000016269,,ENSG00000174145,,ortholog_one2one,95.9242,95.9242
2472885,ENSCAFG00000016290,,ENSG00000197057,,ortholog_one2one,79.2035,79.0287
2473100,ENSCAFG00000016306,,ENSG00000047365,,ortholog_one2one,88.7742,80.7512
2473358,ENSCAFG00000016342,,ENSG00000169851,,ortholog_one2one,79.2869,87.1269
2474253,ENSCAFG00000016354,,ENSG00000109689,,ortholog_one2one,83.4568,89.6552
2474576,ENSCAFG00000016362,,ENSG00000109680,,ortholog_one2one,97.8131,93.5361
2474839,ENSCAFG00000029430,,ENSG00000163394,,ortholog_one2one,75.6436,89.2523
2475095,ENSCAFG00000016387,,ENSG00000168214,,ortholog_one2one,92.2027,94.6
2475575,ENSCAFG00000016395,,ENSG00000250317,,ortholog_one2one,86.5672,34.5238
2475808,ENSCAFG00000016402,,ENSG00000091490,,ortholog_one2one,87.1304,88.5159
2476036,ENSCAFG00000016417,,ENSG00000157765,,ortholog_one2one,74.5856,78.2609
2476374,ENSCAFG00000016439,,ENSG00000053900,,ortholog_one2one,97.5278,97.5278
2476614,ENSCAFG00000016448,,ENSG00000168228,,ortholog_one2one,73.5043,83.8207
2476870,ENSCAFG00000016452,,ENSG00000038210,,ortholog_one2one,82.2727,75.2599
2477124,ENSCAFG00000016468,,ENSG00000109618,,ortholog_one2one,93.5484,92.6148
2477367,ENSCAFG00000016480,,ENSG00000153012,,ortholog_one2one,96.9466,93.211
2477696,ENSCAFG00000016494,,ENSG00000181982,,ortholog_one2one,79.3561,77.5926
2478006,ENSCAFG00000016498,,ENSG00000109610,,ortholog_one2one,37.6417,69.1667
2478241,ENSCAFG00000016505,,ENSG00000109606,,ortholog_one2one,99.7484,99.7484
2478572,ENSCAFG00000016519,,ENSG00000109819,,ortholog_one2one,85.073,94.9875
2479035,ENSCAFG00000016529,,ENSG00000249948,,ortholog_one2one,82.2938,87.3932
2479231,ENSCAFG00000016531,,ENSG00000152990,,ortholog_one2one,87.8303,83.0432
2479510,ENSCAFG00000016537,,ENSG00000185774,,ortholog_one2one,78.1145,92.8
2479777,ENSCAFG00000016544,,ENSG00000163138,,ortholog_one2one,63.1179,66.9355
2480012,ENSCAFG00000016608,,ENSG00000145147,,ortholog_one2one,96.3059,96.3684
2480373,ENSCAFG00000016672,,ENSG00000178177,,ortholog_one2one,81.4081,79.1021
2480510,ENSCAFG00000016677,,ENSG00000109805,,ortholog_one2one,80.7229,85.8128
2480763,ENSCAFG00000041249,,ENSG00000163257,,ortholog_one2one,94.4444,94.4444
2480835,ENSCAFG00000016687,,ENSG00000159692,,ortholog_one2one,95.9811,92.2727
2481099,ENSCAFG00000044061,,ENSG00000100211,,ortholog_one2many,50.5435,55.0296
2481554,ENSCAFG00000032095,,ENSG00000178222,,ortholog_one2one,47.1698,50.5051
2481662,ENSCAFG00000016706,,ENSG00000145217,,ortholog_one2one,63.2287,80.4565
2481908,ENSCAFG00000016699,,ENSG00000127418,,ortholog_one2one,58.5616,67.8571
2482205,ENSCAFG00000016701,,ENSG00000127415,,ortholog_one2one,71.3126,80.7044
2482439,ENSCAFG00000016708,,ENSG00000145214,,ortholog_one2one,72.4951,78.3439
2482674,ENSCAFG00000016710,,ENSG00000127419,,ortholog_one2one,65.3028,79.1667
2482911,ENSCAFG00000016743,,ENSG00000178950,,ortholog_one2one,67.5261,73.913
2483266,ENSCAFG00000016762,,ENSG00000185619,,ortholog_one2one,64.0127,83.0579
2483535,ENSCAFG00000016764,,ENSG00000169026,,ortholog_one2one,53.9889,51.9643
2483787,ENSCAFG00000016772,,ENSG00000215375,,ortholog_one2one,55.0173,91.9075
2483902,ENSCAFG00000016782,,ENSG00000133256,,ortholog_one2one,91.5888,91.8033
2484171,ENSCAFG00000016795,,ENSG00000174227,,ortholog_one2one,83.9268,83.9268
2484428,ENSCAFG00000009612,,ENSG00000119922,,ortholog_one2one,68.9583,68.53
2484997,ENSCAFG00000031614,,ENSG00000119917,,ortholog_one2one,69.8574,70.0
2485571,ENSCAFG00000009617,,ENSG00000185745,,ortholog_one2one,64.5914,69.4561
2486192,ENSCAFG00000009629,,ENSG00000198105,,ortholog_one2one,75.9931,75.9931
2486528,ENSCAFG00000029179,,ENSG00000175395,,ortholog_one2one,78.9357,78.0702
2486752,ENSCAFG00000009862,,ENSG00000189180,,ortholog_one2many,78.0788,76.4777
2486753,ENSCAFG00000009862,,ENSG00000196693,,ortholog_one2many,78.9409,82.3907
2491703,ENSCAFG00000041560,,ENSG00000147140,,ortholog_one2many,85.5263,25.2427
2502514,ENSCAFG00000032353,,ENSG00000072401,,ortholog_one2one,100.0,100.0
2502840,ENSCAFG00000012315,,ENSG00000108064,,ortholog_one2one,70.3252,70.3252
2503108,ENSCAFG00000012331,,ENSG00000122870,,ortholog_one2one,87.7406,88.9117
2503706,ENSCAFG00000012396,,ENSG00000165443,,ortholog_one2one,98.6702,98.6702
2504025,ENSCAFG00000012414,,ENSG00000148541,,ortholog_one2one,88.0992,87.9538
2504338,ENSCAFG00000012440,,ENSG00000165449,,ortholog_one2one,91.945,91.945
2504667,ENSCAFG00000012452,,ENSG00000108091,,ortholog_one2one,96.2343,97.0464
2504935,ENSCAFG00000012694,,ENSG00000151150,,ortholog_one2one,94.4749,94.5396
2505342,ENSCAFG00000012904,,ENSG00000170312,,ortholog_one2one,98.6532,98.6532
2505641,ENSCAFG00000012932,,ENSG00000072422,,ortholog_one2one,93.1232,93.3908
2505986,ENSCAFG00000031918,,ENSG00000196932,,ortholog_one2one,80.7065,80.7065
2506281,ENSCAFG00000012979,,ENSG00000183346,,ortholog_one2one,44.9664,45.2703
2506420,ENSCAFG00000012991,,ENSG00000150347,,ortholog_one2one,86.761,87.7104
2506600,ENSCAFG00000013018,,ENSG00000182010,,ortholog_one2one,73.0878,84.7291
2506850,ENSCAFG00000013039,,ENSG00000138311,,ortholog_one2one,88.9706,89.1892
2507075,ENSCAFG00000013045,,ENSG00000181915,,ortholog_one2many,92.963,92.963
2507304,ENSCAFG00000013049,,ENSG00000122877,,ortholog_one2one,97.0339,96.2185
2507609,ENSCAFG00000031936,,ENSG00000148572,,ortholog_one2one,92.0139,92.3345
2507882,ENSCAFG00000013081,,ENSG00000171988,,ortholog_one2one,92.0629,92.2441
2508152,ENSCAFG00000032538,,ENSG00000165476,,ortholog_one2one,92.6229,88.6274
2508474,ENSCAFG00000013221,,ENSG00000183230,,ortholog_one2one,95.8659,95.8659
2508677,ENSCAFG00000013270,,ENSG00000198739,,ortholog_one2one,99.1394,99.1394
2509542,ENSCAFG00000013305,,ENSG00000108176,,ortholog_one2one,81.6327,70.1754
2509861,ENSCAFG00000013475,,ENSG00000148634,,ortholog_one2one,91.4339,92.9044
2510132,ENSCAFG00000013541,,ENSG00000138347,,ortholog_one2one,92.8896,93.0303
2510398,ENSCAFG00000013555,,ENSG00000179774,,ortholog_one2one,90.7895,90.7895
2510626,ENSCAFG00000013602,,ENSG00000108187,,ortholog_one2one,82.5949,90.625
2510894,ENSCAFG00000013619,,ENSG00000096746,,ortholog_one2one,100.0,100.0
2511167,ENSCAFG00000013679,,ENSG00000204130,,ortholog_one2one,97.3479,97.3479
2511441,ENSCAFG00000013710,,ENSG00000138346,,ortholog_one2one,88.0039,84.434
2511663,ENSCAFG00000013726,,ENSG00000122912,,ortholog_one2one,96.0843,96.0843
2511924,ENSCAFG00000013739,,ENSG00000138336,,ortholog_one2one,80.1591,80.1966
2512175,ENSCAFG00000013761,,ENSG00000060339,,ortholog_one2one,98.8696,98.8696
2512429,ENSCAFG00000013771,,ENSG00000165730,,ortholog_one2one,71.7762,53.5876
2512677,ENSCAFG00000013776,,ENSG00000107625,,ortholog_one2one,97.5643,97.829
2512811,ENSCAFG00000013791,,ENSG00000165732,,ortholog_one2one,89.4268,89.6552
2513148,ENSCAFG00000013808,,ENSG00000198954,,ortholog_one2one,95.4911,91.7957
2513399,ENSCAFG00000013817,,ENSG00000122862,,ortholog_one2one,69.1824,69.6203
2513545,ENSCAFG00000013827,,ENSG00000122958,,ortholog_one2many,95.858,99.0826
2513815,ENSCAFG00000013839,,ENSG00000156502,,ortholog_one2one,84.8521,91.2214
2514069,ENSCAFG00000032754,,ENSG00000156510,,ortholog_one2one,93.4569,93.4569
2514274,ENSCAFG00000013917,,ENSG00000156515,,ortholog_one2one,91.7647,93.1596
2514561,ENSCAFG00000013952,,ENSG00000075073,,ortholog_one2one,86.1979,83.1658
2514844,ENSCAFG00000013957,,ENSG00000099282,,ortholog_one2one,34.1463,57.1429
2515107,ENSCAFG00000023597,,ENSG00000122859,,ortholog_one2one,84.6512,85.0467
2515293,ENSCAFG00000013983,,ENSG00000197467,,ortholog_one2one,90.1114,88.8736
2515452,ENSCAFG00000014002,,ENSG00000099284,,ortholog_one2one,99.1936,99.1936
2515712,ENSCAFG00000014014,,ENSG00000042286,,ortholog_one2one,84.9866,84.9866
2515971,ENSCAFG00000014026,,ENSG00000079332,,ortholog_one2one,98.4848,98.4848
2516169,ENSCAFG00000014033,,ENSG00000180817,,ortholog_one2many,74.1611,76.4706
2516499,ENSCAFG00000014038,,ENSG00000148734,,ortholog_one2one,85.5172,86.5116
2516772,ENSCAFG00000014045,,ENSG00000172731,,ortholog_one2one,93.4783,93.4783
2517029,ENSCAFG00000014050,,ENSG00000148730,,ortholog_one2one,99.1667,99.1667
2517276,ENSCAFG00000014052,,ENSG00000156574,,ortholog_one2one,67.9894,74.0634
2517406,ENSCAFG00000014067,,ENSG00000107719,,ortholog_one2one,86.215,86.215
2517677,ENSCAFG00000014071,,ENSG00000180644,,ortholog_one2one,72.3661,75.4955
2518312,ENSCAFG00000014083,,ENSG00000138316,,ortholog_one2one,87.5306,87.602
2518571,ENSCAFG00000014088,,ENSG00000166220,,ortholog_one2one,54.4944,55.1136
2518723,ENSCAFG00000014100,,ENSG00000166224,,ortholog_one2one,80.3681,92.2535
2518984,ENSCAFG00000014104,,ENSG00000166228,,ortholog_one2one,99.0291,98.0769
2519227,ENSCAFG00000014319,,ENSG00000107731,,ortholog_one2one,88.8557,94.4974
2519473,ENSCAFG00000014339,,ENSG00000198246,,ortholog_one2one,79.0698,78.7368
2519725,ENSCAFG00000014229,,ENSG00000107736,,ortholog_one2one,94.842,94.842
2520159,ENSCAFG00000014388,,ENSG00000197746,,ortholog_one2one,84.8197,84.8197
2520466,ENSCAFG00000014410,,ENSG00000122863,,ortholog_one2one,90.566,90.1879
2520779,ENSCAFG00000014413,,ENSG00000107742,,ortholog_one2one,95.5189,95.5189
2521074,ENSCAFG00000014415,,ENSG00000138303,,ortholog_one2one,82.9545,73.0
2521323,ENSCAFG00000014420,,ENSG00000166295,,ortholog_one2one,100.0,100.0
2521570,ENSCAFG00000032469,,ENSG00000168209,,ortholog_one2one,30.8581,80.6034
2521869,ENSCAFG00000014441,,ENSG00000148719,,ortholog_one2one,94.335,93.643
2522212,ENSCAFG00000014489,,ENSG00000107745,,ortholog_one2one,95.2479,95.6432
2522498,ENSCAFG00000014518,,ENSG00000156026,,ortholog_one2one,98.8571,98.5755
2522755,ENSCAFG00000014537,,ENSG00000138315,,ortholog_one2one,93.4066,93.578
2523000,ENSCAFG00000031548,,ENSG00000138308,,ortholog_one2one,94.359,94.359
2523315,ENSCAFG00000014573,,ENSG00000122884,,ortholog_one2one,96.4419,96.4419
2523564,ENSCAFG00000014604,,ENSG00000166321,,ortholog_one2one,82.8255,84.9432
2523806,ENSCAFG00000014617,,ENSG00000122882,,ortholog_one2one,84.0183,81.5362
2524068,ENSCAFG00000014637,,ENSG00000138286,,ortholog_one2one,85.4452,85.7388
2524319,ENSCAFG00000014651,,ENSG00000213551,,ortholog_one2one,93.4363,93.0769
2524574,ENSCAFG00000031286,,ENSG00000182180,,ortholog_one2many,59.799,86.8613
2524825,ENSCAFG00000014683,,ENSG00000156042,,ortholog_one2one,88.2143,88.1356
2525083,ENSCAFG00000014749,,ENSG00000138279,,ortholog_one2many,88.2812,92.6229
2525297,ENSCAFG00000029612,,ENSG00000166343,,ortholog_one2one,84.4639,83.913
2525579,ENSCAFG00000014818,,ENSG00000107758,,ortholog_one2one,97.9401,99.619
2525760,ENSCAFG00000014835,,ENSG00000166348,,ortholog_one2one,87.072,87.5891
2526080,ENSCAFG00000014842,,ENSG00000177791,,ortholog_one2one,92.9293,92.3077
2526394,ENSCAFG00000014847,,ENSG00000166317,,ortholog_one2one,82.6816,90.8905
2526585,ENSCAFG00000014872,,ENSG00000196968,,ortholog_one2one,88.8438,89.0244
2526846,ENSCAFG00000014874,,ENSG00000172586,,ortholog_one2one,84.7458,84.7458
2527080,ENSCAFG00000014971,,ENSG00000214655,,ortholog_one2one,98.7514,98.7514
2527334,ENSCAFG00000015050,,ENSG00000166507,,ortholog_one2many,98.0747,98.0747
2527335,ENSCAFG00000015050,,ENSG00000272916,,ortholog_one2many,89.0147,96.4417
2527606,ENSCAFG00000015161,,ENSG00000148660,,ortholog_one2one,88.707,97.1326
2527960,ENSCAFG00000015190,,ENSG00000122861,,ortholog_one2one,61.6943,77.7262
2528387,ENSCAFG00000015254,,ENSG00000035403,,ortholog_one2one,97.0357,98.1481
2528655,ENSCAFG00000015334,,ENSG00000185009,,ortholog_one2one,96.7442,99.5215
2528915,ENSCAFG00000015340,,ENSG00000156110,,ortholog_one2one,58.1986,69.6133
2529245,ENSCAFG00000015357,,ENSG00000156650,,ortholog_one2one,94.1627,94.9349
2529526,ENSCAFG00000044275,,ENSG00000188716,,ortholog_one2one,62.3188,58.6364
2529740,ENSCAFG00000031398,,ENSG00000079393,,ortholog_one2one,52.1277,58.6826
2530066,ENSCAFG00000015388,,ENSG00000156671,,ortholog_one2one,78.3418,96.8619
2530331,ENSCAFG00000015398,,ENSG00000165637,,ortholog_one2many,76.947,79.9353
2530672,ENSCAFG00000015413,,ENSG00000165644,,ortholog_one2one,87.4046,87.4046
2530983,ENSCAFG00000015427,,ENSG00000165655,,ortholog_one2one,96.6309,97.678
2531278,ENSCAFG00000015441,,ENSG00000148655,,ortholog_one2one,50.1845,60.177
2531750,ENSCAFG00000015465,,ENSG00000156113,,ortholog_one2one,99.3366,93.0124
2532120,ENSCAFG00000015499,,ENSG00000151208,,ortholog_one2one,91.6495,92.6524
2532450,ENSCAFG00000015546,,ENSG00000148606,,ortholog_one2one,98.0029,98.8489
2532900,ENSCAFG00000015669,,ENSG00000108175,,ortholog_one2one,88.4157,97.2821
2533214,ENSCAFG00000032043,,ENSG00000108179,,ortholog_one2one,94.4954,49.7585
2533482,ENSCAFG00000015698,,ENSG00000165424,,ortholog_one2one,57.2848,71.7842
2533770,ENSCAFG00000015737,,ENSG00000122359,,ortholog_one2one,64.5161,91.0891
2534046,ENSCAFG00000015748,,ENSG00000133678,,ortholog_one2one,68.0,59.0278
2534290,ENSCAFG00000015753,,ENSG00000133661,,ortholog_one2one,76.0,76.0
2534729,ENSCAFG00000015754,,ENSG00000122852,,ortholog_one2many,68.5921,72.2433
2534730,ENSCAFG00000015754,,ENSG00000185303,,ortholog_one2many,67.509,75.4032
2534967,ENSCAFG00000015807,,ENSG00000151224,,ortholog_one2one,88.785,96.2025
2535279,ENSCAFG00000015851,,ENSG00000170788,,ortholog_one2one,70.6161,84.1808
2535404,ENSCAFG00000015857,,ENSG00000133665,,ortholog_one2one,69.9248,48.6911
2535571,ENSCAFG00000015861,,ENSG00000122378,,ortholog_one2one,41.7178,89.083
2535680,ENSCAFG00000015872,,ENSG00000108219,,ortholog_one2one,70.6199,97.037
2535948,ENSCAFG00000015877,,ENSG00000178217,,ortholog_one2one,94.4573,94.4573
2536155,ENSCAFG00000015883,,ENSG00000185737,,ortholog_one2one,93.0556,93.0556
2537181,ENSCAFG00000015891,,ENSG00000165678,,ortholog_one2one,92.1739,92.1739
2537456,ENSCAFG00000046400,,ENSG00000188373,,ortholog_one2one,65.3846,62.963
2537536,ENSCAFG00000015908,,ENSG00000148600,,ortholog_one2one,82.0144,79.6275
2537852,ENSCAFG00000015917,,ENSG00000204033,,ortholog_one2one,73.2727,71.9643
2538152,ENSCAFG00000015921,,ENSG00000148602,,ortholog_one2one,71.3953,49.2777
2538472,ENSCAFG00000015930,,ENSG00000148604,,ortholog_one2one,72.8188,70.0
2538734,ENSCAFG00000015946,,ENSG00000107771,,ortholog_one2one,87.2727,87.106
2539120,ENSCAFG00000015954,,ENSG00000182771,,ortholog_one2one,93.074,97.225
2539453,ENSCAFG00000015966,,ENSG00000062650,,ortholog_one2one,88.7335,95.9664
2539801,ENSCAFG00000015975,,ENSG00000122375,,ortholog_one2one,77.131,74.9495
2540157,ENSCAFG00000016038,,ENSG00000122367,,ortholog_one2one,67.5641,71.9945
2540437,ENSCAFG00000016077,,ENSG00000107779,,ortholog_one2one,98.8722,98.8722
2540713,ENSCAFG00000016086,,ENSG00000173269,,ortholog_one2one,46.9937,62.5922
2540936,ENSCAFG00000016091,,ENSG00000173267,,ortholog_one2one,44.6541,55.9055
2541231,ENSCAFG00000047610,,ENSG00000148671,,ortholog_one2one,81.5789,81.5789
2541300,ENSCAFG00000016093,,ENSG00000189090,,ortholog_one2many,68.5393,68.5393
2541301,ENSCAFG00000016093,,ENSG00000188100,,ortholog_one2many,68.5393,68.5393
2541302,ENSCAFG00000016093,,ENSG00000276430,,ortholog_one2many,68.5393,68.5393
2541413,ENSCAFG00000016095,,ENSG00000148672,,ortholog_many2many,50.8457,86.2007
2541414,ENSCAFG00000016095,,ENSG00000182890,,ortholog_many2many,49.0486,83.1541
2541764,ENSCAFG00000016097,,ENSG00000122376,,ortholog_one2one,68.7842,69.469
2542019,ENSCAFG00000016100,,ENSG00000277758,,ortholog_one2many,45.3552,52.5316
2542020,ENSCAFG00000016100,,ENSG00000204176,,ortholog_one2many,45.3552,52.5316
2542251,ENSCAFG00000016101,,ENSG00000204175,,ortholog_one2one,59.6,65.0655
2542459,ENSCAFG00000016102,,ENSG00000264717,,ortholog_one2many,85.6,85.6
2542460,ENSCAFG00000016102,,ENSG00000204174,,ortholog_one2many,85.6,85.6
2542656,ENSCAFG00000016149,,ENSG00000265190,,ortholog_one2many,47.0377,71.7808
2542657,ENSCAFG00000016149,,ENSG00000264230,,ortholog_one2many,46.8582,71.5069
2543061,ENSCAFG00000023889,,ENSG00000274209,,ortholog_one2one,41.8605,37.084
2543310,ENSCAFG00000016189,,ENSG00000265763,,ortholog_one2one,53.8653,63.5294
2543517,ENSCAFG00000023697,,ENSG00000265203,,ortholog_one2one,84.846,83.9615
2543801,ENSCAFG00000016193,,ENSG00000263761,,ortholog_one2one,75.9524,74.359
2544060,ENSCAFG00000016196,,ENSG00000266524,,ortholog_one2one,57.0058,62.1339
2555415,ENSCAFG00000016776,,ENSG00000228075,,ortholog_one2many,72.4324,77.907
2565574,ENSCAFG00000042914,,ENSG00000112695,,ortholog_one2many,77.3585,35.6522
2567693,ENSCAFG00000017264,,ENSG00000250254,,ortholog_one2many,68.599,74.3456
2581668,ENSCAFG00000023257,,ENSG00000276017,,ortholog_many2many,17.1202,35.1981
2581669,ENSCAFG00000023257,,ENSG00000278633,,ortholog_many2many,16.78,34.4988
2601710,ENSCAFG00000018652,,ENSG00000221983,,ortholog_one2many,85.9375,79.7101
2612839,ENSCAFG00000048917,,ENSG00000184831,,ortholog_one2many,86.3636,67.1717
2613695,ENSCAFG00000019017,,ENSG00000105220,,ortholog_one2many,83.0292,76.2144
2615958,ENSCAFG00000019108,,ENSG00000035141,,ortholog_one2many,64.6154,51.4286
2622091,ENSCAFG00000010143,,ENSG00000101439,,ortholog_one2many,35.1852,39.0411
2657782,ENSCAFG00000044677,,ENSG00000249222,,ortholog_many2many,82.5243,85.0
2673598,ENSCAFG00000032101,,ENSG00000198918,,ortholog_one2many,100.0,100.0
2681165,ENSCAFG00000014869,,ENSG00000134308,,ortholog_one2many,53.0387,78.3673
2701094,ENSCAFG00000016129,,ENSG00000253626,,ortholog_one2many,82.0652,98.0519
2704353,ENSCAFG00000024667,,ENSG00000236396,,ortholog_one2many,87.2781,87.2781
2737632,ENSCAFG00000044995,,ENSG00000276017,,ortholog_many2many,14.3443,32.634
2737633,ENSCAFG00000044995,,ENSG00000278633,,ortholog_many2many,13.9344,31.7016
2745663,ENSCAFG00000049311,,ENSG00000184831,,ortholog_one2many,87.8205,69.1919
2822558,ENSCAFG00000041886,,ENSG00000125835,,ortholog_one2many,85.4839,22.0833
2829742,ENSCAFG00000020325,,ENSG00000204220,,ortholog_one2many,96.8992,96.8992
2840137,ENSCAFG00000008828,,ENSG00000135930,,ortholog_one2many,82.4121,66.9388
2843661,ENSCAFG00000046290,,ENSG00000112237,,ortholog_one2many,97.619,43.4629
2845036,ENSCAFG00000042941,,ENSG00000198918,,ortholog_one2many,70.5882,94.1176
2847595,ENSCAFG00000016564,,ENSG00000101367,,ortholog_one2many,95.1493,95.1493
2853630,ENSCAFG00000041194,,ENSG00000198918,,ortholog_one2many,98.0392,98.0392
2875728,ENSCAFG00000014953,,ENSG00000171501,,ortholog_one2one,60.596,57.9114
2899999,ENSCAFG00000046823,,ENSG00000198918,,ortholog_one2many,90.566,94.1176
2938280,ENSCAFG00000044126,,ENSG00000115541,,ortholog_one2one,89.2157,89.2157
2974149,ENSCAFG00000019597,,ENSG00000163060,,ortholog_one2one,48.2759,70.8046
2986113,ENSCAFG00000023298,,ENSG00000124334,,ortholog_one2one,60.9901,59.1171
2989810,ENSCAFG00000046545,,ENSG00000136146,,ortholog_one2many,96.4286,80.0
3022854,ENSCAFG00000020265,,ENSG00000079462,,ortholog_one2many,85.1064,34.632
3025872,ENSCAFG00000011780,,ENSG00000087302,,ortholog_one2many,88.7701,68.0328
3029593,ENSCAFG00000029055,,ENSG00000134825,,ortholog_one2many,98.7342,98.7342
3033405,ENSCAFG00000045297,,ENSG00000109475,,ortholog_one2many,95.6897,94.8718
3035663,ENSCAFG00000042351,,ENSG00000130023,,ortholog_one2one,59.3583,16.3717
3053458,ENSCAFG00000046429,,ENSG00000125870,,ortholog_one2many,95.4545,37.3333
3068320,ENSCAFG00000041172,,ENSG00000132963,,ortholog_one2many,75.9259,58.156
3071362,ENSCAFG00000047501,,ENSG00000184900,,ortholog_one2one,56.6038,20.4082
3084978,ENSCAFG00000047481,,ENSG00000125877,,ortholog_one2many,46.114,45.8763
3089779,ENSCAFG00000047218,,ENSG00000184831,,ortholog_one2many,87.5,74.2424
3094503,ENSCAFG00000031775,,ENSG00000124562,,ortholog_one2many,91.6084,72.7778
3094740,ENSCAFG00000029217,,ENSG00000112079,,ortholog_one2many,97.2826,38.4946
3095859,ENSCAFG00000043961,,ENSG00000183648,,ortholog_one2many,77.193,41.9048
3116951,ENSCAFG00000016113,,ENSG00000100129,,ortholog_one2many,99.5604,74.6293
3150519,ENSCAFG00000017567,,ENSG00000175387,,ortholog_one2one,100.0,100.0
3150714,ENSCAFG00000029670,,ENSG00000215474,,ortholog_one2one,87.2587,44.532
3150935,ENSCAFG00000041930,,ENSG00000267228,,ortholog_one2many,42.7808,97.561
3150936,ENSCAFG00000041930,,ENSG00000134049,,ortholog_one2many,42.7808,97.561
3151233,ENSCAFG00000017573,,ENSG00000167220,,ortholog_one2one,93.1559,94.5946
3151488,ENSCAFG00000017583,,ENSG00000167216,,ortholog_one2one,84.7788,89.0335
3151751,ENSCAFG00000017599,,ENSG00000078043,,ortholog_one2one,98.8562,97.4235
3152031,ENSCAFG00000017615,,ENSG00000101638,,ortholog_one2one,74.6,90.534
3152281,ENSCAFG00000017629,,ENSG00000167210,,ortholog_one2one,94.42,94.5447
3152612,ENSCAFG00000017635,,ENSG00000141622,,ortholog_one2one,98.8439,98.8439
3152934,ENSCAFG00000017637,,ENSG00000152242,,ortholog_one2one,80.5726,97.5247
3153209,ENSCAFG00000017640,,ENSG00000152240,,ortholog_one2one,72.2714,88.1295
3153461,ENSCAFG00000017648,,ENSG00000152234,,ortholog_one2many,89.2562,97.6492
3153779,ENSCAFG00000017656,,ENSG00000152229,,ortholog_one2one,85.6269,83.8323
3154037,ENSCAFG00000017660,,ENSG00000152223,,ortholog_one2one,90.676,90.5002
3154287,ENSCAFG00000017663,,ENSG00000197046,,ortholog_one2one,83.5866,83.8415
3154508,ENSCAFG00000017664,,ENSG00000141469,,ortholog_one2one,71.0472,77.7528
3154839,ENSCAFG00000017672,,ENSG00000132874,,ortholog_one2one,87.3391,88.4783
3155308,ENSCAFG00000017676,,ENSG00000152217,,ortholog_one2one,94.412,91.0401
3155785,ENSCAFG00000017681,,ENSG00000132872,,ortholog_one2one,89.9543,92.7059
3156061,ENSCAFG00000017685,,ENSG00000152214,,ortholog_one2one,94.1441,96.3134
3156388,ENSCAFG00000017725,,ENSG00000078142,,ortholog_one2one,97.3333,98.6487
3157367,ENSCAFG00000036179,,ENSG00000101489,,ortholog_one2one,53.0081,67.0782
3157657,ENSCAFG00000017761,,ENSG00000150477,,ortholog_one2one,72.5738,57.2379
3158400,ENSCAFG00000017786,,ENSG00000134775,,ortholog_one2one,91.732,79.3465
3158695,ENSCAFG00000017801,,ENSG00000075643,,ortholog_one2one,80.2048,79.3919
3158949,ENSCAFG00000017840,,ENSG00000134759,,ortholog_one2one,64.2987,79.2368
3159198,ENSCAFG00000017854,,ENSG00000141424,,ortholog_one2one,93.0612,90.596
3159452,ENSCAFG00000017862,,ENSG00000141425,,ortholog_one2one,100.0,100.0
3159702,ENSCAFG00000029548,,ENSG00000141428,,ortholog_one2many,59.7973,80.4545
3159940,ENSCAFG00000017879,,ENSG00000141429,,ortholog_one2one,99.4633,99.4633
3160231,ENSCAFG00000017884,,ENSG00000153391,,ortholog_one2one,95.3125,80.2632
3160481,ENSCAFG00000017895,,ENSG00000186496,,ortholog_one2one,71.885,67.1642
3160566,ENSCAFG00000023988,,ENSG00000172466,,ortholog_one2one,97.5543,97.5543
3160942,ENSCAFG00000023897,,ENSG00000186814,,ortholog_one2one,79.8371,79.3522
3161058,ENSCAFG00000017918,,ENSG00000186812,,ortholog_one2one,89.5833,88.5768
3161183,ENSCAFG00000017942,,ENSG00000166974,,ortholog_one2one,59.6226,96.6361
3161448,ENSCAFG00000017951,,ENSG00000134769,,ortholog_one2one,88.7793,96.9044
3161748,ENSCAFG00000017974,,ENSG00000101746,,ortholog_one2one,97.0219,97.0219
3161934,ENSCAFG00000017980,,ENSG00000141431,,ortholog_one2one,89.3291,88.2562
3162141,ENSCAFG00000017987,,ENSG00000166960,,ortholog_one2one,58.8367,59.0348
3162227,ENSCAFG00000018002,,ENSG00000197705,,ortholog_one2one,99.2051,99.3631
3162503,ENSCAFG00000018008,,ENSG00000141441,,ortholog_one2one,93.7725,89.3836
3162756,ENSCAFG00000018014,,ENSG00000141434,,ortholog_one2one,85.064,85.3067
3163108,ENSCAFG00000018017,,ENSG00000134758,,ortholog_one2one,55.2311,92.6531
3163316,ENSCAFG00000031870,,ENSG00000101695,,ortholog_one2one,90.9483,90.9483
3163465,ENSCAFG00000018024,,ENSG00000153339,,ortholog_one2one,96.0417,96.3763
3163721,ENSCAFG00000018037,,ENSG00000118276,,ortholog_one2one,80.2998,98.1675
3163971,ENSCAFG00000018046,,ENSG00000118271,,ortholog_one2one,60.3659,67.3469
3164214,ENSCAFG00000018051,,ENSG00000134757,,ortholog_one2one,58.3922,66.1662
3164317,ENSCAFG00000018064,,ENSG00000175065,,ortholog_one2one,63.932,81.6808
3164420,ENSCAFG00000018070,,ENSG00000134755,,ortholog_one2one,81.8182,81.909
3164835,ENSCAFG00000018099,,ENSG00000204592,,ortholog_one2many,56.2842,28.771
3164836,ENSCAFG00000018099,,ENSG00000204642,,ortholog_one2many,51.9126,21.4932
3164837,ENSCAFG00000018099,,ENSG00000206503,,ortholog_one2many,57.9235,28.5714
3164838,ENSCAFG00000018099,,ENSG00000204632,,ortholog_one2many,45.3552,24.1982
3164839,ENSCAFG00000018099,,ENSG00000204525,,ortholog_one2many,54.0984,26.6129
3164840,ENSCAFG00000018099,,ENSG00000234745,,ortholog_one2many,55.1913,27.8237
3165113,ENSCAFG00000042088,,ENSG00000138363,,ortholog_one2many,81.9802,69.9324
3166112,ENSCAFG00000018115,,ENSG00000170558,,ortholog_one2one,96.732,98.0132
3166463,ENSCAFG00000018122,,ENSG00000154080,,ortholog_one2one,87.7828,87.5846
3166641,ENSCAFG00000018125,,ENSG00000171885,,ortholog_one2one,79.8851,78.9773
3166934,ENSCAFG00000030205,,ENSG00000134504,,ortholog_one2one,98.2778,98.9595
3167207,ENSCAFG00000018132,,ENSG00000141384,,ortholog_one2one,88.0046,88.0046
3167437,ENSCAFG00000018134,,ENSG00000154611,,ortholog_one2one,96.4,94.1406
3167649,ENSCAFG00000018147,,ENSG00000141380,,ortholog_one2one,98.5646,98.5646
3167905,ENSCAFG00000018158,,ENSG00000198795,,ortholog_one2one,99.0847,99.0847
3168165,ENSCAFG00000018162,,ENSG00000134489,,ortholog_one2one,71.1392,72.0513
3168301,ENSCAFG00000028892,,ENSG00000154059,,ortholog_one2one,68.171,86.4458
3168546,ENSCAFG00000014108,,ENSG00000141447,,ortholog_one2one,93.6831,92.1053
3168910,ENSCAFG00000014114,,ENSG00000154040,,ortholog_one2one,38.3041,53.144
3169055,ENSCAFG00000018168,,ENSG00000168234,,ortholog_one2one,98.1025,88.6792
3169378,ENSCAFG00000018173,,ENSG00000053747,,ortholog_one2one,81.2221,81.7582
3169728,ENSCAFG00000018180,,ENSG00000154065,,ortholog_one2one,97.2789,95.0166
3169971,ENSCAFG00000018183,,ENSG00000141458,,ortholog_one2one,86.2043,88.4977
3170240,ENSCAFG00000018191,,ENSG00000141452,,ortholog_one2one,90.9584,76.5601
3170494,ENSCAFG00000018201,,ENSG00000101782,,ortholog_one2one,96.1464,96.1464
3170749,ENSCAFG00000018205,,ENSG00000134490,,ortholog_one2one,67.4352,79.0541
3170993,ENSCAFG00000018207,,ENSG00000134508,,ortholog_one2one,67.8996,81.2006
3171251,ENSCAFG00000018216,,ENSG00000101773,,ortholog_one2one,81.0781,81.7073
3171462,ENSCAFG00000018239,,ENSG00000101752,,ortholog_one2one,98.935,92.3459
3171717,ENSCAFG00000018243,,ENSG00000158201,,ortholog_one2one,94.802,93.643
3171974,ENSCAFG00000018247,,ENSG00000167088,,ortholog_one2one,100.0,100.0
3172254,ENSCAFG00000018249,,ENSG00000141446,,ortholog_one2one,86.3208,87.1429
3172519,ENSCAFG00000018254,,ENSG00000141449,,ortholog_one2one,94.7971,94.7478
3172770,ENSCAFG00000018263,,ENSG00000102007,,ortholog_one2many,53.4091,61.8421
3173350,ENSCAFG00000018282,,ENSG00000067900,,ortholog_one2one,95.6553,97.5628
3173622,ENSCAFG00000018309,,ENSG00000101557,,ortholog_one2one,89.9083,99.1903
3173920,ENSCAFG00000018324,,ENSG00000079134,,ortholog_one2one,98.4779,98.4779
3174185,ENSCAFG00000018331,,ENSG00000158270,,ortholog_one2one,96.5101,96.9003
3174486,ENSCAFG00000018336,,ENSG00000177143,,ortholog_one2one,93.0233,93.0233
3174787,ENSCAFG00000018338,,ENSG00000079101,,ortholog_one2one,70.6122,66.7954
3175064,ENSCAFG00000018341,,ENSG00000176890,,ortholog_one2one,90.4459,90.7348
3175345,ENSCAFG00000018351,,ENSG00000132199,,ortholog_one2one,86.2302,80.0839
3175532,ENSCAFG00000018362,,ENSG00000176105,,ortholog_one2one,97.8022,97.4453
3175867,ENSCAFG00000047172,,ENSG00000141433,,ortholog_one2one,32.8221,60.7955
3176178,ENSCAFG00000018373,,ENSG00000139797,,ortholog_many2many,59.1837,63.0435
3176179,ENSCAFG00000018373,,ENSG00000125352,,ortholog_many2many,75.8018,75.8018
3176502,ENSCAFG00000018387,,ENSG00000101574,,ortholog_one2one,82.5902,82.4153
3176757,ENSCAFG00000042737,,ENSG00000196230,,ortholog_one2many,90.1478,82.4324
3177088,ENSCAFG00000018395,,ENSG00000080986,,ortholog_one2one,92.5234,92.5234
3177342,ENSCAFG00000018420,,ENSG00000101596,,ortholog_one2one,61.3569,93.3666
3177614,ENSCAFG00000018442,,ENSG00000101577,,ortholog_one2one,88.6291,93.0804
3177942,ENSCAFG00000018478,,ENSG00000101605,,ortholog_one2one,86.949,88.9614
3178479,ENSCAFG00000018511,,ENSG00000177426,,ortholog_one2many,92.6471,88.1119
3178754,ENSCAFG00000018531,,ENSG00000170579,,ortholog_one2one,84.1228,98.1576
3179095,ENSCAFG00000031954,,ENSG00000231824,,ortholog_one2one,36.076,75.0
3179255,ENSCAFG00000018554,,ENSG00000198081,,ortholog_one2one,99.7773,99.7773
3179522,ENSCAFG00000018575,,ENSG00000082397,,ortholog_one2one,70.2145,78.2889
3179855,ENSCAFG00000018588,,ENSG00000154655,,ortholog_one2one,84.6847,90.5297
3180279,ENSCAFG00000018591,,ENSG00000088756,,ortholog_one2one,83.6761,89.3004
3180536,ENSCAFG00000029176,,ENSG00000050393,,ortholog_one2many,67.0886,44.2897
3180787,ENSCAFG00000018597,,ENSG00000101680,,ortholog_one2one,80.8174,79.7398
3181288,ENSCAFG00000024388,,ENSG00000206422,,ortholog_one2one,83.0565,83.0565
3181511,ENSCAFG00000018639,,ENSG00000173482,,ortholog_one2one,93.5696,97.3379
3182151,ENSCAFG00000018680,,ENSG00000206418,,ortholog_one2one,98.4615,18.8235
3182448,ENSCAFG00000018683,,ENSG00000168502,,ortholog_one2one,78.0095,68.7139
3183438,ENSCAFG00000018686,,ENSG00000178127,,ortholog_one2one,90.7631,89.6825
3183727,ENSCAFG00000018691,,ENSG00000101745,,ortholog_one2one,90.3015,87.1484
3184098,ENSCAFG00000018697,,ENSG00000128791,,ortholog_one2one,82.5911,91.4798
3184387,ENSCAFG00000018707,,ENSG00000017797,,ortholog_one2one,92.0777,94.0458
3184664,ENSCAFG00000018718,,ENSG00000154845,,ortholog_one2many,93.2331,91.3684
3184882,ENSCAFG00000018727,,ENSG00000168461,,ortholog_one2one,64.7321,74.359
3185177,ENSCAFG00000018730,,ENSG00000168454,,ortholog_one2one,47.1983,39.6022
3185273,ENSCAFG00000018733,,ENSG00000101558,,ortholog_one2one,95.5782,95.5782
3185606,ENSCAFG00000018737,,ENSG00000154856,,ortholog_one2one,89.5146,89.6887
3185777,ENSCAFG00000018741,,ENSG00000134265,,ortholog_one2one,96.1415,95.8333
3186061,ENSCAFG00000018761,,ENSG00000154864,,ortholog_one2one,93.5318,88.8307
3186443,ENSCAFG00000018787,,ENSG00000141404,,ortholog_one2one,75.974,76.6376
3186720,ENSCAFG00000018801,,ENSG00000154889,,ortholog_one2one,79.0281,78.0303
3186973,ENSCAFG00000018807,,ENSG00000141401,,ortholog_one2one,81.7568,84.0278
3187178,ENSCAFG00000018828,,ENSG00000176194,,ortholog_one2one,77.6256,77.6256
3187396,ENSCAFG00000018832,,ENSG00000176014,,ortholog_one2one,51.0253,94.843
3187596,ENSCAFG00000018817,,ENSG00000141385,,ortholog_one2one,93.9206,94.9812
3187837,ENSCAFG00000018843,,ENSG00000141391,,ortholog_one2one,83.8509,74.5856
3188091,ENSCAFG00000018846,,ENSG00000101624,,ortholog_one2one,48.1703,97.8756
3188352,ENSCAFG00000018855,,ENSG00000128789,,ortholog_one2one,89.3939,89.3939
3188615,ENSCAFG00000018862,,ENSG00000175354,,ortholog_one2one,87.9902,86.506
3189239,ENSCAFG00000018880,,ENSG00000101639,,ortholog_one2one,75.2094,70.7923
3189536,ENSCAFG00000018892,,ENSG00000154832,,ortholog_one2one,98.0422,98.6364
3189751,ENSCAFG00000018928,,ENSG00000141644,,ortholog_one2one,74.111,79.542
3189954,ENSCAFG00000018982,,ENSG00000266997,,ortholog_one2many,8.75601,95.9064
3189955,ENSCAFG00000018982,,ENSG00000167306,,ortholog_one2many,88.5745,89.7727
3190266,ENSCAFG00000019036,,ENSG00000101670,,ortholog_one2one,77.6952,83.6
3190592,ENSCAFG00000028743,,ENSG00000177576,,ortholog_one2one,80.2632,80.2632
3190837,ENSCAFG00000019062,,ENSG00000141627,,ortholog_one2one,97.9282,97.9282
3191092,ENSCAFG00000019076,,ENSG00000134030,,ortholog_one2one,93.3442,95.8333
3191347,ENSCAFG00000019069,,ENSG00000101665,,ortholog_one2one,95.5916,96.7136
3191852,ENSCAFG00000019080,,ENSG00000184828,,ortholog_one2one,95.2537,94.0226
3192126,ENSCAFG00000013294,,ENSG00000154839,,ortholog_one2one,85.098,85.098
3192234,ENSCAFG00000013287,,ENSG00000141639,,ortholog_one2one,91.0924,92.3339
3192655,ENSCAFG00000010945,,ENSG00000167393,,ortholog_one2one,65.8993,79.6522
3192911,ENSCAFG00000010931,,ENSG00000178605,,ortholog_one2one,53.3426,74.2248
3193135,ENSCAFG00000048591,,ENSG00000182378,,ortholog_one2one,31.8083,45.2012
3193407,ENSCAFG00000010966,,ENSG00000185960,,ortholog_one2one,95.8763,95.5479
3193635,ENSCAFG00000011034,,ENSG00000205755,,ortholog_one2one,60.0536,60.3774
3193758,ENSCAFG00000011041,,ENSG00000198223,,ortholog_one2one,36.2847,48.1567
3194092,ENSCAFG00000011047,,ENSG00000185291,,ortholog_one2one,34.9693,45.2381
3194228,ENSCAFG00000024670,,ENSG00000196433,,ortholog_one2one,70.8455,65.1475
3194473,ENSCAFG00000030459,,ENSG00000197976,,ortholog_one2many,88.6981,89.2086
3194688,ENSCAFG00000029462,,ENSG00000182162,,ortholog_one2many,67.8744,78.273
3194905,ENSCAFG00000015291,,ENSG00000169093,,ortholog_one2one,61.9583,62.1578
3195114,ENSCAFG00000011067,,ENSG00000169084,,ortholog_one2one,69.9346,64.8485
3195308,ENSCAFG00000011075,,ENSG00000214717,,ortholog_one2one,88.6657,89.049
3195449,ENSCAFG00000011091,,ENSG00000124343,,ortholog_one2one,66.1616,67.1795
3195492,ENSCAFG00000011113,,ENSG00000056998,,ortholog_one2one,53.1056,68.2635
3195707,ENSCAFG00000024515,,ENSG00000205667,,ortholog_one2one,76.7334,88.6121
3195953,ENSCAFG00000011163,,ENSG00000062096,,ortholog_one2one,74.8288,74.0678
3196279,ENSCAFG00000011180,,ENSG00000101825,,ortholog_one2one,74.9735,75.1061
3196560,ENSCAFG00000011187,,ENSG00000099725,,ortholog_one2many,59.6491,73.6462
3196561,ENSCAFG00000011187,,ENSG00000183943,,ortholog_one2many,82.1637,78.4916
3196991,ENSCAFG00000011251,,ENSG00000165246,,ortholog_one2many,96.2919,92.2108
3196992,ENSCAFG00000011251,,ENSG00000146938,,ortholog_one2many,98.6842,98.6842
3197306,ENSCAFG00000011278,,ENSG00000130021,,ortholog_one2one,84.8485,78.0876
3197555,ENSCAFG00000011287,,ENSG00000101846,,ortholog_one2one,65.3295,78.2161
3197802,ENSCAFG00000028605,,ENSG00000006757,,ortholog_one2one,63.4146,92.4901
3197969,ENSCAFG00000011318,,ENSG00000011201,,ortholog_one2one,77.886,82.3529
3198256,ENSCAFG00000011362,,ENSG00000092377,,ortholog_one2many,81.4189,92.3372
3198257,ENSCAFG00000011362,,ENSG00000101849,,ortholog_one2many,82.6013,84.7487
3198506,ENSCAFG00000044896,,ENSG00000101850,,ortholog_one2one,72.561,58.9109
3198744,ENSCAFG00000011388,,ENSG00000146950,,ortholog_one2one,70.8561,72.2153
3199073,ENSCAFG00000011393,,ENSG00000234469,,ortholog_one2one,42.7451,50.9346
3199439,ENSCAFG00000011461,,ENSG00000047644,,ortholog_one2one,85.8326,85.4396
3199680,ENSCAFG00000011537,,ENSG00000073464,,ortholog_one2one,99.2105,98.1771
3199935,ENSCAFG00000011570,,ENSG00000101871,,ortholog_one2one,98.8006,91.7827
3200484,ENSCAFG00000011591,,ENSG00000004961,,ortholog_one2one,88.0309,85.0746
3200765,ENSCAFG00000011595,,ENSG00000047648,,ortholog_one2one,87.4189,69.1992
3201001,ENSCAFG00000011602,,ENSG00000125363,,ortholog_one2one,91.1458,85.3659
3201103,ENSCAFG00000011607,,ENSG00000052802,,ortholog_one2many,95.5631,95.5631
3201373,ENSCAFG00000011611,,ENSG00000005302,,ortholog_one2one,86.7675,88.0998
3201643,ENSCAFG00000011627,,ENSG00000169933,,ortholog_one2one,91.8306,68.2022
3202322,ENSCAFG00000011662,,ENSG00000101911,,ortholog_one2many,99.3711,98.4424
3202493,ENSCAFG00000011698,,ENSG00000196664,,ortholog_one2one,80.107,85.6053
3202762,ENSCAFG00000037735,,ENSG00000154620,,ortholog_one2one,16.3265,90.9091
3202883,ENSCAFG00000011726,,ENSG00000198759,,ortholog_one2one,82.8829,83.0325
3203166,ENSCAFG00000011746,,ENSG00000176896,,ortholog_one2one,78.2857,71.916
3203388,ENSCAFG00000011750,,ENSG00000123595,,ortholog_one2one,99.5025,99.5025
3203744,ENSCAFG00000011754,,ENSG00000196459,,ortholog_one2one,78.6096,84.4828
3203815,ENSCAFG00000011764,,ENSG00000046651,,ortholog_one2one,54.7141,69.9605
3204052,ENSCAFG00000049656,,ENSG00000087302,,ortholog_one2many,84.5238,29.0984
3204272,ENSCAFG00000011799,,ENSG00000046653,,ortholog_one2one,97.8659,97.8659
3204531,ENSCAFG00000028737,,ENSG00000046647,,ortholog_one2one,75.3247,71.9008
3204909,ENSCAFG00000011832,,ENSG00000101958,,ortholog_one2one,99.7788,99.7788
3205177,ENSCAFG00000011861,,ENSG00000181544,,ortholog_one2one,72.5882,71.8277
3205401,ENSCAFG00000011879,,ENSG00000130150,,ortholog_one2one,94.4015,94.4015
3205672,ENSCAFG00000011901,,ENSG00000102048,,ortholog_one2one,78.4983,78.2313
3205852,ENSCAFG00000011921,,ENSG00000165192,,ortholog_one2one,35.5014,81.1145
3206032,ENSCAFG00000011945,,ENSG00000165197,,ortholog_one2one,85.0283,85.0283
3206270,ENSCAFG00000011975,,ENSG00000087842,,ortholog_one2one,95.5172,95.5172
3206461,ENSCAFG00000012063,,ENSG00000102010,,ortholog_one2one,78.7324,82.8148
3206670,ENSCAFG00000012112,,ENSG00000130234,,ortholog_one2one,84.0796,83.9752
3206913,ENSCAFG00000028578,,ENSG00000169239,,ortholog_one2many,64.9123,23.3438
3207171,ENSCAFG00000012150,,ENSG00000169239,,ortholog_one2many,92.429,92.429
3207903,ENSCAFG00000012201,,ENSG00000169249,,ortholog_one2one,89.4168,85.8921
3208162,ENSCAFG00000012215,,ENSG00000182287,,ortholog_one2one,98.125,98.125
3208857,ENSCAFG00000012273,,ENSG00000126010,,ortholog_one2one,91.6244,94.0104
3209166,ENSCAFG00000012416,,ENSG00000047230,,ortholog_one2one,92.6108,96.2457
3209343,ENSCAFG00000032533,,ENSG00000169906,,ortholog_one2one,92.4051,92.4051
3209704,ENSCAFG00000012594,,ENSG00000169895,,ortholog_one2one,88.5475,90.0568
3209956,ENSCAFG00000012620,,ENSG00000086712,,ortholog_one2one,91.1877,90.1515
3210220,ENSCAFG00000012688,,ENSG00000102054,,ortholog_one2one,95.5224,95.5224
3210518,ENSCAFG00000012774,,ENSG00000169891,,ortholog_one2one,89.4495,88.6364
3210791,ENSCAFG00000012783,,ENSG00000188158,,ortholog_one2one,91.3391,90.0666
3211234,ENSCAFG00000012793,,ENSG00000177324,,ortholog_many2many,4.04255,4.75594
3211377,ENSCAFG00000012800,,ENSG00000102098,,ortholog_one2one,75.7576,78.5714
3211707,ENSCAFG00000012819,,ENSG00000008086,,ortholog_one2one,89.1109,86.6019
3212240,ENSCAFG00000012835,,ENSG00000102104,,ortholog_one2one,95.5357,95.5357
3212434,ENSCAFG00000012847,,ENSG00000086717,,ortholog_one2one,76.8533,77.7948
3212714,ENSCAFG00000012925,,ENSG00000044446,,ortholog_one2one,84.0449,90.8502
3212970,ENSCAFG00000012983,,ENSG00000173698,,ortholog_one2one,85.0,85.2507
3213278,ENSCAFG00000013030,,ENSG00000131828,,ortholog_one2one,92.5926,87.6168
3213635,ENSCAFG00000013057,,ENSG00000180815,,ortholog_one2one,86.6566,87.0526
3213880,ENSCAFG00000013075,,ENSG00000147010,,ortholog_one2one,90.4225,96.5414
3214141,ENSCAFG00000013092,,ENSG00000173681,,ortholog_one2one,70.6941,77.3558
3214376,ENSCAFG00000013101,,ENSG00000184368,,ortholog_one2one,81.0298,77.3609
3214925,ENSCAFG00000013171,,ENSG00000177189,,ortholog_one2one,99.8605,96.7568
3215217,ENSCAFG00000032071,,ENSG00000173674,,ortholog_one2one,90.9091,97.2222
3215516,ENSCAFG00000013228,,ENSG00000149970,,ortholog_one2one,99.323,99.323
3215836,ENSCAFG00000013260,,ENSG00000185915,,ortholog_one2one,86.7896,87.7329
3216088,ENSCAFG00000013262,,ENSG00000091482,,ortholog_one2one,94.3182,94.3182
3216321,ENSCAFG00000013272,,ENSG00000012174,,ortholog_one2one,95.514,98.4586
3216565,ENSCAFG00000013284,,ENSG00000102172,,ortholog_one2many,89.9736,93.1694
3216846,ENSCAFG00000013325,,ENSG00000102174,,ortholog_one2one,95.1936,95.1936
3217428,ENSCAFG00000013351,,ENSG00000165186,,ortholog_one2one,99.2117,99.2117
3217772,ENSCAFG00000013369,,ENSG00000123131,,ortholog_one2one,81.5217,83.0258
3218031,ENSCAFG00000013388,,ENSG00000123130,,ortholog_one2one,89.2857,89.2857
3218308,ENSCAFG00000029284,,ENSG00000130066,,ortholog_one2one,97.9167,54.9708
3218607,ENSCAFG00000048541,,ENSG00000184831,,ortholog_one2many,90.3553,89.899
3218944,ENSCAFG00000013394,,ENSG00000165182,,ortholog_one2one,53.7433,53.8874
3219030,ENSCAFG00000013398,,ENSG00000174010,,ortholog_one2one,99.0066,99.0066
3219345,ENSCAFG00000013425,,ENSG00000130741,,ortholog_one2many,71.4734,96.6102
3219714,ENSCAFG00000013408,,ENSG00000067646,,ortholog_one2many,93.375,93.2584
3219715,ENSCAFG00000013408,,ENSG00000005889,,ortholog_one2many,98.125,93.0095
3219938,ENSCAFG00000025188,,ENSG00000223731,,ortholog_many2many,48.0867,42.5028
3219939,ENSCAFG00000025188,,ENSG00000223611,,ortholog_many2many,45.9184,44.0636
3220199,ENSCAFG00000013437,,ENSG00000223731,,ortholog_many2many,45.1534,41.4882
3220200,ENSCAFG00000013437,,ENSG00000223611,,ortholog_many2many,43.1902,43.0845
3220458,ENSCAFG00000013476,,ENSG00000067992,,ortholog_one2one,99.2771,99.2771
3220741,ENSCAFG00000013493,,ENSG00000102230,,ortholog_one2one,98.374,98.374
3221076,ENSCAFG00000013521,,ENSG00000101868,,ortholog_one2one,91.4792,91.4169
3221318,ENSCAFG00000013545,,ENSG00000004848,,ortholog_one2one,86.4111,88.2562
3222008,ENSCAFG00000013570,,ENSG00000132963,,ortholog_one2many,88.8,78.7234
3222291,ENSCAFG00000013579,,ENSG00000176774,,ortholog_one2one,68.6957,69.0962
3223160,ENSCAFG00000023523,,ENSG00000188408,,ortholog_one2one,43.8235,54.1818
3223621,ENSCAFG00000013598,,ENSG00000224960,,ortholog_one2one,64.9783,53.9663
3223874,ENSCAFG00000013603,,ENSG00000226372,,ortholog_one2many,52.6627,14.8333
3223875,ENSCAFG00000013603,,ENSG00000189186,,ortholog_one2many,59.1716,15.8479
3224290,ENSCAFG00000024378,,ENSG00000213401,,ortholog_many2many,34.2939,37.8981
3224291,ENSCAFG00000024378,,ENSG00000268606,,ortholog_many2many,34.0058,37.5796
3224292,ENSCAFG00000024378,,ENSG00000183305,,ortholog_many2many,34.0058,37.5796
3224293,ENSCAFG00000024378,,ENSG00000185247,,ortholog_many2many,40.9222,33.1002
3224294,ENSCAFG00000024378,,ENSG00000267978,,ortholog_many2many,37.1758,40.9524
3224295,ENSCAFG00000024378,,ENSG00000123584,,ortholog_many2many,37.1758,40.9524
3224296,ENSCAFG00000024378,,ENSG00000182798,,ortholog_many2many,48.9914,50.5952
3224297,ENSCAFG00000024378,,ENSG00000046774,,ortholog_many2many,36.3112,33.7802
3224298,ENSCAFG00000024378,,ENSG00000155495,,ortholog_many2many,37.1758,11.296
3224299,ENSCAFG00000024378,,ENSG00000214107,,ortholog_many2many,54.1787,54.1787
3224300,ENSCAFG00000024378,,ENSG00000156009,,ortholog_many2many,39.7695,43.3962
3224301,ENSCAFG00000024378,,ENSG00000120289,,ortholog_many2many,54.1787,54.3353
3224302,ENSCAFG00000024378,,ENSG00000197172,,ortholog_many2many,35.7349,39.4904
3224303,ENSCAFG00000024378,,ENSG00000221867,,ortholog_many2many,35.1585,38.8535
3224304,ENSCAFG00000024378,,ENSG00000147381,,ortholog_many2many,39.1931,42.9022
3224305,ENSCAFG00000024378,,ENSG00000165509,,ortholog_many2many,26.513,14.3079
3224549,ENSCAFG00000031907,,ENSG00000119335,,ortholog_many2many,84.2282,86.5517
3224813,ENSCAFG00000013632,,ENSG00000169306,,ortholog_one2one,99.569,99.569
3225000,ENSCAFG00000013644,,ENSG00000223731,,ortholog_many2many,55.2987,32.3563
3225001,ENSCAFG00000013644,,ENSG00000223611,,ortholog_many2many,53.5645,34.0269
3225261,ENSCAFG00000047478,,ENSG00000099399,,ortholog_one2many,58.7209,63.3229
3225512,ENSCAFG00000049923,,ENSG00000198798,,ortholog_one2one,74.4186,27.7457
3225687,ENSCAFG00000042590,,ENSG00000099399,,ortholog_one2many,53.6657,57.3668
3225950,ENSCAFG00000013658,,ENSG00000169297,,ortholog_one2one,71.8686,74.4681
3226229,ENSCAFG00000013713,,ENSG00000198814,,ortholog_one2many,90.4762,91.771
3226230,ENSCAFG00000013713,,ENSG00000229894,,ortholog_one2many,88.7125,90.9584
3226803,ENSCAFG00000013747,,ENSG00000157625,,ortholog_one2one,97.2106,97.8933
3227072,ENSCAFG00000043275,,ENSG00000099977,,ortholog_many2many,39.3443,28.9157
3227073,ENSCAFG00000043275,,ENSG00000099974,,ortholog_many2many,35.2459,32.0896
3227074,ENSCAFG00000043275,,ENSG00000285762,,ortholog_many2many,40.9836,37.8788
3227241,ENSCAFG00000023562,,ENSG00000198947,,ortholog_one2one,95.1087,94.9796
3228155,ENSCAFG00000047524,,ENSG00000109390,,ortholog_one2many,56.25,59.2105
3228242,ENSCAFG00000013780,,ENSG00000119655,,ortholog_one2many,79.8658,53.8462
3228690,ENSCAFG00000013807,,ENSG00000147027,,ortholog_one2one,100.0,100.0
3229047,ENSCAFG00000013842,,ENSG00000213401,,ortholog_many2many,30.4233,36.6242
3229048,ENSCAFG00000013842,,ENSG00000268606,,ortholog_many2many,30.9524,37.2611
3229049,ENSCAFG00000013842,,ENSG00000183305,,ortholog_many2many,30.9524,37.2611
3229050,ENSCAFG00000013842,,ENSG00000185247,,ortholog_many2many,37.3016,32.8671
3229051,ENSCAFG00000013842,,ENSG00000267978,,ortholog_many2many,35.4497,42.5397
3229052,ENSCAFG00000013842,,ENSG00000123584,,ortholog_many2many,35.4497,42.5397
3229053,ENSCAFG00000013842,,ENSG00000182798,,ortholog_many2many,36.5079,41.0714
3229054,ENSCAFG00000013842,,ENSG00000046774,,ortholog_many2many,34.3915,34.8525
3229055,ENSCAFG00000013842,,ENSG00000155495,,ortholog_many2many,34.6561,11.4711
3229056,ENSCAFG00000013842,,ENSG00000214107,,ortholog_many2many,38.8889,42.3631
3229057,ENSCAFG00000013842,,ENSG00000156009,,ortholog_many2many,35.1852,41.8239
3229058,ENSCAFG00000013842,,ENSG00000120289,,ortholog_many2many,40.2116,43.9306
3229059,ENSCAFG00000013842,,ENSG00000197172,,ortholog_many2many,29.6296,35.6688
3229060,ENSCAFG00000013842,,ENSG00000221867,,ortholog_many2many,29.3651,35.3503
3229061,ENSCAFG00000013842,,ENSG00000147381,,ortholog_many2many,34.9206,41.6404
3229062,ENSCAFG00000013842,,ENSG00000165509,,ortholog_many2many,24.0741,14.1524
3229589,ENSCAFG00000047620,,ENSG00000135930,,ortholog_one2many,85.8696,64.4898
3229977,ENSCAFG00000008121,,ENSG00000136943,,ortholog_one2many,76.1905,57.485
3230783,ENSCAFG00000044122,,ENSG00000169564,,ortholog_one2many,96.0843,89.6067
3230906,ENSCAFG00000043054,,ENSG00000229674,,ortholog_one2many,40.7692,35.8108
3231218,ENSCAFG00000013865,,ENSG00000130962,,ortholog_one2one,68.0921,94.9541
3231642,ENSCAFG00000046020,,ENSG00000125356,,ortholog_one2many,60.8108,64.2857
3232240,ENSCAFG00000013885,,ENSG00000147036,,ortholog_one2one,98.0952,98.0952
3232449,ENSCAFG00000028577,,ENSG00000047597,,ortholog_one2one,87.3874,87.3874
3232545,ENSCAFG00000013933,,ENSG00000165168,,ortholog_one2one,92.807,92.807
3232817,ENSCAFG00000013955,,ENSG00000165169,,ortholog_one2one,71.7241,68.4211
3233131,ENSCAFG00000013969,,ENSG00000147041,,ortholog_one2one,88.4921,88.9628
3233402,ENSCAFG00000014003,,ENSG00000156313,,ortholog_one2one,51.6451,44.9653
3233695,ENSCAFG00000041985,,ENSG00000229674,,ortholog_one2many,41.7323,35.8108
3233838,ENSCAFG00000014023,,ENSG00000036473,,ortholog_one2one,96.8927,96.8927
3234141,ENSCAFG00000014051,,ENSG00000156298,,ortholog_one2many,99.5984,93.2331
3234142,ENSCAFG00000014051,,ENSG00000250349,,ortholog_one2many,90.3614,80.6452
3234475,ENSCAFG00000014056,,ENSG00000165175,,ortholog_one2one,93.4426,93.4426
3234727,ENSCAFG00000014099,,ENSG00000183337,,ortholog_one2one,92.6746,92.9915
3235155,ENSCAFG00000014116,,ENSG00000182220,,ortholog_one2one,88.1868,91.7143
3236017,ENSCAFG00000014129,,ENSG00000185753,,ortholog_one2one,87.5,87.7743
3236207,ENSCAFG00000014141,,ENSG00000180182,,ortholog_one2one,98.6245,98.6245
3236476,ENSCAFG00000025044,,ENSG00000124486,,ortholog_one2one,99.0712,24.9027
3236923,ENSCAFG00000014251,,ENSG00000215301,,ortholog_one2one,96.5309,87.3124
3237609,ENSCAFG00000014254,,ENSG00000188937,,ortholog_one2one,86.7089,85.447
3237852,ENSCAFG00000014358,,ENSG00000147044,,ortholog_one2one,98.7041,95.7068
3238189,ENSCAFG00000014406,,ENSG00000171657,,ortholog_one2one,88.9881,88.9881
3238641,ENSCAFG00000014417,,ENSG00000102055,,ortholog_one2one,47.1154,48.5149
3238710,ENSCAFG00000014435,,ENSG00000189221,,ortholog_one2one,46.9712,89.7533
3238909,ENSCAFG00000014451,,ENSG00000069535,,ortholog_one2one,94.8077,94.8077
3239302,ENSCAFG00000014457,,ENSG00000124479,,ortholog_one2one,95.4887,95.4887
3239403,ENSCAFG00000014469,,ENSG00000183690,,ortholog_one2one,61.5385,71.5621
3239789,ENSCAFG00000014506,,ENSG00000069509,,ortholog_one2one,97.4194,97.4194
3240097,ENSCAFG00000014525,,ENSG00000189037,,ortholog_one2one,71.4286,71.0526
3240205,ENSCAFG00000014589,,ENSG00000147050,,ortholog_one2many,99.0365,99.0365
3240206,ENSCAFG00000014589,,ENSG00000183878,,ortholog_one2many,86.0977,86.6343
3240493,ENSCAFG00000031215,,ENSG00000147113,,ortholog_one2one,82.448,82.448
3240709,ENSCAFG00000014732,,ENSG00000147121,,ortholog_many2many,16.3328,61.9883
3240710,ENSCAFG00000014732,,ENSG00000251192,,ortholog_many2many,70.5701,78.8296
3240934,ENSCAFG00000014745,,ENSG00000147121,,ortholog_many2many,67.3913,36.2573
3240935,ENSCAFG00000014745,,ENSG00000251192,,ortholog_many2many,64.1304,10.1549
3241147,ENSCAFG00000014753,,ENSG00000147119,,ortholog_one2one,94.0329,94.0329
3241379,ENSCAFG00000014767,,ENSG00000065923,,ortholog_one2one,96.5612,96.6942
3241647,ENSCAFG00000014790,,ENSG00000082153,,ortholog_one2many,98.0469,55.6541
3241991,ENSCAFG00000014797,,ENSG00000102218,,ortholog_one2one,79.8969,88.5714
3242240,ENSCAFG00000014811,,ENSG00000102221,,ortholog_one2one,88.2353,89.3074
3242654,ENSCAFG00000014821,,ENSG00000130988,,ortholog_one2one,91.3043,91.3043
3242903,ENSCAFG00000050012,,ENSG00000101335,,ortholog_one2many,91.411,86.6279
3243222,ENSCAFG00000014834,,ENSG00000147123,,ortholog_one2one,82.3171,82.8221
3243440,ENSCAFG00000014863,,ENSG00000182872,,ortholog_one2one,96.2514,87.7387
3243634,ENSCAFG00000014944,,ENSG00000130985,,ortholog_one2one,89.8876,90.7372
3243875,ENSCAFG00000015021,,ENSG00000102226,,ortholog_one2one,45.0809,69.4704
3244121,ENSCAFG00000015024,,ENSG00000136943,,ortholog_one2many,81.6817,81.4371
3244930,ENSCAFG00000045969,,ENSG00000147117,,ortholog_one2one,91.2871,91.1067
3245132,ENSCAFG00000015042,,ENSG00000074201,,ortholog_one2many,88.2022,66.2447
3245410,ENSCAFG00000015031,,ENSG00000147124,,ortholog_one2one,84.8329,84.724
3245609,ENSCAFG00000015115,,ENSG00000078061,,ortholog_one2one,96.6942,96.0591
3245826,ENSCAFG00000015146,,ENSG00000008056,,ortholog_one2one,95.6587,90.6383
3245943,ENSCAFG00000015155,,ENSG00000102265,,ortholog_one2one,37.6045,65.2174
3246060,ENSCAFG00000015163,,ENSG00000126759,,ortholog_one2one,74.3534,73.5608
3246199,ENSCAFG00000015178,,ENSG00000126767,,ortholog_one2one,75.9223,91.3551
3246416,ENSCAFG00000015183,,ENSG00000126756,,ortholog_one2one,94.2675,87.574
3246743,ENSCAFG00000015170,,ENSG00000197779,,ortholog_one2one,78.8571,83.5098
3246943,ENSCAFG00000031525,,ENSG00000221994,,ortholog_one2one,75.7037,77.7778
3247175,ENSCAFG00000015307,,ENSG00000126752,,ortholog_one2many,40.3587,47.8723
3247176,ENSCAFG00000015307,,ENSG00000241476,,ortholog_one2many,32.287,32.287
3247177,ENSCAFG00000015307,,ENSG00000187754,,ortholog_one2many,38.1166,45.2128
3247178,ENSCAFG00000015307,,ENSG00000268009,,ortholog_one2many,40.3587,47.8723
3247179,ENSCAFG00000015307,,ENSG00000165583,,ortholog_one2many,35.426,34.4978
3247180,ENSCAFG00000015307,,ENSG00000165584,,ortholog_one2many,30.4933,33.6634
3247181,ENSCAFG00000015307,,ENSG00000268447,,ortholog_one2many,32.287,32.287
3247182,ENSCAFG00000015307,,ENSG00000269791,,ortholog_one2many,40.3587,47.8723
3247349,ENSCAFG00000015326,,ENSG00000017483,,ortholog_one2one,89.3764,81.9915
3247589,ENSCAFG00000015339,,ENSG00000068438,,ortholog_one2one,93.0091,93.0091
3247818,ENSCAFG00000015435,,ENSG00000102312,,ortholog_one2one,87.8968,96.0954
3248103,ENSCAFG00000015483,,ENSG00000068354,,ortholog_one2one,85.4522,94.7674
3248486,ENSCAFG00000015491,,ENSG00000101940,,ortholog_one2one,99.5876,99.5876
3248707,ENSCAFG00000015519,,ENSG00000015285,,ortholog_one2one,76.1733,84.0637
3248912,ENSCAFG00000015545,,ENSG00000101945,,ortholog_one2one,85.1508,86.7612
3249156,ENSCAFG00000015657,,ENSG00000102109,,ortholog_one2one,66.5698,88.0769
3249241,ENSCAFG00000044089,,ENSG00000171433,,ortholog_one2one,88.125,88.125
3249470,ENSCAFG00000015572,,ENSG00000102145,,ortholog_one2one,95.1456,94.9153
3249619,ENSCAFG00000015620,,ENSG00000094631,,ortholog_one2one,73.1872,71.4403
3249822,ENSCAFG00000015652,,ENSG00000187682,,ortholog_one2one,79.3991,79.3991
3249958,ENSCAFG00000015681,,ENSG00000102100,,ortholog_one2one,67.7477,89.3112
3250187,ENSCAFG00000015672,,ENSG00000102103,,ortholog_one2one,61.1732,82.6415
3250393,ENSCAFG00000015683,,ENSG00000102096,,ortholog_one2one,93.5691,93.5691
3250513,ENSCAFG00000015689,,ENSG00000068308,,ortholog_one2one,98.7741,98.7741
3250742,ENSCAFG00000015697,,ENSG00000102057,,ortholog_one2one,93.353,97.6816
3250862,ENSCAFG00000015744,,ENSG00000068400,,ortholog_one2one,94.5303,94.5303
3251062,ENSCAFG00000015765,,ENSG00000068323,,ortholog_one2one,96.8476,96.1739
3251288,ENSCAFG00000015776,,ENSG00000147144,,ortholog_one2one,93.6556,89.0805
3251514,ENSCAFG00000015785,,ENSG00000196998,,ortholog_one2one,87.5931,95.1482
3251738,ENSCAFG00000015794,,ENSG00000068394,,ortholog_one2one,79.7521,81.0924
3251943,ENSCAFG00000031300,,ENSG00000269313,,ortholog_one2one,70.3557,53.2934
3252232,ENSCAFG00000015798,,ENSG00000102007,,ortholog_one2many,82.069,78.2895
3252469,ENSCAFG00000015801,,ENSG00000012211,,ortholog_one2one,87.7419,88.4553
3252711,ENSCAFG00000015805,,ENSG00000102003,,ortholog_one2one,92.0382,92.3323
3253006,ENSCAFG00000015873,,ENSG00000102001,,ortholog_one2one,92.9577,90.1366
3253239,ENSCAFG00000015922,,ENSG00000101997,,ortholog_one2one,75.6291,91.0686
3253446,ENSCAFG00000015934,,ENSG00000049768,,ortholog_one2one,77.4336,76.7544
3253571,ENSCAFG00000015938,,ENSG00000049769,,ortholog_one2one,87.3153,88.7359
3254042,ENSCAFG00000032005,,ENSG00000275113,,ortholog_one2many,35.7143,36.3636
3254043,ENSCAFG00000032005,,ENSG00000215269,,ortholog_one2many,38.3929,36.7521
3254044,ENSCAFG00000032005,,ENSG00000204379,,ortholog_one2many,17.8571,24.6914
3254045,ENSCAFG00000032005,,ENSG00000236362,,ortholog_one2many,38.3929,36.7521
3254046,ENSCAFG00000032005,,ENSG00000171402,,ortholog_one2many,44.6429,45.045
3254047,ENSCAFG00000032005,,ENSG00000224902,,ortholog_one2many,36.6071,35.0427
3254048,ENSCAFG00000032005,,ENSG00000068985,,ortholog_one2many,35.7143,27.3973
3254049,ENSCAFG00000032005,,ENSG00000216649,,ortholog_one2many,37.5,35.8974
3254050,ENSCAFG00000032005,,ENSG00000155622,,ortholog_one2many,41.9643,42.3423
3254051,ENSCAFG00000032005,,ENSG00000205777,,ortholog_one2many,39.2857,37.6068
3254052,ENSCAFG00000032005,,ENSG00000171405,,ortholog_one2many,45.5357,47.2222
3254053,ENSCAFG00000032005,,ENSG00000189064,,ortholog_one2many,39.2857,37.931
3254054,ENSCAFG00000032005,,ENSG00000224659,,ortholog_one2many,38.3929,36.7521
3254055,ENSCAFG00000032005,,ENSG00000274274,,ortholog_one2many,38.3929,36.7521
3254056,ENSCAFG00000032005,,ENSG00000227488,,ortholog_one2many,37.5,35.8974
3254057,ENSCAFG00000032005,,ENSG00000215274,,ortholog_one2many,41.9643,40.5172
3254058,ENSCAFG00000032005,,ENSG00000237671,,ortholog_one2many,37.5,35.8974
3254059,ENSCAFG00000032005,,ENSG00000204382,,ortholog_one2many,17.8571,24.6914
3254541,ENSCAFG00000015971,,ENSG00000171365,,ortholog_one2one,93.7426,97.3039
3254817,ENSCAFG00000015984,,ENSG00000147081,,ortholog_one2one,83.528,83.7237
3254951,ENSCAFG00000015996,,ENSG00000147082,,ortholog_one2one,54.3639,52.6882
3255227,ENSCAFG00000016002,,ENSG00000102317,,ortholog_one2many,77.0833,47.1338
3255399,ENSCAFG00000016018,,ENSG00000274588,,ortholog_one2one,80.7846,79.3863
3255513,ENSCAFG00000016028,,ENSG00000158352,,ortholog_one2one,83.105,85.3316
3255828,ENSCAFG00000016037,,ENSG00000130385,,ortholog_one2one,73.7914,73.9796
3256091,ENSCAFG00000045786,,ENSG00000125977,,ortholog_one2many,95.7143,80.4805
3256572,ENSCAFG00000016047,,ENSG00000196368,,ortholog_one2many,41.0995,95.7317
3256687,ENSCAFG00000016056,,ENSG00000187690,,ortholog_one2one,46.9667,47.7137
3256753,ENSCAFG00000016057,,ENSG00000196368,,ortholog_one2many,41.0995,95.7317
3256866,ENSCAFG00000028692,,ENSG00000189369,,ortholog_one2one,94.2584,94.1083
3257915,ENSCAFG00000016072,,ENSG00000154545,,ortholog_one2many,79.6631,87.4505
3257916,ENSCAFG00000016072,,ENSG00000187243,,ortholog_one2many,79.6631,87.4505
3258129,ENSCAFG00000031355,,ENSG00000204279,,ortholog_one2one,42.9825,43.3628
3258171,ENSCAFG00000016179,,ENSG00000124313,,ortholog_one2one,90.6399,63.7769
3258450,ENSCAFG00000016133,,ENSG00000126012,,ortholog_one2one,97.8191,97.7564
3258641,ENSCAFG00000016080,,ENSG00000184205,,ortholog_one2one,74.6186,77.6335
3258879,ENSCAFG00000016075,,ENSG00000184194,,ortholog_one2many,99.7319,99.7319
3259112,ENSCAFG00000016241,,ENSG00000072501,,ortholog_one2one,99.8378,99.8378
3259354,ENSCAFG00000016274,,ENSG00000158423,,ortholog_one2one,71.8016,72.5594
3259547,ENSCAFG00000016277,,ENSG00000072506,,ortholog_one2one,91.5709,91.5709
3259804,ENSCAFG00000016311,,ENSG00000086758,,ortholog_one2one,97.704,98.2625
3260057,ENSCAFG00000016427,,ENSG00000196632,,ortholog_one2one,55.8413,71.1667
3260659,ENSCAFG00000016455,,ENSG00000130119,,ortholog_one2one,80.8937,90.2062
3260874,ENSCAFG00000016444,,ENSG00000102302,,ortholog_one2one,85.0299,88.6576
3261087,ENSCAFG00000016465,,ENSG00000102316,,ortholog_one2one,90.5009,86.4686
3261306,ENSCAFG00000016476,,ENSG00000158571,,ortholog_one2one,86.2403,94.4798
3261618,ENSCAFG00000014310,,ENSG00000169188,,ortholog_one2one,85.6863,84.3629
3261815,ENSCAFG00000014308,,ENSG00000158578,,ortholog_one2one,91.4498,83.816
3262007,ENSCAFG00000016486,,ENSG00000187601,,ortholog_one2one,93.6073,93.6073
3262204,ENSCAFG00000028624,,ENSG00000189299,,ortholog_one2one,65.7143,66.5595
3262381,ENSCAFG00000016503,,ENSG00000083750,,ortholog_one2one,98.1283,98.1283
3262621,ENSCAFG00000029489,,ENSG00000169020,,ortholog_one2many,64.7887,66.6667
3262888,ENSCAFG00000041482,,ENSG00000243147,,ortholog_one2many,73.8462,73.8462
3263060,ENSCAFG00000016508,,ENSG00000102349,,ortholog_one2one,76.4205,74.9304
3263302,ENSCAFG00000031207,,ENSG00000204271,,ortholog_one2one,61.25,18.9922
3265581,ENSCAFG00000016524,,ENSG00000186767,,ortholog_one2one,99.1968,99.1968
3266036,ENSCAFG00000016540,,ENSG00000131089,,ortholog_one2one,94.382,89.3617
3266277,ENSCAFG00000016550,,ENSG00000198881,,ortholog_one2one,92.163,92.4528
3266639,ENSCAFG00000016559,,ENSG00000126970,,ortholog_one2one,78.8732,100.0
3266907,ENSCAFG00000031307,,ENSG00000102053,,ortholog_one2one,92.7033,92.7033
3267212,ENSCAFG00000016570,,ENSG00000001497,,ortholog_one2one,85.4251,86.2398
3267726,ENSCAFG00000016577,,ENSG00000100097,,ortholog_one2many,80.7407,80.7407
3268804,ENSCAFG00000016607,,ENSG00000147065,,ortholog_one2one,95.9459,98.4402
3269144,ENSCAFG00000016623,,ENSG00000155659,,ortholog_one2one,66.2531,66.9173
3269329,ENSCAFG00000016633,,ENSG00000089472,,ortholog_one2one,88.7276,85.7261
3269943,ENSCAFG00000049380,,ENSG00000107438,,ortholog_one2many,78.733,52.8875
3270468,ENSCAFG00000016649,,ENSG00000165916,,ortholog_one2many,95.4545,95.672
3270827,ENSCAFG00000016656,,ENSG00000169083,,ortholog_one2one,90.6284,89.3478
3271556,ENSCAFG00000016688,,ENSG00000079482,,ortholog_one2one,93.7656,93.7656
3272075,ENSCAFG00000016709,,ENSG00000181704,,ortholog_one2one,71.0963,90.678
3272324,ENSCAFG00000016720,,ENSG00000130052,,ortholog_one2one,82.7679,84.0435
3272830,ENSCAFG00000016734,,ENSG00000090776,,ortholog_one2one,50.3979,54.9133
3273112,ENSCAFG00000016746,,ENSG00000130054,,ortholog_one2one,93.9076,94.7034
3273289,ENSCAFG00000029925,,ENSG00000158813,,ortholog_one2one,91.9689,90.7928
3273992,ENSCAFG00000016752,,ENSG00000147160,,ortholog_one2one,84.3844,84.3844
3274084,ENSCAFG00000016754,,ENSG00000189401,,ortholog_one2one,70.6294,70.1389
3274208,ENSCAFG00000016756,,ENSG00000089289,,ortholog_one2many,68.5096,84.0708
3274502,ENSCAFG00000023208,,ENSG00000204195,,ortholog_one2one,80.0554,88.1098
3274597,ENSCAFG00000016791,,ENSG00000120500,,ortholog_one2one,85.567,85.567
3274921,ENSCAFG00000028800,,ENSG00000120509,,ortholog_one2one,26.6355,81.4286
3275188,ENSCAFG00000016831,,ENSG00000090889,,ortholog_one2one,94.7326,94.8864
3275725,ENSCAFG00000016850,,ENSG00000130055,,ortholog_one2one,71.7073,74.7458
3275986,ENSCAFG00000016874,,ENSG00000082458,,ortholog_one2one,98.0792,96.2309
3276248,ENSCAFG00000016894,,ENSG00000120498,,ortholog_one2one,71.0779,70.8511
3276419,ENSCAFG00000016908,,ENSG00000165349,,ortholog_one2many,63.3526,88.5299
3276701,ENSCAFG00000016925,,ENSG00000184481,,ortholog_one2one,68.1004,75.2475
3276967,ENSCAFG00000049512,,ENSG00000204165,,ortholog_one2one,68.3908,65.0273
3277084,ENSCAFG00000028978,,ENSG00000147168,,ortholog_one2many,83.378,84.2818
3277085,ENSCAFG00000028978,,ENSG00000285171,,ortholog_one2many,70.2413,76.3848
3277215,ENSCAFG00000016972,,ENSG00000184634,,ortholog_one2one,96.3101,94.7175
3277456,ENSCAFG00000017010,,ENSG00000196338,,ortholog_one2one,99.0566,99.0566
3277752,ENSCAFG00000017023,,ENSG00000169562,,ortholog_one2one,98.5866,98.5866
3278078,ENSCAFG00000017043,,ENSG00000147130,,ortholog_one2one,94.7294,98.2507
3278276,ENSCAFG00000017071,,ENSG00000147140,,ortholog_one2many,92.1277,84.0777
3278553,ENSCAFG00000017081,,ENSG00000147166,,ortholog_one2one,94.8127,94.8127
3279037,ENSCAFG00000017103,,ENSG00000122728,,ortholog_one2many,85.5706,93.2092
3279038,ENSCAFG00000017103,,ENSG00000147133,,ortholog_one2many,90.7491,96.3695
3279292,ENSCAFG00000017134,,ENSG00000147162,,ortholog_one2one,99.7132,99.7132
3279596,ENSCAFG00000023748,,ENSG00000147174,,ortholog_one2one,40.7258,29.233
3279748,ENSCAFG00000017146,,ENSG00000186810,,ortholog_one2one,88.3152,78.3133
3280083,ENSCAFG00000029083,,ENSG00000215115,,ortholog_many2many,53.6122,54.8638
3280084,ENSCAFG00000029083,,ENSG00000215113,,ortholog_many2many,53.6122,54.8638
3280085,ENSCAFG00000029083,,ENSG00000283599,,ortholog_many2many,52.0913,52.8958
3280231,ENSCAFG00000024175,,ENSG00000204131,,ortholog_one2one,84.9796,84.9796
3280425,ENSCAFG00000017151,,ENSG00000242732,,ortholog_one2one,64.8233,74.1652
3280513,ENSCAFG00000032230,,ENSG00000102309,,ortholog_one2many,75.817,74.359
3280781,ENSCAFG00000023690,,ENSG00000186871,,ortholog_one2one,79.8896,81.04
3281075,ENSCAFG00000017153,,ENSG00000125931,,ortholog_one2one,88.2353,89.0411
3281252,ENSCAFG00000017157,,ENSG00000147099,,ortholog_one2many,87.2289,86.8106
3281253,ENSCAFG00000017157,,ENSG00000285547,,ortholog_one2many,86.988,64.9281
3281507,ENSCAFG00000017179,,ENSG00000067177,,ortholog_one2one,95.7224,95.6452
3282127,ENSCAFG00000017188,,ENSG00000186462,,ortholog_one2one,84.4156,84.7826
3282346,ENSCAFG00000017189,,ENSG00000131264,,ortholog_one2one,79.5775,79.5775
3282487,ENSCAFG00000029933,,ENSG00000204116,,ortholog_one2one,71.7647,81.6964
3282732,ENSCAFG00000032517,,ENSG00000187969,,ortholog_one2one,66.6667,68.6747
3283194,ENSCAFG00000017195,,ENSG00000147100,,ortholog_one2one,93.3002,69.7588
3283508,ENSCAFG00000017202,,ENSG00000131263,,ortholog_one2one,96.8,96.9551
3283765,ENSCAFG00000017206,,ENSG00000050030,,ortholog_one2one,90.4227,90.3034
3284037,ENSCAFG00000017214,,ENSG00000131269,,ortholog_one2one,92.1543,91.5456
3284291,ENSCAFG00000017218,,ENSG00000094841,,ortholog_one2one,85.6678,85.1133
3284556,ENSCAFG00000017223,,ENSG00000102383,,ortholog_one2one,89.645,89.911
3284795,ENSCAFG00000017225,,ENSG00000186675,,ortholog_one2one,86.6157,86.6157
3285694,ENSCAFG00000017228,,ENSG00000102390,,ortholog_one2many,83.1818,78.5408
3286509,ENSCAFG00000029141,,ENSG00000196468,,ortholog_one2one,97.5845,97.5845
3286767,ENSCAFG00000017252,,ENSG00000085224,,ortholog_one2one,93.411,93.2986
3287108,ENSCAFG00000017258,,ENSG00000100028,,ortholog_many2many,99.2064,99.2064
3287109,ENSCAFG00000017258,,ENSG00000286070,,ortholog_many2many,99.2064,99.2064
3287390,ENSCAFG00000017259,,ENSG00000102158,,ortholog_one2one,91.6216,92.3706
3287658,ENSCAFG00000042877,,ENSG00000131174,,ortholog_one2many,81.25,81.25
3287917,ENSCAFG00000017263,,ENSG00000165240,,ortholog_one2one,92.3949,92.3333
3288214,ENSCAFG00000017270,,ENSG00000102144,,ortholog_one2one,96.4029,96.4029
3288530,ENSCAFG00000017278,,ENSG00000187325,,ortholog_one2one,82.699,95.2191
3288638,ENSCAFG00000017282,,ENSG00000173198,,ortholog_one2one,92.6471,93.4718
3289358,ENSCAFG00000017290,,ENSG00000147145,,ortholog_one2one,97.2973,97.2973
3289849,ENSCAFG00000017294,,ENSG00000078589,,ortholog_one2one,78.3505,89.6755
3290144,ENSCAFG00000017299,,ENSG00000174016,,ortholog_one2one,82.0513,82.2622
3290422,ENSCAFG00000046786,,ENSG00000244476,,ortholog_one2one,21.875,11.71
3290493,ENSCAFG00000017327,,ENSG00000165288,,ortholog_one2one,93.7603,95.061
3290745,ENSCAFG00000029864,,ENSG00000198157,,ortholog_one2one,39.2491,40.7801
3290814,ENSCAFG00000017353,,ENSG00000131171,,ortholog_one2one,76.2963,90.3509
3291643,ENSCAFG00000017368,,ENSG00000196767,,ortholog_one2one,96.9529,96.9529
3291868,ENSCAFG00000017370,,ENSG00000183035,,ortholog_one2one,58.0386,55.4531
3291943,ENSCAFG00000017373,,ENSG00000072133,,ortholog_one2one,93.414,93.2886
3292193,ENSCAFG00000017380,,ENSG00000165259,,ortholog_one2one,91.763,92.029
3292505,ENSCAFG00000017383,,ENSG00000155008,,ortholog_one2one,85.3933,85.0746
3292777,ENSCAFG00000017385,,ENSG00000184788,,ortholog_one2one,87.5,12.0863
3292884,ENSCAFG00000017391,,ENSG00000182944,,ortholog_one2many,93.12,88.0484
3293131,ENSCAFG00000017397,,ENSG00000147180,,ortholog_one2one,94.2721,97.8934
3293418,ENSCAFG00000017401,,ENSG00000124429,,ortholog_one2one,84.2809,84.7059
3293636,ENSCAFG00000017406,,ENSG00000188419,,ortholog_one2one,87.4052,88.2083
3293884,ENSCAFG00000017419,,ENSG00000126733,,ortholog_one2one,91.1519,91.1519
3294450,ENSCAFG00000047538,,ENSG00000023041,,ortholog_one2many,78.6667,28.5714
3294718,ENSCAFG00000017445,,ENSG00000102271,,ortholog_one2one,87.0968,82.5
3295002,ENSCAFG00000017450,,ENSG00000153779,,ortholog_one2many,59.5745,58.0913
3295003,ENSCAFG00000017450,,ENSG00000176679,,ortholog_one2many,37.0213,47.027
3295281,ENSCAFG00000017457,,ENSG00000102290,,ortholog_one2many,79.4488,74.9072
3295282,ENSCAFG00000017457,,ENSG00000099715,,ortholog_one2many,76.2992,72.3134
3295901,ENSCAFG00000017468,,ENSG00000186310,,ortholog_one2one,81.8182,76.4822
3296120,ENSCAFG00000046076,,ENSG00000179083,,ortholog_one2one,89.6,90.3226
3296548,ENSCAFG00000017472,,ENSG00000101367,,ortholog_one2many,73.4177,86.5672
3296852,ENSCAFG00000017479,,ENSG00000147202,,ortholog_one2one,93.038,93.291
3297120,ENSCAFG00000017487,,ENSG00000135930,,ortholog_one2many,72.1374,77.1429
3297409,ENSCAFG00000017495,,ENSG00000138326,,ortholog_one2one,91.5254,37.3702
3297593,ENSCAFG00000048930,,ENSG00000106723,,ortholog_one2many,75.2688,26.7176
3297985,ENSCAFG00000017503,,ENSG00000165119,,ortholog_one2many,97.5,92.4569
3298290,ENSCAFG00000017506,,ENSG00000093144,,ortholog_one2many,72.1649,68.4039
3298586,ENSCAFG00000017514,,ENSG00000165194,,ortholog_one2one,97.6321,93.3798
3298984,ENSCAFG00000017519,,ENSG00000000005,,ortholog_one2one,96.8454,96.8454
3299238,ENSCAFG00000017521,,ENSG00000000003,,ortholog_one2many,94.6939,94.6939
3299529,ENSCAFG00000017527,,ENSG00000102359,,ortholog_one2one,96.9893,96.9893
3299806,ENSCAFG00000017529,,ENSG00000102362,,ortholog_one2one,93.8897,93.8897
3300280,ENSCAFG00000017551,,ENSG00000101811,,ortholog_one2one,96.4824,96.4824
3300519,ENSCAFG00000017568,,ENSG00000007952,,ortholog_one2one,87.5887,87.5887
3300699,ENSCAFG00000030082,,ENSG00000182489,,ortholog_one2one,94.2094,94.2094
3300957,ENSCAFG00000029593,,ENSG00000126950,,ortholog_one2one,94.186,97.006
3301207,ENSCAFG00000017593,,ENSG00000102384,,ortholog_one2one,79.8693,80.8201
3301460,ENSCAFG00000017618,,ENSG00000102385,,ortholog_one2one,89.0909,92.163
3301740,ENSCAFG00000017627,,ENSG00000102387,,ortholog_one2one,61.5079,67.0996
3301856,ENSCAFG00000017633,,ENSG00000126953,,ortholog_one2one,98.9691,98.9691
3302109,ENSCAFG00000017669,,ENSG00000010671,,ortholog_one2one,96.2154,95.3824
3302385,ENSCAFG00000017688,,ENSG00000241343,,ortholog_one2one,88.0282,88.0282
3302501,ENSCAFG00000017692,,ENSG00000102393,,ortholog_one2one,82.8571,74.0426
3302747,ENSCAFG00000017693,,ENSG00000126945,,ortholog_one2one,99.5546,99.5546
3302919,ENSCAFG00000017697,,ENSG00000196440,,ortholog_one2one,57.0228,62.2271
3303089,ENSCAFG00000023802,,ENSG00000126947,,ortholog_one2one,87.3638,88.521
3303256,ENSCAFG00000017702,,ENSG00000198960,,ortholog_one2one,81.0,81.0
3303410,ENSCAFG00000017704,,ENSG00000102401,,ortholog_one2one,94.1953,94.1953
3303577,ENSCAFG00000017705,,ENSG00000184867,,ortholog_one2one,85.4063,81.4873
3303754,ENSCAFG00000017721,,ENSG00000269437,,ortholog_many2many,65.7718,62.6198
3303755,ENSCAFG00000017721,,ENSG00000269405,,ortholog_many2many,65.7718,62.6198
3303756,ENSCAFG00000017721,,ENSG00000126952,,ortholog_many2many,38.7584,63.2877
3304062,ENSCAFG00000017730,,ENSG00000166432,,ortholog_one2one,71.3561,81.0072
3304888,ENSCAFG00000017734,,ENSG00000184515,,ortholog_one2one,78.5714,79.2793
3304955,ENSCAFG00000028462,,ENSG00000269437,,ortholog_many2many,73.3553,71.246
3304956,ENSCAFG00000028462,,ENSG00000269405,,ortholog_many2many,73.3553,71.246
3304957,ENSCAFG00000028462,,ENSG00000126952,,ortholog_many2many,41.2829,68.7671
3305267,ENSCAFG00000031569,,ENSG00000269437,,ortholog_many2many,73.3553,71.246
3305268,ENSCAFG00000031569,,ENSG00000269405,,ortholog_many2many,73.3553,71.246
3305269,ENSCAFG00000031569,,ENSG00000126952,,ortholog_many2many,41.2829,68.7671
3305586,ENSCAFG00000017771,,ENSG00000215029,,ortholog_one2many,69.7183,59.1633
3305587,ENSCAFG00000017771,,ENSG00000268235,,ortholog_one2many,69.7183,59.1633
3305588,ENSCAFG00000017771,,ENSG00000284800,,ortholog_one2many,22.0657,66.1972
3305983,ENSCAFG00000043740,,ENSG00000174744,,ortholog_one2one,69.469,54.1379
3306144,ENSCAFG00000017774,,ENSG00000125962,,ortholog_one2one,72.6257,69.8925
3306296,ENSCAFG00000017775,,ENSG00000198932,,ortholog_one2one,60.911,41.2186
3306451,ENSCAFG00000017782,,ENSG00000198908,,ortholog_one2many,78.0,78.4278
3306452,ENSCAFG00000017782,,ENSG00000286237,,ortholog_one2many,78.0,78.4278
3306631,ENSCAFG00000017778,,ENSG00000158301,,ortholog_one2one,81.352,83.2936
3306802,ENSCAFG00000024178,,ENSG00000166681,,ortholog_one2one,97.3214,98.1982
3307152,ENSCAFG00000041056,,ENSG00000133142,,ortholog_one2many,53.4545,41.0615
3307153,ENSCAFG00000041056,,ENSG00000184905,,ortholog_one2many,51.6364,62.5551
3307252,ENSCAFG00000024146,,ENSG00000204065,,ortholog_one2many,80.4124,75.7282
3307253,ENSCAFG00000024146,,ENSG00000196507,,ortholog_one2many,84.5361,82.0
3307254,ENSCAFG00000024146,,ENSG00000204071,,ortholog_one2many,73.1959,77.5956
3307379,ENSCAFG00000017797,,ENSG00000172465,,ortholog_one2one,89.9371,89.9371
3307476,ENSCAFG00000017798,,ENSG00000123562,,ortholog_one2one,98.6111,98.6111
3307794,ENSCAFG00000017804,,ENSG00000188828,,ortholog_one2one,85.7768,94.0048
3308067,ENSCAFG00000031358,,ENSG00000179363,,ortholog_one2one,60.625,57.7381
3308126,ENSCAFG00000017811,,ENSG00000123560,,ortholog_one2one,85.9375,99.278
3308454,ENSCAFG00000017812,,ENSG00000123570,,ortholog_one2one,73.2456,83.0846
3308749,ENSCAFG00000015167,,ENSG00000101812,,ortholog_one2many,51.3333,50.0
3308750,ENSCAFG00000015167,,ENSG00000123569,,ortholog_one2many,54.6667,46.8571
3309096,ENSCAFG00000044244,,ENSG00000158427,,ortholog_one2many,97.561,88.8889
3309097,ENSCAFG00000044244,,ENSG00000158164,,ortholog_one2many,97.561,88.8889
3309219,ENSCAFG00000017817,,ENSG00000269743,,ortholog_one2one,86.3502,94.7883
3309423,ENSCAFG00000023289,,ENSG00000166707,,ortholog_one2many,79.2453,72.9529
3309424,ENSCAFG00000023289,,ENSG00000174460,,ortholog_one2many,75.4717,69.6517
3310248,ENSCAFG00000048396,,ENSG00000244687,,ortholog_one2one,90.625,34.1176
3310824,ENSCAFG00000017828,,ENSG00000123575,,ortholog_one2one,98.7113,98.7113
3311069,ENSCAFG00000023214,,ENSG00000123576,,ortholog_one2one,52.6515,34.2365
3311149,ENSCAFG00000017859,,ENSG00000189108,,ortholog_one2one,95.3353,95.3353
3311396,ENSCAFG00000017850,,ENSG00000170925,,ortholog_one2many,37.3402,46.7949
3311513,ENSCAFG00000017883,,ENSG00000123572,,ortholog_one2one,87.5821,84.2604
3311636,ENSCAFG00000017885,,ENSG00000123561,,ortholog_one2one,78.032,82.1687
3312755,ENSCAFG00000017914,,ENSG00000147231,,ortholog_one2one,87.471,88.1871
3312990,ENSCAFG00000017931,,ENSG00000133135,,ortholog_one2one,96.0557,96.729
3313247,ENSCAFG00000017944,,ENSG00000133138,,ortholog_one2one,90.7143,90.7143
3313513,ENSCAFG00000029100,,ENSG00000147223,,ortholog_one2one,49.7326,61.5894
3313691,ENSCAFG00000031946,,ENSG00000165376,,ortholog_one2one,62.6471,92.6087
3313944,ENSCAFG00000017953,,ENSG00000133131,,ortholog_one2one,89.8396,89.6478
3314276,ENSCAFG00000017959,,ENSG00000089682,,ortholog_one2one,81.405,95.3995
3314508,ENSCAFG00000017963,,ENSG00000198088,,ortholog_one2one,45.1087,41.9192
3314618,ENSCAFG00000017968,,ENSG00000080572,,ortholog_one2one,72.1461,73.8318
3315096,ENSCAFG00000049067,,ENSG00000147234,,ortholog_one2many,89.3443,12.0442
3315345,ENSCAFG00000017972,,ENSG00000147234,,ortholog_one2many,89.85,56.2431
3315868,ENSCAFG00000029920,,ENSG00000157514,,ortholog_one2one,37.3494,46.5
3316119,ENSCAFG00000017992,,ENSG00000080561,,ortholog_one2one,91.4586,94.6939
3316461,ENSCAFG00000032176,,ENSG00000170925,,ortholog_one2many,32.6291,44.5513
3316856,ENSCAFG00000018004,,ENSG00000101842,,ortholog_one2one,72.9216,72.5768
3317075,ENSCAFG00000018007,,ENSG00000101843,,ortholog_one2one,98.6726,98.6726
3317335,ENSCAFG00000018009,,ENSG00000101844,,ortholog_one2one,81.5217,94.2211
3317544,ENSCAFG00000018016,,ENSG00000197565,,ortholog_one2one,84.4171,84.4171
3318526,ENSCAFG00000018020,,ENSG00000188153,,ortholog_one2one,94.3229,94.3229
3318693,ENSCAFG00000018028,,ENSG00000133124,,ortholog_one2one,82.7451,83.93
3318939,ENSCAFG00000047816,,ENSG00000052802,,ortholog_one2many,86.3014,86.0068
3319199,ENSCAFG00000018034,,ENSG00000101890,,ortholog_one2one,91.3357,91.3357
3319547,ENSCAFG00000028574,,ENSG00000101888,,ortholog_one2one,76.8844,77.665
3319808,ENSCAFG00000018048,,ENSG00000176076,,ortholog_one2one,32.7434,78.169
3319912,ENSCAFG00000042074,,ENSG00000124357,,ortholog_one2many,87.9004,63.3333
3320153,ENSCAFG00000018063,,ENSG00000068366,,ortholog_one2one,81.5603,97.0464
3320503,ENSCAFG00000030164,,ENSG00000136810,,ortholog_one2many,89.6226,90.4762
3320720,ENSCAFG00000018083,,ENSG00000157600,,ortholog_one2one,97.3064,97.3064
3320996,ENSCAFG00000018090,,ENSG00000101935,,ortholog_one2one,99.0964,98.7988
3321244,ENSCAFG00000028573,,ENSG00000243978,,ortholog_one2one,71.3459,71.0375
3321396,ENSCAFG00000018117,,ENSG00000101938,,ortholog_one2one,87.2798,97.3799
3321580,ENSCAFG00000018154,,ENSG00000077264,,ortholog_one2one,94.3396,94.8276
3321891,ENSCAFG00000018175,,ENSG00000077274,,ortholog_one2one,97.1919,97.1919
3322147,ENSCAFG00000018179,,ENSG00000077279,,ortholog_one2one,87.8412,96.7213
3322896,ENSCAFG00000046454,,ENSG00000260802,,ortholog_one2one,93.2584,93.2584
3322993,ENSCAFG00000046609,,ENSG00000143947,,ortholog_one2one,94.0397,91.0256
3323349,ENSCAFG00000018196,,ENSG00000101901,,ortholog_one2one,80.9074,37.6429
3323624,ENSCAFG00000018204,,ENSG00000072315,,ortholog_one2one,94.359,94.5529
3323891,ENSCAFG00000044064,,ENSG00000204025,,ortholog_one2one,67.2727,66.6667
3324218,ENSCAFG00000018212,,ENSG00000187823,,ortholog_one2one,70.1987,68.3871
3324280,ENSCAFG00000018215,,ENSG00000182508,,ortholog_one2one,61.5108,77.7273
3324542,ENSCAFG00000018218,,ENSG00000126016,,ortholog_one2one,90.2304,90.3137
3325591,ENSCAFG00000018225,,ENSG00000101608,,ortholog_one2many,78.453,80.226
3325839,ENSCAFG00000029120,,ENSG00000147246,,ortholog_one2one,89.1213,93.0131
3326454,ENSCAFG00000018230,,ENSG00000123496,,ortholog_one2one,66.7488,71.3158
3326714,ENSCAFG00000018236,,ENSG00000130224,,ortholog_one2one,90.4412,96.4706
3326996,ENSCAFG00000018250,,ENSG00000102024,,ortholog_one2one,98.1221,99.5238
3327303,ENSCAFG00000018264,,ENSG00000180772,,ortholog_one2one,95.8564,95.5923
3327816,ENSCAFG00000028660,,ENSG00000204019,,ortholog_one2one,59.1304,60.177
3327890,ENSCAFG00000018270,,ENSG00000138867,,ortholog_one2one,62.234,39.527
3328098,ENSCAFG00000018272,,ENSG00000003096,,ortholog_one2many,93.2635,94.6809
3328398,ENSCAFG00000018287,,ENSG00000131725,,ortholog_one2one,94.2982,94.195
3328636,ENSCAFG00000018332,,ENSG00000147251,,ortholog_one2one,94.389,95.5705
3329036,ENSCAFG00000018359,,ENSG00000131724,,ortholog_one2one,85.0117,85.0117
3329223,ENSCAFG00000018363,,ENSG00000175556,,ortholog_one2one,77.8043,85.9025
3329460,ENSCAFG00000018366,,ENSG00000250423,,ortholog_one2one,36.3594,45.9333
3329942,ENSCAFG00000018372,,ENSG00000101856,,ortholog_one2one,94.8718,94.8718
3330290,ENSCAFG00000018378,,ENSG00000077713,,ortholog_one2one,87.5,88.2698
3330569,ENSCAFG00000018384,,ENSG00000005022,,ortholog_one2one,83.0189,88.5906
3330852,ENSCAFG00000018402,,ENSG00000077721,,ortholog_one2many,46.2006,100.0
3331121,ENSCAFG00000018390,,ENSG00000018610,,ortholog_one2one,100.0,100.0
3331385,ENSCAFG00000018411,,ENSG00000186416,,ortholog_one2one,86.8622,96.5957
3331643,ENSCAFG00000018419,,ENSG00000125354,,ortholog_one2one,93.1973,94.7005
3331892,ENSCAFG00000046992,,ENSG00000198918,,ortholog_one2many,100.0,100.0
3332016,ENSCAFG00000047807,,ENSG00000133169,,ortholog_many2many,39.1892,46.4
3332017,ENSCAFG00000047807,,ENSG00000133134,,ortholog_many2many,46.6216,43.125
3332191,ENSCAFG00000018426,,ENSG00000125351,,ortholog_one2one,95.4262,95.0311
3332626,ENSCAFG00000018430,,ENSG00000139797,,ortholog_many2many,67.5287,72.9814
3332627,ENSCAFG00000018430,,ENSG00000125352,,ortholog_many2many,93.6782,95.0437
3332894,ENSCAFG00000044483,,ENSG00000125356,,ortholog_one2many,81.4286,81.4286
3333150,ENSCAFG00000034388,,ENSG00000186471,,ortholog_one2one,47.619,45.6853
3333310,ENSCAFG00000018433,,ENSG00000101882,,ortholog_one2one,81.7481,76.6265
3333478,ENSCAFG00000045966,,ENSG00000256222,,ortholog_one2one,70.8333,70.8333
3333539,ENSCAFG00000018454,,ENSG00000101883,,ortholog_one2one,20.9809,41.8478
3333657,ENSCAFG00000023631,,ENSG00000177485,,ortholog_one2one,90.8696,93.3036
3333930,ENSCAFG00000018461,,ENSG00000125355,,ortholog_one2one,98.2808,98.2808
3334170,ENSCAFG00000018484,,ENSG00000101892,,ortholog_one2one,91.5301,93.8375
3334432,ENSCAFG00000018510,,ENSG00000005893,,ortholog_one2one,76.6355,79.8054
3334681,ENSCAFG00000018537,,ENSG00000158290,,ortholog_one2one,88.0275,98.2475
3334959,ENSCAFG00000018545,,ENSG00000232119,,ortholog_one2one,100.0,100.0
3335213,ENSCAFG00000018547,,ENSG00000171155,,ortholog_one2one,94.9686,94.9686
3335503,ENSCAFG00000042169,,ENSG00000057608,,ortholog_one2many,93.1507,76.4045
3336067,ENSCAFG00000018548,,ENSG00000136305,,ortholog_one2many,88.2353,89.0411
3336347,ENSCAFG00000018564,,ENSG00000125675,,ortholog_one2one,98.6577,98.6577
3336609,ENSCAFG00000018574,,ENSG00000125676,,ortholog_one2one,98.9956,98.9956
3336881,ENSCAFG00000018577,,ENSG00000101966,,ortholog_one2one,87.2211,86.5191
3337153,ENSCAFG00000018587,,ENSG00000101972,,ortholog_one2one,99.6845,99.6845
3337496,ENSCAFG00000002335,,ENSG00000241837,,ortholog_many2many,73.6585,70.892
3337497,ENSCAFG00000002335,,ENSG00000249209,,ortholog_many2many,56.5854,47.9339
3337799,ENSCAFG00000029891,,ENSG00000183918,,ortholog_one2one,93.75,93.75
3338049,ENSCAFG00000018631,,ENSG00000009694,,ortholog_one2one,98.4261,98.4261
3338299,ENSCAFG00000029138,,ENSG00000282815,,ortholog_one2many,48.8263,10.4733
3338300,ENSCAFG00000029138,,ENSG00000282419,,ortholog_one2many,51.1737,15.2661
3338380,ENSCAFG00000018646,,ENSG00000198354,,ortholog_one2many,87.4459,87.257
3338520,ENSCAFG00000018651,,ENSG00000138029,,ortholog_one2many,89.3665,83.3333
3338786,ENSCAFG00000018654,,ENSG00000183631,,ortholog_one2one,69.3333,69.7987
3339106,ENSCAFG00000018658,,ENSG00000123165,,ortholog_one2one,82.2281,82.4468
3339218,ENSCAFG00000018660,,ENSG00000100138,,ortholog_one2many,98.4375,46.3235
3339758,ENSCAFG00000018673,,ENSG00000102038,,ortholog_one2one,88.5417,87.3832
3340050,ENSCAFG00000018690,,ENSG00000122126,,ortholog_one2one,95.5732,93.4517
3340320,ENSCAFG00000049840,,ENSG00000171388,,ortholog_one2one,32.5,84.4156
3340483,ENSCAFG00000018700,,ENSG00000122121,,ortholog_one2one,82.963,83.0861
3340734,ENSCAFG00000018703,,ENSG00000122122,,ortholog_one2one,95.0131,95.2632
3340974,ENSCAFG00000018705,,ENSG00000188706,,ortholog_one2one,94.1489,97.2527
3341272,ENSCAFG00000018717,,ENSG00000156697,,ortholog_one2many,83.4197,83.5279
3341273,ENSCAFG00000018717,,ENSG00000253797,,ortholog_one2many,79.2746,79.8956
3341553,ENSCAFG00000018726,,ENSG00000085185,,ortholog_one2one,90.0336,93.9801
3341806,ENSCAFG00000018735,,ENSG00000102034,,ortholog_one2one,88.6878,88.6878
3342093,ENSCAFG00000018747,,ENSG00000156709,,ortholog_one2one,89.644,89.0675
3342352,ENSCAFG00000018755,,ENSG00000134594,,ortholog_one2one,100.0,100.0
3342639,ENSCAFG00000018759,,ENSG00000056277,,ortholog_one2one,65.9624,76.2551
3342755,ENSCAFG00000018766,,ENSG00000102078,,ortholog_one2one,86.0465,83.8527
3342954,ENSCAFG00000018768,,ENSG00000147262,,ortholog_one2one,84.1791,84.1791
3343206,ENSCAFG00000018770,,ENSG00000134597,,ortholog_one2one,74.7801,79.1925
3343464,ENSCAFG00000018777,,ENSG00000165675,,ortholog_one2one,90.0612,96.5574
3343729,ENSCAFG00000018785,,ENSG00000147256,,ortholog_one2one,54.3919,88.2998
3343959,ENSCAFG00000018799,,ENSG00000147255,,ortholog_one2one,90.9701,90.9023
3344756,ENSCAFG00000018826,,ENSG00000134602,,ortholog_one2one,93.6795,94.7489
3345043,ENSCAFG00000018829,,ENSG00000165694,,ortholog_one2one,88.4507,87.9552
3345307,ENSCAFG00000018830,,ENSG00000123728,,ortholog_one2one,100.0,100.0
3345581,ENSCAFG00000018841,,ENSG00000076770,,ortholog_one2one,86.9919,90.678
3345837,ENSCAFG00000018850,,ENSG00000171004,,ortholog_one2one,92.7245,92.8682
3346078,ENSCAFG00000018853,,ENSG00000131864,,ortholog_one2one,48.3766,48.4816
3346196,ENSCAFG00000018857,,ENSG00000076716,,ortholog_one2one,82.047,87.9496
3346710,ENSCAFG00000018864,,ENSG00000147257,,ortholog_one2one,90.3752,91.874
3346957,ENSCAFG00000023095,,ENSG00000203952,,ortholog_one2one,67.3077,75.3846
3347064,ENSCAFG00000018867,,ENSG00000156531,,ortholog_one2one,99.7268,99.7268
3347312,ENSCAFG00000018870,,ENSG00000165704,,ortholog_one2many,96.789,96.789
3347598,ENSCAFG00000018882,,ENSG00000156504,,ortholog_one2one,73.8872,93.2584
3347985,ENSCAFG00000018887,,ENSG00000156500,,ortholog_one2one,57.8358,57.4074
3348482,ENSCAFG00000018891,,ENSG00000101928,,ortholog_one2one,83.1933,92.5234
3348739,ENSCAFG00000018903,,ENSG00000184785,,ortholog_one2one,74.2424,59.0361
3348917,ENSCAFG00000032662,,ENSG00000134590,,ortholog_one2one,33.4483,85.8407
3349060,ENSCAFG00000041731,,ENSG00000203950,,ortholog_one2many,45.0617,64.6018
3349061,ENSCAFG00000041731,,ENSG00000212747,,ortholog_one2many,43.8272,62.8319
3349115,ENSCAFG00000023406,,ENSG00000186376,,ortholog_one2one,74.9042,76.6667
3349451,ENSCAFG00000045610,,ENSG00000283644,,ortholog_one2many,48.3871,50.8475
3349452,ENSCAFG00000045610,,ENSG00000238210,,ortholog_one2many,48.3871,50.8475
3349453,ENSCAFG00000045610,,ENSG00000224107,,ortholog_one2many,48.3871,50.8475
3349479,ENSCAFG00000018905,,ENSG00000173275,,ortholog_one2one,91.3127,91.3127
3349619,ENSCAFG00000048831,,ENSG00000196972,,ortholog_one2many,53.3333,92.3077
3349620,ENSCAFG00000048831,,ENSG00000178947,,ortholog_one2many,53.3333,92.3077
3349812,ENSCAFG00000018914,,ENSG00000165359,,ortholog_one2one,89.6592,84.9666
3349982,ENSCAFG00000045408,,ENSG00000268940,,ortholog_many2many,28.6585,24.8677
3349983,ENSCAFG00000045408,,ENSG00000228836,,ortholog_many2many,28.6585,24.8677
3349984,ENSCAFG00000045408,,ENSG00000273696,,ortholog_many2many,28.6585,24.8677
3349985,ENSCAFG00000045408,,ENSG00000278085,,ortholog_many2many,29.2683,25.3968
3349986,ENSCAFG00000045408,,ENSG00000278289,,ortholog_many2many,28.6585,24.8677
3349987,ENSCAFG00000045408,,ENSG00000271449,,ortholog_many2many,29.2683,25.3968
3349988,ENSCAFG00000045408,,ENSG00000270946,,ortholog_many2many,29.2683,25.3968
3349989,ENSCAFG00000045408,,ENSG00000269096,,ortholog_many2many,28.6585,24.8677
3349990,ENSCAFG00000045408,,ENSG00000269586,,ortholog_many2many,29.2683,25.3968
3350063,ENSCAFG00000047115,,ENSG00000268940,,ortholog_many2many,22.3485,31.2169
3350064,ENSCAFG00000047115,,ENSG00000228836,,ortholog_many2many,22.7273,31.746
3350065,ENSCAFG00000047115,,ENSG00000273696,,ortholog_many2many,22.7273,31.746
3350066,ENSCAFG00000047115,,ENSG00000278085,,ortholog_many2many,22.7273,31.746
3350067,ENSCAFG00000047115,,ENSG00000278289,,ortholog_many2many,22.7273,31.746
3350068,ENSCAFG00000047115,,ENSG00000271449,,ortholog_many2many,22.7273,31.746
3350069,ENSCAFG00000047115,,ENSG00000270946,,ortholog_many2many,22.7273,31.746
3350070,ENSCAFG00000047115,,ENSG00000269096,,ortholog_many2many,22.3485,31.2169
3350071,ENSCAFG00000047115,,ENSG00000269586,,ortholog_many2many,23.1061,32.2751
3350145,ENSCAFG00000014436,,ENSG00000268940,,ortholog_many2many,28.6585,24.8677
3350146,ENSCAFG00000014436,,ENSG00000228836,,ortholog_many2many,28.6585,24.8677
3350147,ENSCAFG00000014436,,ENSG00000273696,,ortholog_many2many,28.6585,24.8677
3350148,ENSCAFG00000014436,,ENSG00000278085,,ortholog_many2many,29.2683,25.3968
3350149,ENSCAFG00000014436,,ENSG00000278289,,ortholog_many2many,28.6585,24.8677
3350150,ENSCAFG00000014436,,ENSG00000271449,,ortholog_many2many,29.2683,25.3968
3350151,ENSCAFG00000014436,,ENSG00000270946,,ortholog_many2many,29.2683,25.3968
3350152,ENSCAFG00000014436,,ENSG00000269096,,ortholog_many2many,28.6585,24.8677
3350153,ENSCAFG00000014436,,ENSG00000269586,,ortholog_many2many,29.2683,25.3968
3350234,ENSCAFG00000018927,,ENSG00000198689,,ortholog_one2one,87.1728,91.1081
3350571,ENSCAFG00000018932,,ENSG00000022267,,ortholog_one2one,93.5103,98.1424
3350898,ENSCAFG00000018936,,ENSG00000129680,,ortholog_one2one,46.6667,53.5388
3351118,ENSCAFG00000018940,,ENSG00000156920,,ortholog_one2one,68.7685,67.987
3351228,ENSCAFG00000018943,,ENSG00000102239,,ortholog_one2one,89.2231,89.2231
3351408,ENSCAFG00000023294,,ENSG00000102241,,ortholog_one2one,81.25,82.649
3351676,ENSCAFG00000018944,,ENSG00000102243,,ortholog_one2one,57.5758,51.5504
3351841,ENSCAFG00000018945,,ENSG00000102245,,ortholog_one2one,83.0769,82.7586
3352015,ENSCAFG00000018952,,ENSG00000129675,,ortholog_one2one,92.2973,88.0155
3352642,ENSCAFG00000018968,,ENSG00000165370,,ortholog_one2one,84.5238,83.8583
3352977,ENSCAFG00000018979,,ENSG00000156925,,ortholog_one2one,97.8541,97.6445
3353228,ENSCAFG00000030333,,ENSG00000169020,,ortholog_one2many,67.6056,69.5652
3353797,ENSCAFG00000018998,,ENSG00000101981,,ortholog_one2one,85.6209,85.2495
3354070,ENSCAFG00000019001,,ENSG00000101977,,ortholog_one2one,81.8526,84.2412
3354418,ENSCAFG00000019020,,ENSG00000101974,,ortholog_one2one,96.9081,96.9081
3354682,ENSCAFG00000023290,,ENSG00000203933,,ortholog_one2one,43.3511,45.1524
3355336,ENSCAFG00000019026,,ENSG00000134595,,ortholog_one2one,91.8919,91.4798
3355614,ENSCAFG00000023185,,ENSG00000213401,,ortholog_many2many,36.3897,40.4459
3355615,ENSCAFG00000023185,,ENSG00000268606,,ortholog_many2many,36.9627,41.0828
3355616,ENSCAFG00000023185,,ENSG00000183305,,ortholog_many2many,36.9627,41.0828
3355617,ENSCAFG00000023185,,ENSG00000185247,,ortholog_many2many,43.2665,35.1981
3355618,ENSCAFG00000023185,,ENSG00000182798,,ortholog_many2many,37.5358,38.9881
3355619,ENSCAFG00000023185,,ENSG00000046774,,ortholog_many2many,38.6819,36.193
3355620,ENSCAFG00000023185,,ENSG00000155495,,ortholog_many2many,40.4011,12.3468
3355621,ENSCAFG00000023185,,ENSG00000214107,,ortholog_many2many,39.8281,40.0576
3355622,ENSCAFG00000023185,,ENSG00000156009,,ortholog_many2many,41.5473,45.5975
3355623,ENSCAFG00000023185,,ENSG00000120289,,ortholog_many2many,42.4069,42.7746
3355624,ENSCAFG00000023185,,ENSG00000197172,,ortholog_many2many,37.2493,41.4013
3355625,ENSCAFG00000023185,,ENSG00000221867,,ortholog_many2many,36.9627,41.0828
3355626,ENSCAFG00000023185,,ENSG00000147381,,ortholog_many2many,40.4011,44.4795
3355627,ENSCAFG00000023185,,ENSG00000165509,,ortholog_many2many,26.361,14.3079
3355861,ENSCAFG00000019027,,ENSG00000182195,,ortholog_one2one,96.5986,97.2603
3356022,ENSCAFG00000019029,,ENSG00000213401,,ortholog_many2many,39.2523,40.1274
3356023,ENSCAFG00000019029,,ENSG00000268606,,ortholog_many2many,38.6293,39.4904
3356024,ENSCAFG00000019029,,ENSG00000183305,,ortholog_many2many,38.6293,39.4904
3356025,ENSCAFG00000019029,,ENSG00000185247,,ortholog_many2many,47.352,35.4312
3356026,ENSCAFG00000019029,,ENSG00000182798,,ortholog_many2many,38.9408,37.2024
3356027,ENSCAFG00000019029,,ENSG00000046774,,ortholog_many2many,42.9907,36.9973
3356028,ENSCAFG00000019029,,ENSG00000155495,,ortholog_many2many,42.9907,12.0841
3356029,ENSCAFG00000019029,,ENSG00000214107,,ortholog_many2many,43.9252,40.634
3356030,ENSCAFG00000019029,,ENSG00000156009,,ortholog_many2many,43.9252,44.3396
3356031,ENSCAFG00000019029,,ENSG00000120289,,ortholog_many2many,43.3022,40.1734
3356032,ENSCAFG00000019029,,ENSG00000197172,,ortholog_many2many,40.1869,41.0828
3356033,ENSCAFG00000019029,,ENSG00000221867,,ortholog_many2many,39.8754,40.7643
3356034,ENSCAFG00000019029,,ENSG00000147381,,ortholog_many2many,44.5483,45.1104
3356035,ENSCAFG00000019029,,ENSG00000165509,,ortholog_many2many,31.1526,15.5521
3356272,ENSCAFG00000019037,,ENSG00000179542,,ortholog_one2one,97.494,97.6105
3357039,ENSCAFG00000019048,,ENSG00000185985,,ortholog_one2one,98.3432,98.3432
3358295,ENSCAFG00000019067,,ENSG00000184194,,ortholog_one2many,71.4801,53.0831
3358498,ENSCAFG00000019085,,ENSG00000102081,,ortholog_one2one,97.3984,94.7785
3358744,ENSCAFG00000019090,,ENSG00000176988,,ortholog_one2one,43.4307,46.6667
3358808,ENSCAFG00000019094,,ENSG00000155966,,ortholog_one2one,89.8396,89.7025
3359071,ENSCAFG00000019096,,ENSG00000010404,,ortholog_one2many,86.1011,86.7273
3359072,ENSCAFG00000019096,,ENSG00000241489,,ortholog_one2many,52.7076,86.1357
3359334,ENSCAFG00000031344,,ENSG00000197620,,ortholog_many2many,79.1139,79.1139
3359335,ENSCAFG00000031344,,ENSG00000197021,,ortholog_many2many,77.8481,77.8481
3359611,ENSCAFG00000029639,,ENSG00000283463,,ortholog_many2many,53.4819,57.6577
3359612,ENSCAFG00000029639,,ENSG00000283697,,ortholog_many2many,53.7604,57.958
3359826,ENSCAFG00000032604,,ENSG00000213401,,ortholog_many2many,40.9774,34.7134
3359827,ENSCAFG00000032604,,ENSG00000268606,,ortholog_many2many,41.3534,35.0318
3359828,ENSCAFG00000032604,,ENSG00000183305,,ortholog_many2many,41.3534,35.0318
3359829,ENSCAFG00000032604,,ENSG00000185247,,ortholog_many2many,41.3534,25.641
3359830,ENSCAFG00000032604,,ENSG00000267978,,ortholog_many2many,41.7293,35.2381
3359831,ENSCAFG00000032604,,ENSG00000123584,,ortholog_many2many,41.7293,35.2381
3359832,ENSCAFG00000032604,,ENSG00000182798,,ortholog_many2many,32.7068,25.8929
3359833,ENSCAFG00000032604,,ENSG00000046774,,ortholog_many2many,34.5865,24.6649
3359834,ENSCAFG00000032604,,ENSG00000155495,,ortholog_many2many,32.3308,7.53065
3359835,ENSCAFG00000032604,,ENSG00000214107,,ortholog_many2many,36.4662,27.9539
3359836,ENSCAFG00000032604,,ENSG00000198681,,ortholog_many2many,41.7293,35.9223
3359837,ENSCAFG00000032604,,ENSG00000156009,,ortholog_many2many,41.7293,34.9057
3359838,ENSCAFG00000032604,,ENSG00000120289,,ortholog_many2many,37.594,28.9017
3359839,ENSCAFG00000032604,,ENSG00000197172,,ortholog_many2many,39.8496,33.758
3359840,ENSCAFG00000032604,,ENSG00000221867,,ortholog_many2many,40.2256,34.0764
3359841,ENSCAFG00000032604,,ENSG00000147381,,ortholog_many2many,41.7293,35.0158
3359842,ENSCAFG00000032604,,ENSG00000198934,,ortholog_many2many,24.4361,6.79206
3359843,ENSCAFG00000032604,,ENSG00000165509,,ortholog_many2many,25.9398,10.7309
3360219,ENSCAFG00000029428,,ENSG00000213401,,ortholog_many2many,35.1585,38.8535
3360220,ENSCAFG00000029428,,ENSG00000268606,,ortholog_many2many,35.1585,38.8535
3360221,ENSCAFG00000029428,,ENSG00000183305,,ortholog_many2many,35.1585,38.8535
3360222,ENSCAFG00000029428,,ENSG00000185247,,ortholog_many2many,35.1585,28.4382
3360223,ENSCAFG00000029428,,ENSG00000267978,,ortholog_many2many,35.7349,39.3651
3360224,ENSCAFG00000029428,,ENSG00000123584,,ortholog_many2many,35.7349,39.3651
3360225,ENSCAFG00000029428,,ENSG00000182798,,ortholog_many2many,30.8357,31.8452
3360226,ENSCAFG00000029428,,ENSG00000046774,,ortholog_many2many,29.3948,27.3458
3360227,ENSCAFG00000029428,,ENSG00000155495,,ortholog_many2many,30.5476,9.28196
3360228,ENSCAFG00000029428,,ENSG00000214107,,ortholog_many2many,32.5648,32.5648
3360229,ENSCAFG00000029428,,ENSG00000198681,,ortholog_many2many,37.1758,41.7476
3360230,ENSCAFG00000029428,,ENSG00000156009,,ortholog_many2many,36.0231,39.3082
3360231,ENSCAFG00000029428,,ENSG00000120289,,ortholog_many2many,31.4121,31.5029
3360232,ENSCAFG00000029428,,ENSG00000197172,,ortholog_many2many,35.1585,38.8535
3360233,ENSCAFG00000029428,,ENSG00000221867,,ortholog_many2many,34.8703,38.535
3360234,ENSCAFG00000029428,,ENSG00000147381,,ortholog_many2many,36.8876,40.3785
3360235,ENSCAFG00000029428,,ENSG00000198934,,ortholog_many2many,21.6138,7.83699
3360236,ENSCAFG00000029428,,ENSG00000165509,,ortholog_many2many,25.3602,13.6858
3360521,ENSCAFG00000023024,,ENSG00000171116,,ortholog_many2many,38.1818,24.8227
3360522,ENSCAFG00000023024,,ENSG00000268738,,ortholog_many2many,38.1818,24.8227
3360665,ENSCAFG00000030952,,ENSG00000213401,,ortholog_many2many,41.2463,44.2675
3360666,ENSCAFG00000030952,,ENSG00000268606,,ortholog_many2many,40.9496,43.949
3360667,ENSCAFG00000030952,,ENSG00000183305,,ortholog_many2many,40.9496,43.949
3360668,ENSCAFG00000030952,,ENSG00000185247,,ortholog_many2many,42.73,33.5664
3360669,ENSCAFG00000030952,,ENSG00000267978,,ortholog_many2many,42.1365,45.0794
3360670,ENSCAFG00000030952,,ENSG00000123584,,ortholog_many2many,42.1365,45.0794
3360671,ENSCAFG00000030952,,ENSG00000182798,,ortholog_many2many,35.0148,35.119
3360672,ENSCAFG00000030952,,ENSG00000046774,,ortholog_many2many,32.0475,28.9544
3360673,ENSCAFG00000030952,,ENSG00000155495,,ortholog_many2many,34.4214,10.1576
3360674,ENSCAFG00000030952,,ENSG00000214107,,ortholog_many2many,34.4214,33.4294
3360675,ENSCAFG00000030952,,ENSG00000198681,,ortholog_many2many,42.73,46.6019
3360676,ENSCAFG00000030952,,ENSG00000156009,,ortholog_many2many,43.6202,46.2264
3360677,ENSCAFG00000030952,,ENSG00000120289,,ortholog_many2many,36.4985,35.5491
3360678,ENSCAFG00000030952,,ENSG00000197172,,ortholog_many2many,40.3561,43.3121
3360679,ENSCAFG00000030952,,ENSG00000221867,,ortholog_many2many,40.3561,43.3121
3360680,ENSCAFG00000030952,,ENSG00000147381,,ortholog_many2many,43.3234,46.0568
3360681,ENSCAFG00000030952,,ENSG00000198934,,ortholog_many2many,24.6291,8.67294
3360682,ENSCAFG00000030952,,ENSG00000165509,,ortholog_many2many,24.3323,12.7527
3361309,ENSCAFG00000019103,,ENSG00000269556,,ortholog_one2one,99.1098,95.4286
3361571,ENSCAFG00000028611,,ENSG00000197620,,ortholog_many2many,79.1139,79.1139
3361572,ENSCAFG00000028611,,ENSG00000197021,,ortholog_many2many,77.8481,77.8481
3361849,ENSCAFG00000023067,,ENSG00000283463,,ortholog_many2many,53.4819,57.6577
3361850,ENSCAFG00000023067,,ENSG00000283697,,ortholog_many2many,53.7604,57.958
3362312,ENSCAFG00000031919,,ENSG00000171116,,ortholog_many2many,33.7469,32.1513
3362313,ENSCAFG00000031919,,ENSG00000268738,,ortholog_many2many,33.7469,32.1513
3362372,ENSCAFG00000019116,,ENSG00000013619,,ortholog_one2one,65.5405,68.0361
3362555,ENSCAFG00000019125,,ENSG00000171100,,ortholog_one2one,88.5321,96.0199
3362835,ENSCAFG00000019133,,ENSG00000063601,,ortholog_one2one,93.4169,88.5587
3363141,ENSCAFG00000019136,,ENSG00000102181,,ortholog_one2one,67.9012,60.6618
3363408,ENSCAFG00000028715,,ENSG00000029993,,ortholog_one2one,95.6098,98.0
3364047,ENSCAFG00000019143,,ENSG00000102195,,ortholog_one2one,83.7925,83.7925
3364657,ENSCAFG00000029165,,ENSG00000160131,,ortholog_one2one,84.1584,54.4872
3364912,ENSCAFG00000030186,,ENSG00000166049,,ortholog_one2one,36.5019,37.2574
3365111,ENSCAFG00000019149,,ENSG00000130032,,ortholog_one2one,94.3723,94.3723
3365309,ENSCAFG00000019151,,ENSG00000147378,,ortholog_one2one,66.1202,66.1202
3365392,ENSCAFG00000019153,,ENSG00000183862,,ortholog_one2one,94.7289,94.7289
3365971,ENSCAFG00000031663,,ENSG00000213401,,ortholog_many2many,33.4254,38.535
3365972,ENSCAFG00000031663,,ENSG00000268606,,ortholog_many2many,33.9779,39.172
3365973,ENSCAFG00000031663,,ENSG00000183305,,ortholog_many2many,33.9779,39.172
3365974,ENSCAFG00000031663,,ENSG00000185247,,ortholog_many2many,33.7017,28.4382
3365975,ENSCAFG00000031663,,ENSG00000267978,,ortholog_many2many,35.0829,40.3175
3365976,ENSCAFG00000031663,,ENSG00000123584,,ortholog_many2many,35.0829,40.3175
3365977,ENSCAFG00000031663,,ENSG00000182798,,ortholog_many2many,28.7293,30.9524
3365978,ENSCAFG00000031663,,ENSG00000046774,,ortholog_many2many,28.1768,27.3458
3365979,ENSCAFG00000031663,,ENSG00000155495,,ortholog_many2many,28.7293,9.10683
3365980,ENSCAFG00000031663,,ENSG00000214107,,ortholog_many2many,29.0055,30.2594
3365981,ENSCAFG00000031663,,ENSG00000198681,,ortholog_many2many,35.0829,41.1003
3365982,ENSCAFG00000031663,,ENSG00000156009,,ortholog_many2many,34.8066,39.6226
3365983,ENSCAFG00000031663,,ENSG00000120289,,ortholog_many2many,31.2155,32.659
3365984,ENSCAFG00000031663,,ENSG00000197172,,ortholog_many2many,32.8729,37.8981
3365985,ENSCAFG00000031663,,ENSG00000221867,,ortholog_many2many,32.8729,37.8981
3365986,ENSCAFG00000031663,,ENSG00000147381,,ortholog_many2many,36.1878,41.3249
3365987,ENSCAFG00000031663,,ENSG00000198934,,ortholog_many2many,21.2707,8.04598
3365988,ENSCAFG00000031663,,ENSG00000165509,,ortholog_many2many,21.2707,11.9751
3366280,ENSCAFG00000019156,,ENSG00000102287,,ortholog_one2one,78.0738,75.2964
3366547,ENSCAFG00000019160,,ENSG00000213401,,ortholog_many2many,34.626,39.8089
3366548,ENSCAFG00000019160,,ENSG00000268606,,ortholog_many2many,33.518,38.535
3366549,ENSCAFG00000019160,,ENSG00000183305,,ortholog_many2many,33.518,38.535
3366550,ENSCAFG00000019160,,ENSG00000185247,,ortholog_many2many,34.349,28.9044
3366551,ENSCAFG00000019160,,ENSG00000267978,,ortholog_many2many,34.349,39.3651
3366552,ENSCAFG00000019160,,ENSG00000123584,,ortholog_many2many,34.349,39.3651
3366553,ENSCAFG00000019160,,ENSG00000182798,,ortholog_many2many,29.0859,31.25
3366554,ENSCAFG00000019160,,ENSG00000046774,,ortholog_many2many,27.4238,26.5416
3366555,ENSCAFG00000019160,,ENSG00000155495,,ortholog_many2many,27.9778,8.84413
3366556,ENSCAFG00000019160,,ENSG00000214107,,ortholog_many2many,30.1939,31.4121
3366557,ENSCAFG00000019160,,ENSG00000198681,,ortholog_many2many,36.8421,43.0421
3366558,ENSCAFG00000019160,,ENSG00000156009,,ortholog_many2many,36.8421,41.8239
3366559,ENSCAFG00000019160,,ENSG00000120289,,ortholog_many2many,30.4709,31.7919
3366560,ENSCAFG00000019160,,ENSG00000197172,,ortholog_many2many,33.241,38.2166
3366561,ENSCAFG00000019160,,ENSG00000221867,,ortholog_many2many,33.518,38.535
3366562,ENSCAFG00000019160,,ENSG00000147381,,ortholog_many2many,36.0111,41.0095
3366563,ENSCAFG00000019160,,ENSG00000198934,,ortholog_many2many,20.4986,7.7325
3366564,ENSCAFG00000019160,,ENSG00000165509,,ortholog_many2many,20.2216,11.353
3366858,ENSCAFG00000019161,,ENSG00000011677,,ortholog_one2one,95.0495,97.561
3367317,ENSCAFG00000019165,,ENSG00000268089,,ortholog_one2one,63.8028,71.6772
3367530,ENSCAFG00000023133,,ENSG00000213401,,ortholog_many2many,30.0654,43.949
3367531,ENSCAFG00000023133,,ENSG00000268606,,ortholog_many2many,28.5403,41.7197
3367532,ENSCAFG00000023133,,ENSG00000183305,,ortholog_many2many,28.5403,41.7197
3367533,ENSCAFG00000023133,,ENSG00000185247,,ortholog_many2many,33.1155,35.4312
3367534,ENSCAFG00000023133,,ENSG00000267978,,ortholog_many2many,34.4227,50.1587
3367535,ENSCAFG00000023133,,ENSG00000123584,,ortholog_many2many,34.4227,50.1587
3367536,ENSCAFG00000023133,,ENSG00000182798,,ortholog_many2many,25.0545,34.2262
3367537,ENSCAFG00000023133,,ENSG00000046774,,ortholog_many2many,27.0153,33.244
3367538,ENSCAFG00000023133,,ENSG00000155495,,ortholog_many2many,27.451,11.0333
3367539,ENSCAFG00000023133,,ENSG00000214107,,ortholog_many2many,27.0153,35.7349
3367540,ENSCAFG00000023133,,ENSG00000198681,,ortholog_many2many,33.9869,50.4854
3367541,ENSCAFG00000023133,,ENSG00000156009,,ortholog_many2many,33.7691,48.7421
3367542,ENSCAFG00000023133,,ENSG00000120289,,ortholog_many2many,29.6296,39.3064
3367543,ENSCAFG00000023133,,ENSG00000197172,,ortholog_many2many,28.976,42.3567
3367544,ENSCAFG00000023133,,ENSG00000221867,,ortholog_many2many,28.976,42.3567
3367545,ENSCAFG00000023133,,ENSG00000147381,,ortholog_many2many,34.2048,49.5268
3367546,ENSCAFG00000023133,,ENSG00000198934,,ortholog_many2many,17.2113,8.25496
3367547,ENSCAFG00000023133,,ENSG00000165509,,ortholog_many2many,19.6078,13.9969
3367841,ENSCAFG00000019170,,ENSG00000147400,,ortholog_one2many,97.6744,97.6744
3368003,ENSCAFG00000019172,,ENSG00000147383,,ortholog_one2one,88.3657,85.5228
3368269,ENSCAFG00000019176,,ENSG00000147394,,ortholog_one2one,72.5291,69.2094
3368449,ENSCAFG00000019178,,ENSG00000225110,,ortholog_one2many,56.3584,33.737
3368450,ENSCAFG00000019178,,ENSG00000214897,,ortholog_one2many,55.7803,29.83
3368566,ENSCAFG00000019180,,ENSG00000235961,,ortholog_one2one,71.855,84.4612
3368614,ENSCAFG00000019182,,ENSG00000278803,,ortholog_one2many,58.4848,18.7288
3368852,ENSCAFG00000023819,,ENSG00000177138,,ortholog_one2many,11.5385,19.9115
3368853,ENSCAFG00000023819,,ENSG00000183304,,ortholog_one2many,14.1026,16.5663
3368854,ENSCAFG00000023819,,ENSG00000187268,,ortholog_one2many,11.0256,25.9036
3369266,ENSCAFG00000023624,,ENSG00000278803,,ortholog_one2many,58.1222,18.9229
3370188,ENSCAFG00000029984,,ENSG00000189420,,ortholog_one2one,53.0612,68.75
3370280,ENSCAFG00000019185,,ENSG00000183479,,ortholog_one2one,66.4537,74.552
3370467,ENSCAFG00000019186,,ENSG00000213397,,ortholog_one2one,62.9442,67.3913
3370735,ENSCAFG00000019189,,ENSG00000182492,,ortholog_one2one,83.693,94.837
3370960,ENSCAFG00000019230,,ENSG00000067842,,ortholog_one2one,97.0492,97.0492
3371110,ENSCAFG00000019239,,ENSG00000262919,,ortholog_one2one,70.9091,78.629
3371328,ENSCAFG00000019241,,ENSG00000130829,,ortholog_one2one,76.5217,91.6667
3371463,ENSCAFG00000019242,,ENSG00000130822,,ortholog_one2one,85.8974,62.9108
3371596,ENSCAFG00000019243,,ENSG00000130821,,ortholog_one2many,97.3896,76.378
3371597,ENSCAFG00000019243,,ENSG00000273554,,ortholog_one2many,93.5743,73.3858
3371810,ENSCAFG00000019245,,ENSG00000185825,,ortholog_one2one,59.5628,69.6486
3372024,ENSCAFG00000019247,,ENSG00000101986,,ortholog_one2one,75.323,78.255
3372224,ENSCAFG00000019270,,ENSG00000198753,,ortholog_one2one,85.1792,82.4017
3372423,ENSCAFG00000029425,,ENSG00000184343,,ortholog_one2one,69.2762,73.9748
3372724,ENSCAFG00000019286,,ENSG00000067829,,ortholog_one2one,96.4286,96.1832
3372983,ENSCAFG00000019288,,ENSG00000180879,,ortholog_one2one,95.3757,95.3757
3373196,ENSCAFG00000019290,,ENSG00000067840,,ortholog_one2one,93.3594,92.5161
3373442,ENSCAFG00000019362,,ENSG00000198910,,ortholog_one2one,79.5248,90.533
3373734,ENSCAFG00000019415,,ENSG00000102030,,ortholog_one2one,29.099,83.8298
3373965,ENSCAFG00000019402,,ENSG00000126895,,ortholog_one2one,49.9002,67.2043
3374229,ENSCAFG00000019408,,ENSG00000089820,,ortholog_one2one,73.5111,83.8742
3374490,ENSCAFG00000019428,,ENSG00000172534,,ortholog_one2one,94.1345,94.9038
3374652,ENSCAFG00000019436,,ENSG00000184216,,ortholog_one2one,73.7333,77.6685
3374855,ENSCAFG00000019440,,ENSG00000169057,,ortholog_one2one,91.2871,92.5703
3375067,ENSCAFG00000019441,,ENSG00000102076,,ortholog_one2many,89.2857,89.2857
3375068,ENSCAFG00000019441,,ENSG00000166160,,ortholog_one2many,89.5604,89.5604
3375069,ENSCAFG00000019441,,ENSG00000269433,,ortholog_one2many,89.5604,89.5604
3375070,ENSCAFG00000019441,,ENSG00000268221,,ortholog_one2many,89.5604,89.5604
3375320,ENSCAFG00000019442,,ENSG00000278057,,ortholog_one2one,62.6506,63.4146
3375413,ENSCAFG00000019451,,ENSG00000007350,,ortholog_one2one,79.698,79.698
3375517,ENSCAFG00000032560,,ENSG00000102119,,ortholog_one2one,73.8462,75.5906
3375630,ENSCAFG00000019521,,ENSG00000196924,,ortholog_one2one,97.9592,97.9222
3376059,ENSCAFG00000019555,,ENSG00000013563,,ortholog_one2one,81.3559,79.4702
3376302,ENSCAFG00000019568,,ENSG00000102125,,ortholog_one2one,39.6789,58.4459
3376516,ENSCAFG00000019582,,ENSG00000071553,,ortholog_one2one,90.3226,89.3617
3376797,ENSCAFG00000045783,,ENSG00000203879,,ortholog_one2one,98.2103,98.2103
3377001,ENSCAFG00000019586,,ENSG00000071859,,ortholog_one2one,97.0501,97.0501
3377230,ENSCAFG00000019587,,ENSG00000130827,,ortholog_one2one,94.9786,95.0294
3377361,ENSCAFG00000029979,,ENSG00000196976,,ortholog_one2many,47.619,48.951
3377545,ENSCAFG00000019590,,ENSG00000102178,,ortholog_one2one,79.2453,70.0
3377748,ENSCAFG00000019591,,ENSG00000126903,,ortholog_one2one,81.015,81.015
3377941,ENSCAFG00000019592,,ENSG00000071889,,ortholog_one2one,75.5274,73.3607
3378143,ENSCAFG00000019598,,ENSG00000160211,,ortholog_one2one,75.9615,84.492
3378429,ENSCAFG00000019605,,ENSG00000269335,,ortholog_one2one,90.2148,77.6181
3378635,ENSCAFG00000019588,,ENSG00000196976,,ortholog_one2many,28.4,49.6503
3379132,ENSCAFG00000032105,,ENSG00000184033,,ortholog_one2many,31.0811,25.5556
3379133,ENSCAFG00000032105,,ENSG00000126890,,ortholog_one2many,22.2973,15.7143
3379134,ENSCAFG00000032105,,ENSG00000268651,,ortholog_one2many,21.6216,15.2381
3379592,ENSCAFG00000019613,,ENSG00000160219,,ortholog_one2one,81.5789,26.4055
3379846,ENSCAFG00000019620,,ENSG00000130826,,ortholog_one2one,68.5212,91.0506
3380110,ENSCAFG00000019627,,ENSG00000130830,,ortholog_one2one,60.4782,92.2747
3380378,ENSCAFG00000019631,,ENSG00000185010,,ortholog_one2one,76.6965,76.4356
3380597,ENSCAFG00000031844,,ENSG00000274183,,ortholog_one2many,14.6402,51.3043
3380598,ENSCAFG00000031844,,ENSG00000277858,,ortholog_one2many,14.8883,52.1739
3380599,ENSCAFG00000031844,,ENSG00000277745,,ortholog_one2many,14.8883,52.1739
3380721,ENSCAFG00000023407,,ENSG00000277150,,ortholog_one2many,77.1429,87.3315
3380722,ENSCAFG00000023407,,ENSG00000274791,,ortholog_one2many,77.1429,87.3315
3380723,ENSCAFG00000023407,,ENSG00000277203,,ortholog_one2many,77.1429,87.3315
3380932,ENSCAFG00000019634,,ENSG00000165775,,ortholog_one2one,64.257,84.6561
3381151,ENSCAFG00000019635,,ENSG00000182712,,ortholog_one2many,88.2353,88.2353
3381327,ENSCAFG00000019636,,ENSG00000214827,,ortholog_one2one,79.4872,86.9159
3381501,ENSCAFG00000030946,,ENSG00000185515,,ortholog_one2one,52.8497,64.3533
3381734,ENSCAFG00000019639,,ENSG00000155959,,ortholog_one2one,96.4467,96.4467
3382003,ENSCAFG00000019640,,ENSG00000155961,,ortholog_one2one,87.619,86.385
3382376,ENSCAFG00000029471,,ENSG00000155962,,ortholog_one2one,97.0711,93.9271
3382645,ENSCAFG00000019642,,ENSG00000185973,,ortholog_one2one,94.0618,91.6667
3382890,ENSCAFG00000030651,,ENSG00000168939,,ortholog_one2one,97.9167,97.9167
3383116,ENSCAFG00000019645,,ENSG00000124333,,ortholog_one2one,46.8,45.0
3384956,ENSCAFG00000010808,,ENSG00000176246,,ortholog_one2one,80.4487,80.4487
3385224,ENSCAFG00000010820,,ENSG00000133962,,ortholog_one2one,72.1429,72.4014
3385341,ENSCAFG00000010832,,ENSG00000165929,,ortholog_one2one,89.3878,89.3878
3385610,ENSCAFG00000010853,,ENSG00000140092,,ortholog_one2one,95.7871,88.3436
3385860,ENSCAFG00000010880,,ENSG00000100815,,ortholog_one2one,81.4313,85.0935
3386146,ENSCAFG00000042572,,ENSG00000183648,,ortholog_one2many,65.7143,65.7143
3386393,ENSCAFG00000010909,,ENSG00000165934,,ortholog_one2one,99.6164,99.6164
3386653,ENSCAFG00000010941,,ENSG00000140090,,ortholog_one2one,91.6667,86.6559
3386927,ENSCAFG00000010958,,ENSG00000100599,,ortholog_one2one,67.3892,69.4416
3387193,ENSCAFG00000010995,,ENSG00000100600,,ortholog_one2one,76.383,82.9099
3387459,ENSCAFG00000011030,,ENSG00000066455,,ortholog_one2one,88.518,90.6977
3387712,ENSCAFG00000024864,,ENSG00000100604,,ortholog_one2one,44.0285,54.0481
3387943,ENSCAFG00000011056,,ENSG00000100605,,ortholog_one2one,74.6914,87.6812
3388582,ENSCAFG00000048830,,ENSG00000211783,,ortholog_many2many,53.125,60.7143
3388583,ENSCAFG00000048830,,ENSG00000211793,,ortholog_many2many,58.5938,66.9643
3389026,ENSCAFG00000048140,,ENSG00000211788,,ortholog_many2many,38.7097,53.5714
3389027,ENSCAFG00000048140,,ENSG00000211791,,ortholog_many2many,32.9032,45.1327
3389168,ENSCAFG00000045242,,ENSG00000211783,,ortholog_many2many,48.5075,58.0357
3389169,ENSCAFG00000045242,,ENSG00000211793,,ortholog_many2many,52.2388,62.5
3389461,ENSCAFG00000014973,,ENSG00000101654,,ortholog_one2many,87.1324,47.0238
3389730,ENSCAFG00000024337,,ENSG00000211783,,ortholog_many2many,46.8254,52.6786
3389731,ENSCAFG00000024337,,ENSG00000211793,,ortholog_many2many,55.5556,62.5
3390187,ENSCAFG00000031023,,ENSG00000211783,,ortholog_many2many,53.1746,59.8214
3390188,ENSCAFG00000031023,,ENSG00000211793,,ortholog_many2many,59.5238,66.9643
3390637,ENSCAFG00000043519,,ENSG00000211788,,ortholog_many2many,38.7097,53.5714
3390638,ENSCAFG00000043519,,ENSG00000211791,,ortholog_many2many,32.9032,45.1327
3391211,ENSCAFG00000047752,,ENSG00000211788,,ortholog_many2many,39.7436,55.3571
3391212,ENSCAFG00000047752,,ENSG00000211791,,ortholog_many2many,33.9744,46.9027
3391355,ENSCAFG00000014977,,ENSG00000211783,,ortholog_many2many,42.2222,50.8929
3391356,ENSCAFG00000014977,,ENSG00000211793,,ortholog_many2many,47.4074,57.1429
3391652,ENSCAFG00000011085,,ENSG00000138376,,ortholog_one2many,86.3014,32.4324
3391936,ENSCAFG00000044143,,ENSG00000211786,,ortholog_many2many,41.4634,60.177
3391937,ENSCAFG00000044143,,ENSG00000211790,,ortholog_many2many,43.2927,62.8319
3391938,ENSCAFG00000044143,,ENSG00000211795,,ortholog_many2many,42.0732,61.0619
3392082,ENSCAFG00000045650,,ENSG00000211799,,ortholog_one2many,56.0606,63.7931
3392083,ENSCAFG00000045650,,ENSG00000211792,,ortholog_one2many,50.0,56.8966
3392291,ENSCAFG00000025546,,ENSG00000211801,,ortholog_one2one,72.9167,62.5
3392380,ENSCAFG00000043094,,ENSG00000211786,,ortholog_many2many,50.3876,57.5221
3392381,ENSCAFG00000043094,,ENSG00000211790,,ortholog_many2many,51.938,59.292
3392382,ENSCAFG00000043094,,ENSG00000211795,,ortholog_many2many,52.7132,60.177
3392528,ENSCAFG00000043232,,ENSG00000211802,,ortholog_one2one,35.4167,61.8182
3392758,ENSCAFG00000031739,,ENSG00000211805,,ortholog_one2one,63.7097,69.2982
3392816,ENSCAFG00000044772,,ENSG00000211806,,ortholog_one2one,59.1304,62.3853
3392980,ENSCAFG00000011096,,ENSG00000211810,,ortholog_one2one,58.7097,76.4706
3393547,ENSCAFG00000028907,,ENSG00000211813,,ortholog_one2one,72.043,59.8214
3393798,ENSCAFG00000029747,,ENSG00000211816,,ortholog_one2many,71.7172,61.2069
3393799,ENSCAFG00000029747,,ENSG00000211817,,ortholog_one2many,74.7475,63.7931
3393865,ENSCAFG00000043049,,ENSG00000211819,,ortholog_one2one,47.3373,76.1905
3393977,ENSCAFG00000011098,,ENSG00000211829,,ortholog_one2one,42.9864,61.6883
3394343,ENSCAFG00000029572,,ENSG00000256590,,ortholog_one2one,63.7097,69.9115
3394579,ENSCAFG00000011134,,ENSG00000129562,,ortholog_one2many,99.115,99.115
3394868,ENSCAFG00000011146,,ENSG00000100439,,ortholog_one2one,92.3944,95.9064
3395347,ENSCAFG00000011159,,ENSG00000155463,,ortholog_one2one,80.6763,67.4747
3395567,ENSCAFG00000011177,,ENSG00000155465,,ortholog_one2one,88.3064,85.7143
3395795,ENSCAFG00000011191,,ENSG00000172590,,ortholog_one2one,85.4839,86.1789
3395986,ENSCAFG00000011197,,ENSG00000157227,,ortholog_one2one,97.079,97.079
3396291,ENSCAFG00000011202,,ENSG00000139890,,ortholog_one2one,35.5556,89.4118
3396577,ENSCAFG00000011217,,ENSG00000100461,,ortholog_one2one,90.3371,91.5718
3396727,ENSCAFG00000011243,,ENSG00000100462,,ortholog_one2one,99.2151,99.2151
3396944,ENSCAFG00000011267,,ENSG00000129474,,ortholog_one2one,56.6667,91.6357
3397128,ENSCAFG00000011284,,ENSG00000100802,,ortholog_one2one,91.8669,92.3792
3397252,ENSCAFG00000011295,,ENSG00000100804,,ortholog_one2one,95.4373,95.4373
3397501,ENSCAFG00000011398,,ENSG00000139880,,ortholog_one2one,87.515,89.011
3397803,ENSCAFG00000011427,,ENSG00000100813,,ortholog_one2one,92.3077,92.17
3398090,ENSCAFG00000041415,,ENSG00000283654,,ortholog_one2one,80.7212,73.8579
3398151,ENSCAFG00000011433,,ENSG00000092067,,ortholog_one2one,58.913,96.4413
3398346,ENSCAFG00000011454,,ENSG00000092068,,ortholog_one2one,93.985,93.4579
3398876,ENSCAFG00000023903,,ENSG00000215277,,ortholog_one2one,85.0,85.0
3399015,ENSCAFG00000011468,,ENSG00000215271,,ortholog_one2one,83.9572,85.3261
3399223,ENSCAFG00000011471,,ENSG00000235194,,ortholog_one2one,75.493,96.0574
3399433,ENSCAFG00000011482,,ENSG00000258643,,ortholog_one2one,99.6997,90.9589
3399684,ENSCAFG00000025390,,ENSG00000092096,,ortholog_one2one,94.4134,80.3487
3399892,ENSCAFG00000011605,,ENSG00000100842,,ortholog_one2one,66.4402,87.1658
3400091,ENSCAFG00000011610,,ENSG00000166090,,ortholog_one2one,75.7764,68.9266
3400194,ENSCAFG00000011613,,ENSG00000166091,,ortholog_one2one,65.0485,60.0897
3400326,ENSCAFG00000011619,,ENSG00000197616,,ortholog_one2one,96.5153,94.2754
3400763,ENSCAFG00000011631,,ENSG00000129460,,ortholog_one2one,91.8239,92.6984
3400969,ENSCAFG00000011646,,ENSG00000136367,,ortholog_one2one,88.1415,88.1415
3401163,ENSCAFG00000011651,,ENSG00000259431,,ortholog_one2one,79.1304,79.1304
3401355,ENSCAFG00000043910,,ENSG00000092051,,ortholog_one2one,96.3376,96.1844
3401476,ENSCAFG00000025462,,ENSG00000100867,,ortholog_one2one,56.9966,55.6667
3401597,ENSCAFG00000011767,,ENSG00000100884,,ortholog_one2one,98.2047,89.3791
3401813,ENSCAFG00000011712,,ENSG00000186648,,ortholog_one2one,88.369,96.3557
3402079,ENSCAFG00000011844,,ENSG00000129535,,ortholog_one2one,85.9922,93.2489
3402267,ENSCAFG00000011868,,ENSG00000100889,,ortholog_one2one,75.5667,93.75
3402493,ENSCAFG00000011896,,ENSG00000100897,,ortholog_one2many,89.2336,89.5604
3402494,ENSCAFG00000011896,,ENSG00000259371,,ortholog_one2many,18.0657,34.9823
3402701,ENSCAFG00000011905,,ENSG00000139914,,ortholog_one2one,98.6301,98.6301
3402951,ENSCAFG00000011924,,ENSG00000092010,,ortholog_one2many,89.1566,88.8
3403172,ENSCAFG00000011956,,ENSG00000100908,,ortholog_one2one,58.4098,91.8269
3403385,ENSCAFG00000011966,,ENSG00000100911,,ortholog_one2one,95.6522,95.2756
3403614,ENSCAFG00000011993,,ENSG00000259529,,ortholog_one2many,86.3556,91.5112
3403615,ENSCAFG00000011993,,ENSG00000092098,,ortholog_one2many,86.3556,91.5112
3403885,ENSCAFG00000012026,,ENSG00000100918,,ortholog_one2one,79.6064,81.3528
3404064,ENSCAFG00000012049,,ENSG00000196497,,ortholog_one2one,89.45,91.7669
3404277,ENSCAFG00000012071,,ENSG00000254692,,ortholog_one2many,98.5149,73.2515
3404278,ENSCAFG00000012071,,ENSG00000100926,,ortholog_one2many,98.5149,98.5149
3404279,ENSCAFG00000012071,,ENSG00000259522,,ortholog_one2many,23.4323,99.3007
3404482,ENSCAFG00000012083,,ENSG00000139908,,ortholog_one2one,87.2781,87.2781
3404612,ENSCAFG00000041020,,ENSG00000254505,,ortholog_one2one,77.7778,91.4414
3404697,ENSCAFG00000041227,,ENSG00000213920,,ortholog_one2one,88.4146,82.3864
3404794,ENSCAFG00000012097,,ENSG00000129559,,ortholog_one2one,100.0,100.0
3405049,ENSCAFG00000012127,,ENSG00000100938,,ortholog_one2one,96.2644,78.4543
3405247,ENSCAFG00000025565,,ENSG00000092330,,ortholog_one2one,79.8673,80.0443
3405548,ENSCAFG00000012182,,ENSG00000092295,,ortholog_one2one,92.2794,92.1665
3405908,ENSCAFG00000012191,,ENSG00000100949,,ortholog_one2one,93.8272,93.8272
3406333,ENSCAFG00000032262,,ENSG00000157379,,ortholog_one2one,79.6178,79.8722
3406562,ENSCAFG00000012213,,ENSG00000196943,,ortholog_one2one,86.1852,86.3208
3406767,ENSCAFG00000012240,,ENSG00000136305,,ortholog_one2many,88.2883,89.4977
3406970,ENSCAFG00000042353,,ENSG00000213906,,ortholog_one2one,90.2507,83.2905
3407215,ENSCAFG00000012254,,ENSG00000213903,,ortholog_one2one,65.5087,75.0
3407397,ENSCAFG00000012293,,ENSG00000129467,,ortholog_one2one,94.1504,94.1504
3407606,ENSCAFG00000012367,,ENSG00000129465,,ortholog_one2one,61.9385,50.5792
3407896,ENSCAFG00000012375,,ENSG00000100968,,ortholog_one2one,89.4292,87.7593
3408094,ENSCAFG00000012390,,ENSG00000205978,,ortholog_one2one,85.1775,85.9852
3408293,ENSCAFG00000028667,,ENSG00000139899,,ortholog_one2one,93.6585,93.6585
3409948,ENSCAFG00000012409,,ENSG00000100441,,ortholog_one2one,83.958,82.5959
3410065,ENSCAFG00000012437,,ENSG00000100445,,ortholog_one2one,87.415,87.7133
3410577,ENSCAFG00000012443,,ENSG00000092009,,ortholog_one2one,81.1245,81.7814
3410766,ENSCAFG00000025287,,ENSG00000100448,,ortholog_one2one,46.4387,63.9216
3410954,ENSCAFG00000029607,,ENSG00000168952,,ortholog_one2one,80.9339,99.0476
3411455,ENSCAFG00000029157,,ENSG00000139910,,ortholog_one2one,99.8028,99.8028
3412332,ENSCAFG00000012522,,ENSG00000147853,,ortholog_one2many,90.3084,90.3084
3412837,ENSCAFG00000012553,,ENSG00000184304,,ortholog_one2one,93.5558,88.3696
3413815,ENSCAFG00000012582,,ENSG00000092140,,ortholog_one2one,87.2253,86.2772
3414148,ENSCAFG00000012672,,ENSG00000092108,,ortholog_one2one,98.2839,98.1308
3414429,ENSCAFG00000012762,,ENSG00000100473,,ortholog_one2one,64.472,84.3902
3414681,ENSCAFG00000012823,,ENSG00000196792,,ortholog_one2one,96.3568,96.2359
3414953,ENSCAFG00000049696,,ENSG00000100478,,ortholog_one2one,73.6111,66.6667
3415244,ENSCAFG00000012911,,ENSG00000092148,,ortholog_one2one,98.9651,98.7758
3415529,ENSCAFG00000013026,,ENSG00000129493,,ortholog_one2one,92.0681,92.4731
3415952,ENSCAFG00000030216,,ENSG00000129480,,ortholog_one2one,89.881,89.881
3416240,ENSCAFG00000013139,,ENSG00000214943,,ortholog_one2one,75.2212,76.5766
3416614,ENSCAFG00000013144,,ENSG00000151413,,ortholog_one2one,77.6567,89.3417
3416854,ENSCAFG00000029524,,ENSG00000198918,,ortholog_one2many,100.0,100.0
3416994,ENSCAFG00000013151,,ENSG00000100852,,ortholog_one2one,98.3367,98.4021
3417268,ENSCAFG00000013167,,ENSG00000151320,,ortholog_one2one,87.9689,87.9689
3417514,ENSCAFG00000049790,,ENSG00000151322,,ortholog_one2one,93.5484,15.4584
3417804,ENSCAFG00000013182,,ENSG00000129521,,ortholog_one2one,87.4046,95.8159
3418157,ENSCAFG00000013203,,ENSG00000129518,,ortholog_one2one,89.5105,89.8246
3418432,ENSCAFG00000013240,,ENSG00000129515,,ortholog_one2one,98.0861,98.0861
3418719,ENSCAFG00000032562,,ENSG00000165410,,ortholog_one2one,99.3976,99.3976
3419011,ENSCAFG00000013302,,ENSG00000198604,,ortholog_one2one,94.9261,94.9871
3419254,ENSCAFG00000013331,,ENSG00000100883,,ortholog_one2one,95.0943,100.0
3419758,ENSCAFG00000013335,,ENSG00000151327,,ortholog_one2one,88.1356,88.1356
3420085,ENSCAFG00000013360,,ENSG00000092020,,ortholog_one2one,98.0132,98.0132
3420341,ENSCAFG00000013391,,ENSG00000258790,,ortholog_one2many,79.8969,79.7599
3420342,ENSCAFG00000013391,,ENSG00000100890,,ortholog_one2many,79.8969,79.7599
3420612,ENSCAFG00000013409,,ENSG00000100902,,ortholog_one2many,99.187,96.8254
3420988,ENSCAFG00000013418,,ENSG00000100906,,ortholog_one2one,92.9936,92.1136
3421079,ENSCAFG00000013428,,ENSG00000168348,,ortholog_one2one,85.6373,84.2756
3421269,ENSCAFG00000047285,,ENSG00000174373,,ortholog_one2one,94.1825,75.2705
3421540,ENSCAFG00000029732,,ENSG00000100916,,ortholog_one2one,97.5758,99.6904
3421805,ENSCAFG00000013678,,ENSG00000151332,,ortholog_one2one,91.8605,91.8605
3422051,ENSCAFG00000028557,,ENSG00000136327,,ortholog_one2one,85.7741,85.7741
3422288,ENSCAFG00000013690,,ENSG00000198807,,ortholog_one2one,83.4625,94.7214
3422564,ENSCAFG00000028962,,ENSG00000183032,,ortholog_one2one,88.9632,88.9632
3423033,ENSCAFG00000013731,,ENSG00000151338,,ortholog_one2one,77.7533,79.8643
3423250,ENSCAFG00000013743,,ENSG00000129514,,ortholog_one2one,67.36,89.1949
3423462,ENSCAFG00000013753,,ENSG00000139865,,ortholog_one2one,85.6667,27.2534
3423896,ENSCAFG00000013755,,ENSG00000139874,,ortholog_one2one,91.9512,96.4194
3424098,ENSCAFG00000013756,,ENSG00000176435,,ortholog_one2one,80.3681,80.2041
3424798,ENSCAFG00000013826,,ENSG00000100934,,ortholog_one2one,99.4771,99.4771
3425081,ENSCAFG00000013859,,ENSG00000092208,,ortholog_one2one,90.8425,88.5714
3425343,ENSCAFG00000013872,,ENSG00000182400,,ortholog_one2one,100.0,100.0
3425594,ENSCAFG00000013878,,ENSG00000100941,,ortholog_one2one,88.3963,94.5607
3425952,ENSCAFG00000013883,,ENSG00000236761,,ortholog_one2many,42.2143,76.0618
3425953,ENSCAFG00000013883,,ENSG00000150527,,ortholog_one2many,80.9286,80.2408
3425954,ENSCAFG00000013883,,ENSG00000212710,,ortholog_one2many,43.0,80.8054
3426292,ENSCAFG00000013926,,ENSG00000165355,,ortholog_one2one,96.9534,97.4775
3426554,ENSCAFG00000008462,,ENSG00000175581,,ortholog_one2many,73.8095,43.8679
3427164,ENSCAFG00000013943,,ENSG00000165379,,ortholog_one2one,96.5374,96.9402
3427437,ENSCAFG00000013953,,ENSG00000189139,,ortholog_one2one,44.4191,47.2727
3427494,ENSCAFG00000013976,,ENSG00000179476,,ortholog_one2one,92.9448,97.7419
3427685,ENSCAFG00000013977,,ENSG00000179454,,ortholog_one2one,98.2699,97.094
3427985,ENSCAFG00000014001,,ENSG00000198718,,ortholog_one2one,87.0208,89.6221
3428245,ENSCAFG00000014041,,ENSG00000185246,,ortholog_one2one,97.4513,97.1599
3428505,ENSCAFG00000014085,,ENSG00000129534,,ortholog_one2one,71.8886,72.9682
3428737,ENSCAFG00000014018,,ENSG00000100442,,ortholog_one2many,97.3214,97.3214
3429017,ENSCAFG00000014062,,ENSG00000187790,,ortholog_one2one,79.6287,79.5898
3429295,ENSCAFG00000014147,,ENSG00000165496,,ortholog_one2one,94.3925,94.3925
3429503,ENSCAFG00000014164,,ENSG00000139915,,ortholog_one2one,97.6585,97.6585
3430192,ENSCAFG00000014177,,ENSG00000165501,,ortholog_one2one,85.0711,86.715
3430496,ENSCAFG00000014184,,ENSG00000168282,,ortholog_one2one,94.3946,94.1834
3430712,ENSCAFG00000014201,,ENSG00000100479,,ortholog_one2one,73.5938,89.3738
3430960,ENSCAFG00000014209,,ENSG00000197776,,ortholog_one2one,94.0887,94.0887
3431281,ENSCAFG00000014219,,ENSG00000165516,,ortholog_one2one,98.7685,98.7685
3431543,ENSCAFG00000014226,,ENSG00000165525,,ortholog_one2one,92.7189,93.4944
3431805,ENSCAFG00000024150,,ENSG00000165527,,ortholog_one2one,100.0,84.5714
3432117,ENSCAFG00000014250,,ENSG00000100483,,ortholog_one2one,77.8182,93.4498
3432364,ENSCAFG00000014275,,ENSG00000100485,,ortholog_one2one,92.1455,95.1201
3432634,ENSCAFG00000014237,,ENSG00000087299,,ortholog_one2one,61.1276,88.9849
3432893,ENSCAFG00000014285,,ENSG00000125375,,ortholog_one2one,53.5,48.8584
3433145,ENSCAFG00000014292,,ENSG00000100490,,ortholog_one2one,91.2181,89.9441
3433414,ENSCAFG00000014383,,ENSG00000012983,,ortholog_one2one,88.0447,93.1442
3433693,ENSCAFG00000014460,,ENSG00000198513,,ortholog_one2one,98.3871,98.3871
3433966,ENSCAFG00000014482,,ENSG00000151748,,ortholog_one2one,97.3958,97.6501
3434236,ENSCAFG00000014559,,ENSG00000100503,,ortholog_one2one,85.768,85.6071
3434487,ENSCAFG00000014595,,ENSG00000100504,,ortholog_one2one,92.7586,95.2775
3434745,ENSCAFG00000014594,,ENSG00000131969,,ortholog_one2one,83.3811,80.3867
3435082,ENSCAFG00000014603,,ENSG00000100505,,ortholog_one2one,83.7748,94.6384
3435384,ENSCAFG00000014626,,ENSG00000139921,,ortholog_one2one,92.8058,92.1429
3435666,ENSCAFG00000014633,,ENSG00000139926,,ortholog_one2one,98.5531,98.5531
3435936,ENSCAFG00000031640,,ENSG00000186469,,ortholog_one2one,76.2376,70.0
3436182,ENSCAFG00000014670,,ENSG00000087303,,ortholog_one2one,72.0981,72.7273
3436862,ENSCAFG00000014692,,ENSG00000168229,,ortholog_one2one,81.8436,81.6156
3437019,ENSCAFG00000014701,,ENSG00000125384,,ortholog_one2one,50.7745,82.4022
3437306,ENSCAFG00000014709,,ENSG00000087301,,ortholog_one2one,86.809,83.7576
3437555,ENSCAFG00000014721,,ENSG00000180998,,ortholog_one2one,95.9811,94.6387
3437811,ENSCAFG00000014750,,ENSG00000197930,,ortholog_one2one,96.3675,96.3675
3438073,ENSCAFG00000041100,,ENSG00000100519,,ortholog_one2many,100.0,100.0
3438367,ENSCAFG00000031410,,ENSG00000198252,,ortholog_one2one,96.4126,96.4126
3438673,ENSCAFG00000014826,,ENSG00000100522,,ortholog_one2one,98.913,98.913
3438953,ENSCAFG00000014843,,ENSG00000073712,,ortholog_one2one,94.8195,87.9185
3439219,ENSCAFG00000014871,,ENSG00000100523,,ortholog_one2one,87.8023,92.7778
3439827,ENSCAFG00000014880,,ENSG00000125378,,ortholog_one2one,97.7995,98.0392
3440332,ENSCAFG00000014897,,ENSG00000100526,,ortholog_one2one,91.9811,91.9811
3440583,ENSCAFG00000028645,,ENSG00000197045,,ortholog_one2one,49.2063,82.6667
3440849,ENSCAFG00000031845,,ENSG00000100532,,ortholog_one2one,93.9759,93.9759
3441120,ENSCAFG00000014940,,ENSG00000020577,,ortholog_one2one,96.7967,96.7967
3441378,ENSCAFG00000014965,,ENSG00000131979,,ortholog_one2one,96.7871,96.4
3441638,ENSCAFG00000014989,,ENSG00000198554,,ortholog_one2one,89.8459,87.7768
3441908,ENSCAFG00000015007,,ENSG00000168175,,ortholog_one2one,71.6867,97.1429
3442094,ENSCAFG00000015013,,ENSG00000131981,,ortholog_one2many,71.9064,86.0
3442368,ENSCAFG00000015026,,ENSG00000126787,,ortholog_one2one,75.915,76.0047
3442577,ENSCAFG00000015040,,ENSG00000178974,,ortholog_one2one,79.3734,85.5134
3442811,ENSCAFG00000015046,,ENSG00000126775,,ortholog_one2one,92.3529,95.7317
3443070,ENSCAFG00000015052,,ENSG00000182521,,ortholog_one2one,80.3191,80.5333
3443335,ENSCAFG00000015162,,ENSG00000126777,,ortholog_one2one,84.0462,91.2307
3443587,ENSCAFG00000015193,,ENSG00000147155,,ortholog_one2many,87.2807,86.5217
3443588,ENSCAFG00000015193,,ENSG00000286268,,ortholog_one2many,64.0351,51.2281
3444004,ENSCAFG00000015198,,ENSG00000139946,,ortholog_one2one,64.476,86.4286
3444184,ENSCAFG00000015204,,ENSG00000070269,,ortholog_one2one,90.5233,90.5233
3444442,ENSCAFG00000015216,,ENSG00000165588,,ortholog_one2one,99.308,96.633
3444773,ENSCAFG00000006671,,ENSG00000215472,,ortholog_one2one,77.8378,63.1579
3445093,ENSCAFG00000015237,,ENSG00000070367,,ortholog_one2one,99.1525,98.7342
3445353,ENSCAFG00000015249,,ENSG00000053770,,ortholog_one2one,89.9194,88.4921
3445598,ENSCAFG00000015251,,ENSG00000139977,,ortholog_one2one,92.6829,94.4751
3445859,ENSCAFG00000015253,,ENSG00000100557,,ortholog_one2one,76.7677,67.8571
3445995,ENSCAFG00000015255,,ENSG00000151812,,ortholog_one2one,91.5464,85.2207
3446474,ENSCAFG00000015264,,ENSG00000139971,,ortholog_one2one,74.2268,74.4186
3447270,ENSCAFG00000015269,,ENSG00000131966,,ortholog_one2one,96.4029,96.4029
3447571,ENSCAFG00000015287,,ENSG00000100567,,ortholog_one2one,87.5486,88.2353
3447873,ENSCAFG00000023936,,ENSG00000032219,,ortholog_one2one,92.8795,94.4312
3448142,ENSCAFG00000028857,,ENSG00000196860,,ortholog_one2one,76.3158,76.3158
3448291,ENSCAFG00000049846,,ENSG00000100575,,ortholog_one2one,98.8764,98.8764
3448512,ENSCAFG00000015377,,ENSG00000100578,,ortholog_one2one,77.3879,72.4453
3448724,ENSCAFG00000015431,,ENSG00000165617,,ortholog_one2one,78.9535,81.2201
3448963,ENSCAFG00000015505,,ENSG00000100592,,ortholog_one2one,98.6085,98.6085
3449253,ENSCAFG00000015556,,ENSG00000126790,,ortholog_one2one,86.6295,87.8531
3449474,ENSCAFG00000015564,,ENSG00000050130,,ortholog_one2one,40.2128,58.1538
3449743,ENSCAFG00000015570,,ENSG00000151838,,ortholog_one2one,63.7168,60.8696
3449838,ENSCAFG00000015578,,ENSG00000139970,,ortholog_one2one,82.5175,76.0309
3450115,ENSCAFG00000015585,,ENSG00000131951,,ortholog_one2one,88.2038,88.0857
3450347,ENSCAFG00000015592,,ENSG00000126773,,ortholog_one2one,84.648,85.1536
3450604,ENSCAFG00000015598,,ENSG00000100612,,ortholog_one2one,78.7966,68.9223
3450895,ENSCAFG00000015603,,ENSG00000100614,,ortholog_one2one,92.967,92.967
3451192,ENSCAFG00000015614,,ENSG00000179008,,ortholog_one2one,79.2164,79.2164
3451308,ENSCAFG00000015619,,ENSG00000184302,,ortholog_one2one,98.374,98.374
3451553,ENSCAFG00000029797,,ENSG00000126778,,ortholog_one2one,99.6479,99.6479
3451811,ENSCAFG00000015627,,ENSG00000100625,,ortholog_one2one,90.9204,93.598
3452071,ENSCAFG00000015639,,ENSG00000020426,,ortholog_one2one,75.419,87.3786
3452580,ENSCAFG00000015647,,ENSG00000126814,,ortholog_one2one,84.0404,81.7289
3452835,ENSCAFG00000015656,,ENSG00000139974,,ortholog_one2one,81.3187,71.0173
3453108,ENSCAFG00000015695,,ENSG00000258989,,ortholog_one2many,20.3514,95.8621
3453109,ENSCAFG00000015695,,ENSG00000027075,,ortholog_one2many,97.6574,97.6574
3453400,ENSCAFG00000015709,,ENSG00000132963,,ortholog_one2many,78.1818,60.9929
3453961,ENSCAFG00000015718,,ENSG00000100644,,ortholog_one2one,94.7752,91.7647
3454242,ENSCAFG00000015722,,ENSG00000023608,,ortholog_one2one,87.2,88.8587
3454542,ENSCAFG00000015728,,ENSG00000139973,,ortholog_one2one,88.5271,88.5271
3454976,ENSCAFG00000032548,,ENSG00000140015,,ortholog_one2one,99.0891,99.0891
3455312,ENSCAFG00000015764,,ENSG00000126785,,ortholog_one2one,95.7944,95.7944
3455527,ENSCAFG00000015780,,ENSG00000179600,,ortholog_one2one,78.9474,92.3077
3455773,ENSCAFG00000015787,,ENSG00000154001,,ortholog_one2one,98.3158,100.0
3456048,ENSCAFG00000015791,,ENSG00000140006,,ortholog_one2one,86.8217,86.8217
3456273,ENSCAFG00000032183,,ENSG00000126821,,ortholog_one2one,89.8876,90.7029
3456597,ENSCAFG00000015819,,ENSG00000054654,,ortholog_one2one,81.1531,81.1061
3456990,ENSCAFG00000015846,,ENSG00000140009,,ortholog_one2one,85.9745,89.0566
3457543,ENSCAFG00000015967,,ENSG00000100714,,ortholog_one2one,92.2995,89.5228
3457857,ENSCAFG00000016026,,ENSG00000179841,,ortholog_one2one,75.4673,75.644
3458002,ENSCAFG00000016027,,ENSG00000089775,,ortholog_one2one,94.4828,94.4828
3458277,ENSCAFG00000016030,,ENSG00000126804,,ortholog_one2one,96.7697,96.6339
3458550,ENSCAFG00000016031,,ENSG00000126803,,ortholog_one2one,99.3721,99.061
3458933,ENSCAFG00000016035,,ENSG00000165807,,ortholog_one2one,82.5123,79.3839
3459098,ENSCAFG00000016040,,ENSG00000130520,,ortholog_one2many,73.2877,44.958
3459307,ENSCAFG00000016048,,ENSG00000126822,,ortholog_one2one,73.19,83.7572
3459641,ENSCAFG00000016120,,ENSG00000070182,,ortholog_one2one,91.7455,91.6667
3459920,ENSCAFG00000016181,,ENSG00000257365,,ortholog_one2many,55.919,82.151
3459921,ENSCAFG00000016181,,ENSG00000125954,,ortholog_one2many,66.6667,90.8705
3460179,ENSCAFG00000016165,,ENSG00000176153,,ortholog_one2one,97.8836,97.3684
3460427,ENSCAFG00000016170,,ENSG00000139998,,ortholog_one2one,98.1928,66.2602
3460774,ENSCAFG00000016212,,ENSG00000125952,,ortholog_one2one,100.0,100.0
3461201,ENSCAFG00000016231,,ENSG00000033170,,ortholog_one2one,98.087,98.087
3461748,ENSCAFG00000016275,,ENSG00000196553,,ortholog_one2one,63.4503,73.064
3461848,ENSCAFG00000016305,,ENSG00000171723,,ortholog_one2one,95.5224,98.2097
3462326,ENSCAFG00000016336,,ENSG00000172717,,ortholog_one2one,72.5191,67.5355
3462476,ENSCAFG00000016353,,ENSG00000072415,,ortholog_one2one,98.2222,98.2222
3462819,ENSCAFG00000016394,,ENSG00000100558,,ortholog_one2one,74.8858,92.9178
3463073,ENSCAFG00000016369,,ENSG00000100554,,ortholog_one2one,63.8961,99.5951
3463362,ENSCAFG00000016386,,ENSG00000134001,,ortholog_one2one,99.0476,99.0476
3463639,ENSCAFG00000016401,,ENSG00000198133,,ortholog_one2one,97.619,98.2036
3463872,ENSCAFG00000016410,,ENSG00000054690,,ortholog_one2one,86.9598,85.5572
3464117,ENSCAFG00000016423,,ENSG00000100564,,ortholog_one2one,97.3262,96.8085
3464367,ENSCAFG00000016428,,ENSG00000081181,,ortholog_one2one,80.9896,87.8531
3464625,ENSCAFG00000016442,,ENSG00000072042,,ortholog_one2many,50.6024,66.0377
3464626,ENSCAFG00000016442,,ENSG00000258466,,ortholog_one2many,14.2169,50.0
3464893,ENSCAFG00000016446,,ENSG00000139988,,ortholog_one2one,93.1818,90.8228
3465020,ENSCAFG00000016464,,ENSG00000072121,,ortholog_one2one,85.8934,85.8262
3465264,ENSCAFG00000016485,,ENSG00000182185,,ortholog_one2one,90.0,74.1176
3465485,ENSCAFG00000016497,,ENSG00000185650,,ortholog_one2one,98.2249,98.2249
3465776,ENSCAFG00000016534,,ENSG00000072110,,ortholog_one2one,90.795,93.3333
3466069,ENSCAFG00000016552,,ENSG00000139990,,ortholog_one2one,94.0866,94.586
3466337,ENSCAFG00000016557,,ENSG00000081177,,ortholog_one2one,75.0349,86.6345
3466600,ENSCAFG00000032389,,ENSG00000100632,,ortholog_one2one,100.0,100.0
3466940,ENSCAFG00000016572,,ENSG00000029364,,ortholog_one2one,80.3681,85.342
3467193,ENSCAFG00000023745,,ENSG00000175985,,ortholog_one2one,97.5,92.4901
3467436,ENSCAFG00000016579,,ENSG00000267909,,ortholog_one2one,91.773,91.5134
3467519,ENSCAFG00000016582,,ENSG00000100647,,ortholog_one2one,92.4092,92.4092
3467860,ENSCAFG00000016589,,ENSG00000100650,,ortholog_one2one,99.2647,99.2647
3468129,ENSCAFG00000016597,,ENSG00000100652,,ortholog_one2one,76.2755,85.6734
3468435,ENSCAFG00000016602,,ENSG00000198732,,ortholog_one2one,93.3775,97.2414
3468689,ENSCAFG00000023919,,ENSG00000100678,,ortholog_one2one,93.054,91.0464
3469211,ENSCAFG00000028922,,ENSG00000133983,,ortholog_one2one,84.9057,84.9057
3469439,ENSCAFG00000016620,,ENSG00000213463,,ortholog_one2one,93.1034,93.1034
3470294,ENSCAFG00000030643,,ENSG00000170917,,ortholog_one2many,80.6818,44.9367
3470600,ENSCAFG00000016663,,ENSG00000139985,,ortholog_one2one,76.217,75.9003
3470708,ENSCAFG00000016666,,ENSG00000134007,,ortholog_one2one,68.643,67.1392
3470927,ENSCAFG00000016675,,ENSG00000133997,,ortholog_one2one,94.9416,94.9416
3471186,ENSCAFG00000025153,,ENSG00000133985,,ortholog_one2one,87.156,85.5856
3471429,ENSCAFG00000016679,,ENSG00000006432,,ortholog_one2one,93.3788,85.7782
3471702,ENSCAFG00000016702,,ENSG00000100731,,ortholog_one2one,93.1389,92.7809
3471963,ENSCAFG00000016732,,ENSG00000197555,,ortholog_one2one,96.9546,97.0621
3472802,ENSCAFG00000016763,,ENSG00000182732,,ortholog_one2one,65.1568,69.3878
3473438,ENSCAFG00000016783,,ENSG00000205683,,ortholog_one2one,48.5651,53.3981
3473713,ENSCAFG00000016792,,ENSG00000119599,,ortholog_one2many,86.4919,86.6667
3473842,ENSCAFG00000016802,,ENSG00000165861,,ortholog_one2one,96.3198,96.1977
3474164,ENSCAFG00000016809,,ENSG00000119707,,ortholog_one2one,99.8745,94.4247
3474503,ENSCAFG00000016815,,ENSG00000080815,,ortholog_one2one,93.9914,93.7902
3475058,ENSCAFG00000016823,,ENSG00000100767,,ortholog_one2many,70.2439,56.338
3475399,ENSCAFG00000016834,,ENSG00000133961,,ortholog_one2one,86.3071,95.8525
3475885,ENSCAFG00000016840,,ENSG00000187105,,ortholog_one2one,76.5174,74.9513
3476023,ENSCAFG00000016842,,ENSG00000170468,,ortholog_one2one,83.8095,82.3713
3476244,ENSCAFG00000023467,,ENSG00000205669,,ortholog_one2one,70.5628,77.4347
3476416,ENSCAFG00000016858,,ENSG00000119661,,ortholog_one2one,86.1244,94.7368
3476647,ENSCAFG00000016861,,ENSG00000176903,,ortholog_one2one,96.6006,96.6006
3476747,ENSCAFG00000016864,,ENSG00000156030,,ortholog_one2one,91.4932,91.9927
3477069,ENSCAFG00000016869,,ENSG00000258653,,ortholog_one2many,47.3282,86.4111
3477070,ENSCAFG00000016869,,ENSG00000140043,,ortholog_one2many,59.1603,88.3191
3477344,ENSCAFG00000016876,,ENSG00000119725,,ortholog_one2one,91.2698,89.1473
3477634,ENSCAFG00000016879,,ENSG00000156050,,ortholog_one2one,77.5039,70.8451
3477862,ENSCAFG00000016885,,ENSG00000119723,,ortholog_one2one,91.8977,92.094
3478112,ENSCAFG00000025238,,ENSG00000187097,,ortholog_one2one,85.6164,87.6168
3478435,ENSCAFG00000016891,,ENSG00000119636,,ortholog_one2one,83.4586,83.9319
3478663,ENSCAFG00000016901,,ENSG00000119711,,ortholog_one2one,94.4751,95.8878
3478988,ENSCAFG00000044256,,ENSG00000205659,,ortholog_one2one,100.0,100.0
3479252,ENSCAFG00000016913,,ENSG00000119614,,ortholog_one2one,96.1219,96.1219
3479580,ENSCAFG00000016923,,ENSG00000119688,,ortholog_one2one,75.8876,84.6535
3479846,ENSCAFG00000016930,,ENSG00000133980,,ortholog_one2one,79.7737,80.3419
3480067,ENSCAFG00000016931,,ENSG00000183379,,ortholog_one2one,87.0293,87.395
3480373,ENSCAFG00000016932,,ENSG00000119655,,ortholog_one2many,45.1613,50.6787
3480641,ENSCAFG00000049281,,ENSG00000165898,,ortholog_one2one,88.3117,88.3117
3480894,ENSCAFG00000016948,,ENSG00000119681,,ortholog_one2one,86.5162,86.3262
3481073,ENSCAFG00000016962,,ENSG00000119682,,ortholog_one2one,97.9823,94.4107
3481542,ENSCAFG00000016981,,ENSG00000119596,,ortholog_one2one,95.5793,95.713
3482148,ENSCAFG00000016985,,ENSG00000119608,,ortholog_one2one,76.4865,47.8041
3482463,ENSCAFG00000016989,,ENSG00000119689,,ortholog_one2one,63.0368,90.7285
3482783,ENSCAFG00000016994,,ENSG00000198208,,ortholog_one2one,68.4292,80.1457
3483034,ENSCAFG00000016995,,ENSG00000119630,,ortholog_one2one,53.9906,52.0362
3483307,ENSCAFG00000016998,,ENSG00000119718,,ortholog_one2one,79.2857,94.8718
3483569,ENSCAFG00000017012,,ENSG00000119684,,ortholog_one2one,69.055,76.9443
3483846,ENSCAFG00000042895,,ENSG00000119640,,ortholog_one2many,82.4427,83.7209
3484083,ENSCAFG00000017024,,ENSG00000119703,,ortholog_one2one,64.0832,74.3421
3484272,ENSCAFG00000017028,,ENSG00000119638,,ortholog_one2one,85.8654,90.111
3484588,ENSCAFG00000017040,,ENSG00000170345,,ortholog_one2one,97.1053,97.1053
3484845,ENSCAFG00000017042,,ENSG00000156127,,ortholog_one2one,33.7989,96.8
3485105,ENSCAFG00000017048,,ENSG00000119686,,ortholog_one2one,63.662,85.9316
3485489,ENSCAFG00000017054,,ENSG00000133935,,ortholog_one2one,95.7143,95.7143
3485739,ENSCAFG00000017077,,ENSG00000119685,,ortholog_one2one,88.5135,92.0375
3485839,ENSCAFG00000017101,,ENSG00000119699,,ortholog_one2one,88.4026,98.0583
3486176,ENSCAFG00000017116,,ENSG00000119650,,ortholog_one2one,71.09,70.4225
3486401,ENSCAFG00000017128,,ENSG00000089916,,ortholog_one2one,94.7808,94.1909
3486635,ENSCAFG00000017141,,ENSG00000119715,,ortholog_one2one,83.0409,83.8583
3487202,ENSCAFG00000017144,,ENSG00000071246,,ortholog_one2one,87.7984,90.6849
3487448,ENSCAFG00000017147,,ENSG00000013523,,ortholog_one2one,78.8991,89.8507
3487708,ENSCAFG00000017152,,ENSG00000100565,,ortholog_one2one,73.9754,73.9754
3487979,ENSCAFG00000032369,,ENSG00000177108,,ortholog_one2one,89.1791,90.8745
3488242,ENSCAFG00000017161,,ENSG00000198894,,ortholog_one2one,93.7343,93.7343
3488543,ENSCAFG00000017166,,ENSG00000165548,,ortholog_one2one,84.9502,84.7395
3488796,ENSCAFG00000017168,,ENSG00000165553,,ortholog_one2one,80.9211,81.457
3489029,ENSCAFG00000017178,,ENSG00000009830,,ortholog_one2one,83.0488,90.8
3489283,ENSCAFG00000017185,,ENSG00000100577,,ortholog_one2one,85.7143,85.7143
3489552,ENSCAFG00000017191,,ENSG00000100580,,ortholog_one2one,82.3529,81.8462
3489791,ENSCAFG00000017196,,ENSG00000100583,,ortholog_one2one,77.2727,10.089
3490000,ENSCAFG00000017198,,ENSG00000165555,,ortholog_one2one,74.0947,74.0947
3490463,ENSCAFG00000017204,,ENSG00000151445,,ortholog_one2one,88.716,87.8613
3490718,ENSCAFG00000017215,,ENSG00000100591,,ortholog_one2one,97.3373,97.3373
3491038,ENSCAFG00000017222,,ENSG00000100596,,ortholog_one2one,34.918,37.9004
3491374,ENSCAFG00000017229,,ENSG00000100601,,ortholog_one2one,87.4036,87.4036
3491633,ENSCAFG00000017230,,ENSG00000119705,,ortholog_one2one,56.1538,58.871
3491852,ENSCAFG00000030409,,ENSG00000100603,,ortholog_one2one,89.7388,84.2382
3492141,ENSCAFG00000017246,,ENSG00000063761,,ortholog_one2one,85.5596,90.631
3492399,ENSCAFG00000030472,,ENSG00000021645,,ortholog_one2one,91.8182,96.4354
3493053,ENSCAFG00000032243,,ENSG00000211448,,ortholog_one2one,92.4242,44.6886
3493627,ENSCAFG00000017293,,ENSG00000100629,,ortholog_one2one,79.6902,84.6435
3493862,ENSCAFG00000017302,,ENSG00000165409,,ortholog_one2one,89.5288,89.5288
3494172,ENSCAFG00000017305,,ENSG00000165417,,ortholog_one2one,92.3469,96.2766
3494436,ENSCAFG00000017308,,ENSG00000140022,,ortholog_one2one,88.7043,81.9857
3494638,ENSCAFG00000017315,,ENSG00000071537,,ortholog_one2one,94.7497,97.733
3495338,ENSCAFG00000017329,,ENSG00000185070,,ortholog_one2one,96.5152,96.5152
3495660,ENSCAFG00000017337,,ENSG00000054983,,ortholog_one2one,81.8578,82.3358
3495946,ENSCAFG00000017339,,ENSG00000136819,,ortholog_one2many,80.0,58.1315
3496193,ENSCAFG00000017342,,ENSG00000140030,,ortholog_one2one,82.9912,83.9763
3496432,ENSCAFG00000017343,,ENSG00000100433,,ortholog_one2one,95.3532,94.4751
3496774,ENSCAFG00000017354,,ENSG00000042317,,ortholog_one2one,78.9916,78.4641
3497007,ENSCAFG00000017377,,ENSG00000070778,,ortholog_one2one,89.7436,89.4378
3497304,ENSCAFG00000017415,,ENSG00000100722,,ortholog_one2one,94.7011,94.7011
3497571,ENSCAFG00000017458,,ENSG00000165521,,ortholog_one2one,96.8134,96.8134
3497831,ENSCAFG00000017478,,ENSG00000165533,,ortholog_one2one,94.1748,91.3371
3498120,ENSCAFG00000017486,,ENSG00000053254,,ortholog_one2many,94.0574,93.6735
3498392,ENSCAFG00000031111,,ENSG00000140025,,ortholog_one2one,43.4263,66.8712
3498563,ENSCAFG00000017500,,ENSG00000042088,,ortholog_one2one,79.4992,83.5526
3498825,ENSCAFG00000032734,,ENSG00000152315,,ortholog_one2one,88.0779,88.7255
3499140,ENSCAFG00000017510,,ENSG00000100764,,ortholog_one2many,100.0,100.0
3499484,ENSCAFG00000017515,,ENSG00000119720,,ortholog_one2one,83.6735,81.0137
3499726,ENSCAFG00000017516,,ENSG00000198668,,ortholog_one2many,72.1925,90.604
3499931,ENSCAFG00000017525,,ENSG00000165914,,ortholog_one2one,89.8053,93.0012
3500203,ENSCAFG00000017543,,ENSG00000100784,,ortholog_one2one,95.2081,94.1396
3500473,ENSCAFG00000017555,,ENSG00000119714,,ortholog_one2one,87.2222,86.0274
3500724,ENSCAFG00000049086,,ENSG00000015133,,ortholog_one2many,78.6127,13.4122
3501038,ENSCAFG00000017561,,ENSG00000015133,,ortholog_one2many,82.6271,48.0769
3501353,ENSCAFG00000047676,,ENSG00000015133,,ortholog_one2many,90.7216,4.33925
3501671,ENSCAFG00000017570,,ENSG00000100796,,ortholog_one2one,99.2797,99.2797
3501936,ENSCAFG00000017588,,ENSG00000153485,,ortholog_one2one,96.9325,96.9325
3502180,ENSCAFG00000032108,,ENSG00000170270,,ortholog_one2one,77.0,77.0
3502290,ENSCAFG00000017591,,ENSG00000259066,,ortholog_one2many,24.0,61.4458
3502291,ENSCAFG00000017591,,ENSG00000012963,,ortholog_one2many,91.5294,91.5294
3502600,ENSCAFG00000017600,,ENSG00000011114,,ortholog_one2one,96.4476,95.9364
3503195,ENSCAFG00000017606,,ENSG00000133958,,ortholog_one2one,96.9365,96.4622
3504027,ENSCAFG00000032722,,ENSG00000175785,,ortholog_one2one,92.1569,92.1569
3504232,ENSCAFG00000017609,,ENSG00000140067,,ortholog_one2one,79.4643,75.4237
3504329,ENSCAFG00000017612,,ENSG00000100628,,ortholog_one2one,88.0952,87.4016
3504711,ENSCAFG00000017617,,ENSG00000175699,,ortholog_one2one,52.6667,58.0882
3504781,ENSCAFG00000017619,,ENSG00000089723,,ortholog_one2one,55.1929,79.4872
3504962,ENSCAFG00000017624,,ENSG00000089737,,ortholog_one2one,77.5028,80.2095
3505346,ENSCAFG00000017636,,ENSG00000119698,,ortholog_one2one,96.5228,92.2108
3505878,ENSCAFG00000024668,,ENSG00000186910,,ortholog_one2one,80.5687,80.5687
3506133,ENSCAFG00000017646,,ENSG00000197249,,ortholog_one2many,72.6841,73.2057
3506134,ENSCAFG00000017646,,ENSG00000258597,,ortholog_one2many,40.8551,55.4839
3506390,ENSCAFG00000024137,,ENSG00000170054,,ortholog_one2one,72.2488,69.4253
3506492,ENSCAFG00000017661,,ENSG00000165953,,ortholog_one2one,66.4251,66.4251
3506619,ENSCAFG00000023610,,ENSG00000100665,,ortholog_one2one,71.734,70.726
3506998,ENSCAFG00000029000,,ENSG00000188488,,ortholog_one2one,57.5639,72.1675
3507131,ENSCAFG00000017675,,ENSG00000196136,,ortholog_one2one,63.9151,64.0662
3507382,ENSCAFG00000017684,,ENSG00000133937,,ortholog_one2one,34.1202,61.8677
3507659,ENSCAFG00000017701,,ENSG00000100697,,ortholog_one2one,95.5897,96.9823
3507915,ENSCAFG00000017709,,ENSG00000165959,,ortholog_one2one,69.4207,72.9541
3508186,ENSCAFG00000017714,,ENSG00000176438,,ortholog_one2one,77.957,74.359
3508453,ENSCAFG00000043952,,ENSG00000213231,,ortholog_one2one,57.8125,57.8125
3508591,ENSCAFG00000017719,,ENSG00000100721,,ortholog_one2one,66.6667,31.5789
3508751,ENSCAFG00000041052,,ENSG00000227051,,ortholog_one2one,93.9759,68.4211
3509340,ENSCAFG00000029786,,ENSG00000168398,,ortholog_one2one,80.3571,80.5627
3509807,ENSCAFG00000017729,,ENSG00000066739,,ortholog_one2one,93.8854,93.8402
3510074,ENSCAFG00000017735,,ENSG00000100744,,ortholog_one2one,93.4307,92.0863
3510331,ENSCAFG00000017744,,ENSG00000140057,,ortholog_one2one,87.2576,87.1369
3510658,ENSCAFG00000017783,,ENSG00000090060,,ortholog_one2one,97.0628,97.5839
3510906,ENSCAFG00000017802,,ENSG00000100749,,ortholog_one2one,85.2029,90.1515
3511439,ENSCAFG00000017809,,ENSG00000127152,,ortholog_one2one,95.2017,97.651
3511702,ENSCAFG00000017821,,ENSG00000183576,,ortholog_one2one,85.12,89.5623
3511970,ENSCAFG00000017831,,ENSG00000090061,,ortholog_one2one,93.4037,61.0345
3512202,ENSCAFG00000028971,,ENSG00000205476,,ortholog_one2one,100.0,15.2745
3512523,ENSCAFG00000017838,,ENSG00000036530,,ortholog_one2one,59.5973,88.8
3512847,ENSCAFG00000017867,,ENSG00000066629,,ortholog_one2one,79.9342,86.7857
3513126,ENSCAFG00000017889,,ENSG00000196405,,ortholog_one2one,44.8029,89.7129
3513467,ENSCAFG00000017891,,ENSG00000168350,,ortholog_one2one,54.6875,86.6873
3513716,ENSCAFG00000017894,,ENSG00000100811,,ortholog_one2one,99.2683,98.3092
3514057,ENSCAFG00000030764,,ENSG00000197119,,ortholog_one2one,77.3585,81.1881
3514409,ENSCAFG00000017900,,ENSG00000140107,,ortholog_one2one,86.6013,86.039
3514700,ENSCAFG00000017906,,ENSG00000140105,,ortholog_one2one,91.4938,93.6306
3514954,ENSCAFG00000017915,,ENSG00000176473,,ortholog_one2one,80.1484,79.4118
3515197,ENSCAFG00000017919,,ENSG00000183092,,ortholog_one2one,68.5446,71.9212
3515356,ENSCAFG00000017925,,ENSG00000185559,,ortholog_one2one,87.4674,87.4674
3515613,ENSCAFG00000017929,,ENSG00000254656,,ortholog_one2one,75.2042,74.595
3515842,ENSCAFG00000017948,,ENSG00000078304,,ortholog_one2one,89.6673,92.2523
3516108,ENSCAFG00000017986,,ENSG00000197102,,ortholog_one2one,99.2253,99.2467
3516481,ENSCAFG00000018036,,ENSG00000080824,,ortholog_one2one,94.6494,60.0703
3516696,ENSCAFG00000018041,,ENSG00000140153,,ortholog_one2one,88.296,83.8235
3517036,ENSCAFG00000018043,,ENSG00000080823,,ortholog_one2one,83.9713,83.7709
3517264,ENSCAFG00000018049,,ENSG00000022976,,ortholog_one2one,55.2291,50.7012
3517484,ENSCAFG00000032274,,ENSG00000100865,,ortholog_one2one,71.7489,70.4846
3517747,ENSCAFG00000018054,,ENSG00000196663,,ortholog_one2one,86.0383,86.0383
3518026,ENSCAFG00000018059,,ENSG00000156381,,ortholog_one2one,66.8998,90.5363
3518227,ENSCAFG00000018067,,ENSG00000089902,,ortholog_one2one,86.5526,72.9897
3518485,ENSCAFG00000018075,,ENSG00000131323,,ortholog_one2one,96.1268,96.1268
3518667,ENSCAFG00000018159,,ENSG00000198752,,ortholog_one2one,89.5522,91.1748
3518931,ENSCAFG00000040681,,ENSG00000283071,,ortholog_one2one,43.75,64.8148
3518992,ENSCAFG00000018184,,ENSG00000205436,,ortholog_one2one,73.007,72.2992
3519217,ENSCAFG00000018188,,ENSG00000185215,,ortholog_one2one,57.236,67.1254
3519545,ENSCAFG00000018257,,ENSG00000075413,,ortholog_one2one,96.5304,97.8643
3519895,ENSCAFG00000018277,,ENSG00000166165,,ortholog_one2many,65.0831,71.916
3520215,ENSCAFG00000029557,,ENSG00000166166,,ortholog_one2one,94.8097,94.8097
3520464,ENSCAFG00000030884,,ENSG00000256053,,ortholog_one2one,69.0355,66.0194
3520691,ENSCAFG00000018279,,ENSG00000166170,,ortholog_one2one,96.2719,89.959
3520947,ENSCAFG00000018285,,ENSG00000126214,,ortholog_one2one,94.487,96.5571
3521212,ENSCAFG00000018290,,ENSG00000126215,,ortholog_one2one,72.4928,73.1214
3521461,ENSCAFG00000018292,,ENSG00000100711,,ortholog_one2one,86.5079,86.5079
3521706,ENSCAFG00000018300,,ENSG00000088808,,ortholog_one2one,86.7761,92.1101
3522075,ENSCAFG00000018311,,ENSG00000156414,,ortholog_one2one,88.4731,85.5282
3522326,ENSCAFG00000029769,,ENSG00000227729,,ortholog_one2one,86.8687,86.8687
3522531,ENSCAFG00000018317,,ENSG00000166183,,ortholog_one2one,35.4535,52.5305
3522788,ENSCAFG00000018325,,ENSG00000066735,,ortholog_one2one,79.0556,75.6111
3523116,ENSCAFG00000018327,,ENSG00000184601,,ortholog_one2one,43.6709,38.9831
3523202,ENSCAFG00000018329,,ENSG00000258986,,ortholog_one2one,92.6606,86.6953
3523455,ENSCAFG00000049761,,ENSG00000203485,,ortholog_one2many,46.1053,17.096
3523820,ENSCAFG00000018333,,ENSG00000203485,,ortholog_one2many,70.61,29.8205
3524180,ENSCAFG00000018342,,ENSG00000185100,,ortholog_one2one,70.8861,67.2
3524446,ENSCAFG00000047800,,ENSG00000184990,,ortholog_one2one,74.8571,74.8571
3524669,ENSCAFG00000018354,,ENSG00000142208,,ortholog_one2one,96.875,96.875
3524933,ENSCAFG00000018386,,ENSG00000166428,,ortholog_one2one,78.9474,11.6959
3525163,ENSCAFG00000031672,,ENSG00000140104,,ortholog_one2one,42.3453,40.0
3525395,ENSCAFG00000018398,,ENSG00000170779,,ortholog_one2one,65.0735,73.444
3525736,ENSCAFG00000018401,,ENSG00000184916,,ortholog_one2one,77.7093,71.2439
3526212,ENSCAFG00000018404,,ENSG00000183828,,ortholog_one2one,59.9315,78.8288
3526449,ENSCAFG00000018408,,ENSG00000185024,,ortholog_one2one,89.5935,81.3885
3526833,ENSCAFG00000018413,,ENSG00000184887,,ortholog_one2one,94.8781,80.2062
3527159,ENSCAFG00000018417,,ENSG00000179364,,ortholog_one2one,91.3288,89.7124
3527450,ENSCAFG00000031107,,ENSG00000226174,,ortholog_one2one,53.1034,51.3333
3527597,ENSCAFG00000018438,,ENSG00000182809,,ortholog_one2one,18.4175,47.8723
3527899,ENSCAFG00000018440,,ENSG00000257341,,ortholog_one2many,97.4026,97.4026
3527900,ENSCAFG00000018440,,ENSG00000213145,,ortholog_one2many,97.4026,97.4026
3528070,ENSCAFG00000018445,,ENSG00000185347,,ortholog_one2one,65.7025,32.1212
3528213,ENSCAFG00000023986,,ENSG00000184986,,ortholog_one2one,48.8114,96.5517
3528463,ENSCAFG00000032358,,ENSG00000211895,,ortholog_one2many,49.8525,42.4623
3528464,ENSCAFG00000032358,,ENSG00000211890,,ortholog_one2many,49.8525,43.2225
3528565,ENSCAFG00000018448,,ENSG00000211891,,ortholog_one2one,45.6914,46.1538
3528686,ENSCAFG00000030258,,ENSG00000211897,,ortholog_one2many,48.7342,51.7937
3528687,ENSCAFG00000030258,,ENSG00000211892,,ortholog_one2many,49.1561,58.8384
3528688,ENSCAFG00000030258,,ENSG00000211896,,ortholog_one2many,49.3671,58.6466
3528689,ENSCAFG00000030258,,ENSG00000211893,,ortholog_one2many,48.7342,58.481
3529151,ENSCAFG00000041946,,ENSG00000211899,,ortholog_one2one,64.1237,65.6118
3529440,ENSCAFG00000046771,,ENSG00000211956,,ortholog_one2many,35.9606,59.3496
3529441,ENSCAFG00000046771,,ENSG00000211970,,ortholog_one2many,39.9015,68.6441
3529442,ENSCAFG00000046771,,ENSG00000276775,,ortholog_one2many,36.9458,64.1026
3529443,ENSCAFG00000046771,,ENSG00000231475,,ortholog_one2many,38.4236,66.1017
3529444,ENSCAFG00000046771,,ENSG00000275063,,ortholog_one2many,37.931,65.812
3529445,ENSCAFG00000046771,,ENSG00000224373,,ortholog_one2many,38.9163,68.1034
3529446,ENSCAFG00000046771,,ENSG00000211959,,ortholog_one2many,38.9163,63.2
3529447,ENSCAFG00000046771,,ENSG00000211952,,ortholog_one2many,36.9458,64.1026
3530266,ENSCAFG00000047346,,ENSG00000254167,,ortholog_many2many,55.7692,56.8627
3530267,ENSCAFG00000047346,,ENSG00000211938,,ortholog_many2many,77.8846,69.2308
3530390,ENSCAFG00000045676,,ENSG00000254167,,ortholog_many2many,53.9216,53.9216
3530391,ENSCAFG00000045676,,ENSG00000211938,,ortholog_many2many,79.4118,69.2308
3530513,ENSCAFG00000045674,,ENSG00000211944,,ortholog_one2many,33.3333,39.3162
3530514,ENSCAFG00000045674,,ENSG00000211957,,ortholog_one2many,39.1304,46.1538
3530515,ENSCAFG00000045674,,ENSG00000277836,,ortholog_one2many,38.4058,55.2083
3530575,ENSCAFG00000030900,,ENSG00000254167,,ortholog_many2many,49.0566,50.9804
3530576,ENSCAFG00000030900,,ENSG00000211938,,ortholog_many2many,72.6415,65.812
3530703,ENSCAFG00000043408,,ENSG00000254167,,ortholog_many2many,53.8462,54.902
3530704,ENSCAFG00000043408,,ENSG00000211938,,ortholog_many2many,75.9615,67.5214
3530837,ENSCAFG00000044868,,ENSG00000281990,,ortholog_many2many,75.7143,45.2991
3530838,ENSCAFG00000044868,,ENSG00000211950,,ortholog_many2many,74.2857,44.4444
3531207,ENSCAFG00000030894,,ENSG00000254167,,ortholog_many2many,40.5594,56.8627
3531208,ENSCAFG00000030894,,ENSG00000211938,,ortholog_many2many,65.7343,80.3419
3531338,ENSCAFG00000041353,,ENSG00000254167,,ortholog_many2many,36.6667,53.9216
3531339,ENSCAFG00000041353,,ENSG00000211938,,ortholog_many2many,61.3333,78.6325
3531469,ENSCAFG00000041509,,ENSG00000254167,,ortholog_many2many,47.2222,33.3333
3531470,ENSCAFG00000041509,,ENSG00000211938,,ortholog_many2many,73.6111,45.2991
3531602,ENSCAFG00000028509,,ENSG00000254167,,ortholog_many2many,39.3333,57.8431
3531603,ENSCAFG00000028509,,ENSG00000211938,,ortholog_many2many,64.6667,82.906
3531736,ENSCAFG00000044663,,ENSG00000254167,,ortholog_many2many,20.9581,34.3137
3531737,ENSCAFG00000044663,,ENSG00000211938,,ortholog_many2many,34.7305,49.5727
3531876,ENSCAFG00000045759,,ENSG00000281990,,ortholog_many2many,63.9706,74.359
3531877,ENSCAFG00000045759,,ENSG00000211950,,ortholog_many2many,63.9706,74.359
3532254,ENSCAFG00000045835,,ENSG00000254167,,ortholog_many2many,53.9216,53.9216
3532255,ENSCAFG00000045835,,ENSG00000211938,,ortholog_many2many,79.4118,69.2308
3532392,ENSCAFG00000045680,,ENSG00000254167,,ortholog_many2many,54.8077,55.8824
3532393,ENSCAFG00000045680,,ENSG00000211938,,ortholog_many2many,77.8846,69.2308
3532533,ENSCAFG00000047549,,ENSG00000254167,,ortholog_many2many,48.2456,53.9216
3532534,ENSCAFG00000047549,,ENSG00000211938,,ortholog_many2many,69.2982,67.5214
3532672,ENSCAFG00000044861,,ENSG00000254167,,ortholog_many2many,36.6667,53.9216
3532673,ENSCAFG00000044861,,ENSG00000211938,,ortholog_many2many,61.3333,78.6325
3532812,ENSCAFG00000049081,,ENSG00000254167,,ortholog_many2many,38.4106,56.8627
3532813,ENSCAFG00000049081,,ENSG00000211938,,ortholog_many2many,60.9272,78.6325
3532953,ENSCAFG00000043363,,ENSG00000254167,,ortholog_many2many,49.0566,50.9804
3532954,ENSCAFG00000043363,,ENSG00000211938,,ortholog_many2many,72.6415,65.812
3533096,ENSCAFG00000045461,,ENSG00000254167,,ortholog_many2many,40.9722,57.8431
3533097,ENSCAFG00000045461,,ENSG00000211938,,ortholog_many2many,54.8611,67.5214
3533237,ENSCAFG00000046465,,ENSG00000254167,,ortholog_many2many,49.1228,54.902
3533238,ENSCAFG00000046465,,ENSG00000211938,,ortholog_many2many,69.2982,67.5214
3533381,ENSCAFG00000045080,,ENSG00000254167,,ortholog_many2many,38.7324,53.9216
3533382,ENSCAFG00000045080,,ENSG00000211938,,ortholog_many2many,63.3803,76.9231
3533526,ENSCAFG00000044771,,ENSG00000254167,,ortholog_many2many,55.8824,55.8824
3533527,ENSCAFG00000044771,,ENSG00000211938,,ortholog_many2many,80.3922,70.0855
3533673,ENSCAFG00000043645,,ENSG00000254167,,ortholog_many2many,36.6667,53.9216
3533674,ENSCAFG00000043645,,ENSG00000211938,,ortholog_many2many,62.6667,80.3419
3533821,ENSCAFG00000049690,,ENSG00000254167,,ortholog_many2many,46.6667,48.0392
3533822,ENSCAFG00000049690,,ENSG00000211938,,ortholog_many2many,64.7619,58.1197
3533969,ENSCAFG00000043189,,ENSG00000254167,,ortholog_many2many,53.9216,53.9216
3533970,ENSCAFG00000043189,,ENSG00000211938,,ortholog_many2many,79.4118,69.2308
3583741,ENSCAFG00000015156,,ENSG00000147853,,ortholog_one2many,93.8326,93.8326
3594260,ENSCAFG00000029003,,ENSG00000066044,,ortholog_one2many,98.6487,89.5705
3632730,ENSCAFG00000049130,,ENSG00000243489,,ortholog_many2many,38.4106,19.4631
3632731,ENSCAFG00000049130,,ENSG00000215454,,ortholog_many2many,35.0993,13.217
3632887,ENSCAFG00000042383,,ENSG00000243489,,ortholog_many2many,38.4106,19.4631
3632888,ENSCAFG00000042383,,ENSG00000215454,,ortholog_many2many,35.0993,13.217
3633045,ENSCAFG00000044390,,ENSG00000243489,,ortholog_many2many,38.8489,18.1208
3633046,ENSCAFG00000044390,,ENSG00000215454,,ortholog_many2many,37.4101,12.9676
3633205,ENSCAFG00000043369,,ENSG00000243489,,ortholog_many2many,38.8489,18.1208
3633206,ENSCAFG00000043369,,ENSG00000215454,,ortholog_many2many,37.4101,12.9676
3644699,ENSCAFG00000049002,,ENSG00000132963,,ortholog_one2many,90.8451,91.4894
3652476,ENSCAFG00000004690,,ENSG00000161960,,ortholog_one2one,100.0,100.0
3686144,ENSCAFG00000017738,,ENSG00000100216,,ortholog_one2many,90.7143,89.4366
3686644,ENSCAFG00000017742,,ENSG00000204220,,ortholog_one2many,99.0291,79.0698
3688187,ENSCAFG00000017793,,ENSG00000129204,,ortholog_one2many,57.9874,65.5761
3700769,ENSCAFG00000018462,,ENSG00000181481,,ortholog_one2one,70.1493,65.2778
3700864,ENSCAFG00000018466,,ENSG00000184060,,ortholog_one2one,89.1473,89.1473
3701180,ENSCAFG00000018475,,ENSG00000172171,,ortholog_one2one,75.8333,75.8333
3701379,ENSCAFG00000018481,,ENSG00000176208,,ortholog_one2one,79.2329,78.4165
3701680,ENSCAFG00000018492,,ENSG00000176390,,ortholog_one2one,96.347,95.4751
3702993,ENSCAFG00000018592,,ENSG00000196712,,ortholog_one2one,98.9583,97.0412
3703580,ENSCAFG00000029405,,ENSG00000126860,,ortholog_one2many,73.5931,65.6371
3703581,ENSCAFG00000029405,,ENSG00000265118,,ortholog_one2many,54.1126,73.0994
3703733,ENSCAFG00000018623,,ENSG00000185862,,ortholog_one2one,74.5614,75.8929
3703845,ENSCAFG00000018624,,ENSG00000126861,,ortholog_one2one,95.9091,95.9091
3704159,ENSCAFG00000018629,,ENSG00000109046,,ortholog_one2one,98.8124,98.8124
3704428,ENSCAFG00000018638,,ENSG00000141068,,ortholog_one2one,93.2112,93.2112
3704789,ENSCAFG00000018641,,ENSG00000168961,,ortholog_one2many,63.5389,66.7606
3704790,ENSCAFG00000018641,,ENSG00000170298,,ortholog_one2many,62.4665,65.4494
3704791,ENSCAFG00000018641,,ENSG00000171916,,ortholog_one2many,62.4665,65.4494
3705191,ENSCAFG00000018642,,ENSG00000007171,,ortholog_one2one,86.344,86.6435
3705397,ENSCAFG00000030679,,ENSG00000232859,,ortholog_one2many,83.7209,78.2609
3705398,ENSCAFG00000030679,,ENSG00000266202,,ortholog_one2many,84.8837,45.9119
3705623,ENSCAFG00000018650,,ENSG00000087095,,ortholog_one2one,99.6205,99.6205
3705886,ENSCAFG00000018655,,ENSG00000109084,,ortholog_one2one,66.6667,68.1818
3706137,ENSCAFG00000018659,,ENSG00000109083,,ortholog_one2one,100.0,83.5443
3706413,ENSCAFG00000018663,,ENSG00000109079,,ortholog_one2one,99.3671,99.3671
3706663,ENSCAFG00000018665,,ENSG00000004142,,ortholog_one2many,97.0109,97.0109
3706937,ENSCAFG00000018668,,ENSG00000244045,,ortholog_one2one,90.3846,90.3846
3707186,ENSCAFG00000018672,,ENSG00000109072,,ortholog_one2many,68.5115,75.1046
3707187,ENSCAFG00000018672,,ENSG00000273171,,ortholog_one2many,16.2214,57.4324
3707505,ENSCAFG00000018678,,ENSG00000004139,,ortholog_one2one,95.7182,95.7182
3707766,ENSCAFG00000018682,,ENSG00000076351,,ortholog_one2one,87.5817,87.5817
3708023,ENSCAFG00000018692,,ENSG00000007216,,ortholog_one2one,81.0491,74.727
3708318,ENSCAFG00000018709,,ENSG00000109101,,ortholog_one2one,90.8243,90.1235
3708583,ENSCAFG00000018713,,ENSG00000109103,,ortholog_one2one,71.3376,93.3333
3708907,ENSCAFG00000018715,,ENSG00000087111,,ortholog_one2one,90.4504,90.4504
3709157,ENSCAFG00000018719,,ENSG00000109107,,ortholog_one2one,98.6264,98.6264
3709414,ENSCAFG00000018724,,ENSG00000258472,,ortholog_one2many,14.3933,51.1905
3709415,ENSCAFG00000018724,,ENSG00000076382,,ortholog_one2many,79.4979,79.6312
3709568,ENSCAFG00000018729,,ENSG00000167524,,ortholog_one2one,86.1386,84.8781
3709834,ENSCAFG00000018736,,ENSG00000007202,,ortholog_one2one,95.0224,94.8098
3710070,ENSCAFG00000030569,,ENSG00000132581,,ortholog_one2one,97.1564,97.1564
3710318,ENSCAFG00000018763,,ENSG00000109111,,ortholog_one2one,90.8611,99.6524
3710578,ENSCAFG00000018779,,ENSG00000167525,,ortholog_one2one,71.0744,70.8791
3710938,ENSCAFG00000018780,,ENSG00000109113,,ortholog_one2one,56.4179,70.5224
3711419,ENSCAFG00000029722,,ENSG00000160606,,ortholog_one2one,89.8785,89.8785
3711659,ENSCAFG00000018792,,ENSG00000160602,,ortholog_one2one,88.2674,93.4971
3711903,ENSCAFG00000018800,,ENSG00000076604,,ortholog_one2one,96.9231,40.2128
3712152,ENSCAFG00000031142,,ENSG00000173065,,ortholog_one2one,97.6868,97.6868
3712398,ENSCAFG00000018813,,ENSG00000132591,,ortholog_one2one,80.5492,80.5492
3712659,ENSCAFG00000018824,,ENSG00000132589,,ortholog_one2one,85.3608,85.7143
3712988,ENSCAFG00000018842,,ENSG00000109118,,ortholog_one2one,93.9873,88.745
3713291,ENSCAFG00000018854,,ENSG00000063015,,ortholog_one2one,92.0973,91.4487
3713614,ENSCAFG00000018883,,ENSG00000179761,,ortholog_one2one,83.1633,83.5897
3713861,ENSCAFG00000018868,,ENSG00000196535,,ortholog_one2one,72.1154,94.9367
3714229,ENSCAFG00000018888,,ENSG00000108256,,ortholog_one2one,89.4591,92.8058
3714414,ENSCAFG00000018885,,ENSG00000108255,,ortholog_one2one,96.2791,96.2791
3714676,ENSCAFG00000018898,,ENSG00000160551,,ortholog_one2one,98.7141,99.7003
3715040,ENSCAFG00000018922,,ENSG00000168792,,ortholog_one2one,83.2335,89.1026
3715269,ENSCAFG00000018924,,ENSG00000167543,,ortholog_one2one,68.1122,67.9389
3715435,ENSCAFG00000018930,,ENSG00000108262,,ortholog_one2one,96.4935,96.4935
3715690,ENSCAFG00000018950,,ENSG00000198720,,ortholog_one2one,93.2318,88.0192
3715932,ENSCAFG00000018960,,ENSG00000167549,,ortholog_one2one,90.0196,97.4576
3716174,ENSCAFG00000018965,,ENSG00000141298,,ortholog_one2one,84.3068,82.6207
3716658,ENSCAFG00000018972,,ENSG00000176927,,ortholog_one2one,72.0509,71.5236
3716996,ENSCAFG00000018976,,ENSG00000126653,,ortholog_one2one,82.9485,83.6918
3717249,ENSCAFG00000018990,,ENSG00000108576,,ortholog_one2one,93.1746,93.1746
3717522,ENSCAFG00000019005,,ENSG00000108578,,ortholog_one2one,95.1648,95.1648
3717784,ENSCAFG00000019009,,ENSG00000182271,,ortholog_one2one,71.1268,77.0992
3718020,ENSCAFG00000019016,,ENSG00000108582,,ortholog_one2one,93.7636,93.6957
3718299,ENSCAFG00000019021,,ENSG00000108587,,ortholog_one2one,94.4,92.549
3718554,ENSCAFG00000019071,,ENSG00000184811,,ortholog_one2one,77.4011,77.4011
3718819,ENSCAFG00000023646,,ENSG00000205899,,ortholog_one2one,48.6486,53.617
3719066,ENSCAFG00000019060,,ENSG00000159842,,ortholog_one2one,98.9667,98.9667
3719325,ENSCAFG00000031516,,ENSG00000177370,,ortholog_one2one,93.2643,92.7835
3719636,ENSCAFG00000019117,,ENSG00000171861,,ortholog_one2one,83.9243,84.5238
3719741,ENSCAFG00000019124,,ENSG00000167699,,ortholog_one2one,90.2685,53.5857
3720076,ENSCAFG00000024432,,ENSG00000179409,,ortholog_one2one,75.7119,85.4442
3720324,ENSCAFG00000019129,,ENSG00000167695,,ortholog_one2one,87.9845,88.3269
3720620,ENSCAFG00000019101,,ENSG00000141252,,ortholog_one2one,97.8365,97.8365
3720886,ENSCAFG00000019130,,ENSG00000183688,,ortholog_one2one,57.7465,85.4167
3721138,ENSCAFG00000044033,,ENSG00000105058,,ortholog_one2many,98.0392,89.2857
3721388,ENSCAFG00000019132,,ENSG00000181031,,ortholog_one2one,82.7815,79.3651
3721520,ENSCAFG00000030814,,ENSG00000272636,,ortholog_one2one,93.3985,92.7184
3721814,ENSCAFG00000032226,,ENSG00000108953,,ortholog_one2one,71.0191,87.451
3722094,ENSCAFG00000019157,,ENSG00000167193,,ortholog_one2one,78.7013,99.6711
3722409,ENSCAFG00000019169,,ENSG00000197879,,ortholog_one2one,97.2719,97.2719
3722695,ENSCAFG00000019181,,ENSG00000132376,,ortholog_one2one,77.4336,78.125
3723039,ENSCAFG00000019188,,ENSG00000174238,,ortholog_one2one,99.6296,99.6296
3723320,ENSCAFG00000019194,,ENSG00000167703,,ortholog_one2one,94.5804,94.4154
3723661,ENSCAFG00000031865,,ENSG00000074660,,ortholog_one2one,69.5279,78.0723
3723902,ENSCAFG00000019203,,ENSG00000167705,,ortholog_one2one,72.4675,69.5761
3724138,ENSCAFG00000019221,,ENSG00000174231,,ortholog_one2one,100.0,100.0
3724392,ENSCAFG00000031626,,ENSG00000185561,,ortholog_one2one,77.6515,77.6515
3724631,ENSCAFG00000019236,,ENSG00000167716,,ortholog_one2one,89.3361,88.0474
3724904,ENSCAFG00000019240,,ENSG00000167711,,ortholog_one2one,81.6701,81.6701
3725241,ENSCAFG00000024189,,ENSG00000132386,,ortholog_one2one,89.2345,89.2345
3725523,ENSCAFG00000019244,,ENSG00000186532,,ortholog_one2one,70.0993,70.2736
3725796,ENSCAFG00000019249,,ENSG00000132383,,ortholog_one2one,88.7987,88.7987
3726114,ENSCAFG00000028579,,ENSG00000185924,,ortholog_one2one,89.4382,90.2494
3726456,ENSCAFG00000019253,,ENSG00000108963,,ortholog_one2one,84.0807,84.6501
3726707,ENSCAFG00000028752,,ENSG00000262664,,ortholog_one2one,82.4561,82.8194
3726895,ENSCAFG00000019257,,ENSG00000177374,,ortholog_one2one,96.8579,96.7258
3727149,ENSCAFG00000019260,,ENSG00000070366,,ortholog_one2one,93.2011,92.7414
3727677,ENSCAFG00000019289,,ENSG00000141258,,ortholog_one2one,71.8949,85.9182
3727952,ENSCAFG00000019273,,ENSG00000167721,,ortholog_one2many,88.2647,87.9353
3728229,ENSCAFG00000019295,,ENSG00000070444,,ortholog_one2one,69.9229,93.4708
3728546,ENSCAFG00000019296,,ENSG00000127804,,ortholog_one2one,90.1213,92.5267
3728811,ENSCAFG00000019298,,ENSG00000007168,,ortholog_one2one,91.4607,95.0935
3729170,ENSCAFG00000019301,,ENSG00000132361,,ortholog_one2one,95.3264,95.3264
3729642,ENSCAFG00000019305,,ENSG00000132359,,ortholog_one2one,81.6479,84.8249
3730018,ENSCAFG00000019310,,ENSG00000184166,,ortholog_one2one,86.039,84.9359
3730308,ENSCAFG00000023554,,ENSG00000172146,,ortholog_one2many,84.466,84.466
3730309,ENSCAFG00000023554,,ENSG00000172150,,ortholog_one2many,78.9644,78.9644
3730649,ENSCAFG00000019314,,ENSG00000262085,,ortholog_one2one,83.9117,80.3625
3730927,ENSCAFG00000041193,,ENSG00000221882,,ortholog_one2one,80.3738,80.3738
3731185,ENSCAFG00000045523,,ENSG00000180090,,ortholog_one2one,86.2928,86.2928
3731953,ENSCAFG00000019322,,ENSG00000242616,,ortholog_one2one,95.5882,95.5882
3732194,ENSCAFG00000019324,,ENSG00000180042,,ortholog_one2one,78.9809,78.9809
3732646,ENSCAFG00000023121,,ENSG00000127780,,ortholog_many2many,84.0256,81.4241
3732647,ENSCAFG00000023121,,ENSG00000180016,,ortholog_many2many,84.345,84.0764
3732876,ENSCAFG00000032628,,ENSG00000141255,,ortholog_one2one,79.7784,79.3388
3733114,ENSCAFG00000019330,,ENSG00000108381,,ortholog_one2one,90.4153,90.4153
3733371,ENSCAFG00000019336,,ENSG00000167723,,ortholog_one2one,94.0506,93.9317
3733561,ENSCAFG00000019339,,ENSG00000196689,,ortholog_one2one,89.0476,88.0
3733748,ENSCAFG00000019344,,ENSG00000262304,,ortholog_one2many,78.3681,86.4017
3733749,ENSCAFG00000019344,,ENSG00000197417,,ortholog_one2many,78.3681,86.4017
3733993,ENSCAFG00000019345,,ENSG00000040531,,ortholog_one2one,68.7646,73.75
3734244,ENSCAFG00000019347,,ENSG00000213977,,ortholog_one2one,100.0,100.0
3734493,ENSCAFG00000019349,,ENSG00000127774,,ortholog_one2one,99.0909,99.0909
3734737,ENSCAFG00000023152,,ENSG00000257950,,ortholog_one2many,69.1111,71.9907
3734738,ENSCAFG00000023152,,ENSG00000083454,,ortholog_one2many,68.8889,71.9258
3735034,ENSCAFG00000019367,,ENSG00000083457,,ortholog_one2one,74.5283,73.7065
3735193,ENSCAFG00000019370,,ENSG00000177602,,ortholog_one2one,74.1357,72.5564
3735410,ENSCAFG00000019371,,ENSG00000074356,,ortholog_one2one,89.4569,90.3226
3735657,ENSCAFG00000019377,,ENSG00000004660,,ortholog_one2one,88.4314,84.7744
3735998,ENSCAFG00000019359,,ENSG00000108405,,ortholog_one2one,90.7268,90.7268
3736255,ENSCAFG00000013971,,ENSG00000074370,,ortholog_one2one,90.7021,90.8745
3736588,ENSCAFG00000019380,,ENSG00000148408,,ortholog_one2one,94.6321,87.3932
3736966,ENSCAFG00000019390,,ENSG00000181090,,ortholog_one2one,89.4737,89.0601
3737343,ENSCAFG00000019394,,ENSG00000197070,,ortholog_one2one,86.7749,86.3741
3737618,ENSCAFG00000019396,,ENSG00000165724,,ortholog_one2one,73.3564,93.3921
3737878,ENSCAFG00000019400,,ENSG00000148399,,ortholog_one2one,46.1661,63.9381
3738078,ENSCAFG00000019403,,ENSG00000182154,,ortholog_one2one,73.3333,72.2628
3738318,ENSCAFG00000019417,,ENSG00000130653,,ortholog_one2one,77.8846,84.5007
3738656,ENSCAFG00000019431,,ENSG00000165802,,ortholog_one2one,95.1311,95.8491
3738968,ENSCAFG00000019434,,ENSG00000188833,,ortholog_one2one,74.1414,74.1414
3739201,ENSCAFG00000019437,,ENSG00000188747,,ortholog_one2one,82.7586,14.9068
3739442,ENSCAFG00000019444,,ENSG00000187609,,ortholog_one2one,63.3149,65.411
3739640,ENSCAFG00000019445,,ENSG00000198435,,ortholog_one2one,98.2456,98.2456
3739862,ENSCAFG00000019450,,ENSG00000188986,,ortholog_one2one,93.1854,93.6306
3740113,ENSCAFG00000019460,,ENSG00000188229,,ortholog_one2one,94.2797,100.0
3740411,ENSCAFG00000019458,,ENSG00000188163,,ortholog_one2one,56.0794,71.2934
3740549,ENSCAFG00000019464,,ENSG00000198569,,ortholog_one2one,82.3529,35.0584
3740655,ENSCAFG00000024418,,ENSG00000233198,,ortholog_one2one,71.4286,70.5128
3740858,ENSCAFG00000019467,,ENSG00000212864,,ortholog_one2one,91.6981,93.1034
3741076,ENSCAFG00000019475,,ENSG00000188566,,ortholog_one2one,71.266,82.6733
3741327,ENSCAFG00000019478,,ENSG00000187713,,ortholog_one2one,97.7941,97.7941
3741560,ENSCAFG00000019483,,ENSG00000176248,,ortholog_one2one,66.0542,91.8492
3741809,ENSCAFG00000019481,,ENSG00000176101,,ortholog_one2one,95.7983,95.7983
3741965,ENSCAFG00000019509,,ENSG00000184709,,ortholog_one2one,75.6329,71.5569
3742071,ENSCAFG00000019499,,ENSG00000176884,,ortholog_one2one,86.9803,82.8988
3742362,ENSCAFG00000019510,,ENSG00000197355,,ortholog_one2many,64.9701,42.8008
3742591,ENSCAFG00000019517,,ENSG00000177239,,ortholog_one2many,64.2008,69.5279
3742896,ENSCAFG00000019515,,ENSG00000176978,,ortholog_one2one,69.0741,75.813
3743137,ENSCAFG00000019511,,ENSG00000177239,,ortholog_one2many,32.6829,19.1702
3743459,ENSCAFG00000019522,,ENSG00000054179,,ortholog_one2one,68.8663,82.2222
3743769,ENSCAFG00000019556,,ENSG00000196642,,ortholog_one2one,58.1503,68.9041
3744049,ENSCAFG00000019525,,ENSG00000107281,,ortholog_one2one,50.9589,46.1538
3744338,ENSCAFG00000019526,,ENSG00000180549,,ortholog_one2one,79.8246,79.8246
3744667,ENSCAFG00000029919,,ENSG00000169583,,ortholog_one2one,87.8151,88.5593
3744933,ENSCAFG00000019530,,ENSG00000148362,,ortholog_one2one,68.5345,77.9412
3745066,ENSCAFG00000019532,,ENSG00000214402,,ortholog_one2one,24.4147,44.5122
3745221,ENSCAFG00000019533,,ENSG00000284341,,ortholog_one2many,38.8571,71.5789
3745222,ENSCAFG00000019533,,ENSG00000107317,,ortholog_one2many,33.4286,60.0
3745537,ENSCAFG00000019535,,ENSG00000184925,,ortholog_one2one,53.9267,53.6458
3745625,ENSCAFG00000019537,,ENSG00000176919,,ortholog_one2one,52.518,72.2772
3745841,ENSCAFG00000019539,,ENSG00000159069,,ortholog_one2one,63.217,89.576
3746112,ENSCAFG00000019541,,ENSG00000127191,,ortholog_one2one,86.9981,90.8184
3746447,ENSCAFG00000019544,,ENSG00000107223,,ortholog_one2one,31.8807,93.9189
3746710,ENSCAFG00000019548,,ENSG00000177943,,ortholog_one2one,70.0308,74.7533
3746843,ENSCAFG00000019551,,ENSG00000054148,,ortholog_one2one,86.4,86.4
3747063,ENSCAFG00000019560,,ENSG00000204001,,ortholog_one2one,35.0158,63.4286
3747277,ENSCAFG00000028849,,ENSG00000244187,,ortholog_one2one,36.8664,74.0741
3747484,ENSCAFG00000019563,,ENSG00000204003,,ortholog_one2many,47.0339,72.549
3747485,ENSCAFG00000019563,,ENSG00000267206,,ortholog_one2many,49.5763,71.7791
3747722,ENSCAFG00000019566,,ENSG00000165716,,ortholog_one2one,88.8372,88.6311
3747971,ENSCAFG00000019569,,ENSG00000169692,,ortholog_one2one,77.3723,76.259
3748222,ENSCAFG00000019575,,ENSG00000172889,,ortholog_one2one,35.0554,69.5971
3748472,ENSCAFG00000019633,,ENSG00000148400,,ortholog_one2one,89.6296,89.9804
3748811,ENSCAFG00000019656,,ENSG00000148396,,ortholog_one2one,71.4468,71.4468
3749052,ENSCAFG00000019664,,ENSG00000148384,,ortholog_one2one,74.7588,72.205
3749316,ENSCAFG00000019672,,ENSG00000165688,,ortholog_one2one,89.924,90.0952
3749585,ENSCAFG00000019678,,ENSG00000165689,,ortholog_one2one,83.908,83.908
3749817,ENSCAFG00000019683,,ENSG00000165684,,ortholog_one2one,67.7857,64.6018
3750051,ENSCAFG00000019685,,ENSG00000187796,,ortholog_one2one,86.3806,86.3806
3750288,ENSCAFG00000019694,,ENSG00000160360,,ortholog_one2one,91.1932,90.8062
3750574,ENSCAFG00000019686,,ENSG00000213221,,ortholog_one2one,74.8538,71.9101
3750801,ENSCAFG00000019701,,ENSG00000260220,,ortholog_one2one,48.1253,45.1131
3750885,ENSCAFG00000019705,,ENSG00000165661,,ortholog_one2one,77.2532,77.3639
3751140,ENSCAFG00000019695,,ENSG00000107187,,ortholog_one2one,88.0893,88.3085
3751410,ENSCAFG00000029970,,ENSG00000238227,,ortholog_one2one,60.989,79.8561
3751638,ENSCAFG00000030397,,ENSG00000148411,,ortholog_one2one,93.686,93.5264
3751970,ENSCAFG00000019712,,ENSG00000130560,,ortholog_one2one,59.39,91.358
3752224,ENSCAFG00000019723,,ENSG00000130559,,ortholog_one2one,84.3927,83.137
3752562,ENSCAFG00000019737,,ENSG00000107147,,ortholog_one2one,73.3028,76.5127
3752886,ENSCAFG00000019746,,ENSG00000165643,,ortholog_one2one,54.4643,47.2868
3752996,ENSCAFG00000019751,,ENSG00000148386,,ortholog_one2one,47.032,58.5227
3753088,ENSCAFG00000029005,,ENSG00000204007,,ortholog_one2one,49.6222,64.1694
3753187,ENSCAFG00000041304,,ENSG00000236543,,ortholog_one2one,73.224,74.0331
3753249,ENSCAFG00000019755,,ENSG00000122133,,ortholog_one2one,40.0,55.5556
3753326,ENSCAFG00000019756,,ENSG00000160349,,ortholog_one2one,50.5051,56.8182
3753569,ENSCAFG00000019758,,ENSG00000148296,,ortholog_one2many,45.2931,70.6371
3753805,ENSCAFG00000019757,,ENSG00000175164,,ortholog_one2one,66.8555,63.2708
3754129,ENSCAFG00000023616,,ENSG00000148290,,ortholog_one2one,66.1932,77.6667
3754381,ENSCAFG00000019763,,ENSG00000148291,,ortholog_one2one,74.4186,75.0
3754547,ENSCAFG00000019762,,ENSG00000148248,,ortholog_one2one,96.8379,91.0781
3754823,ENSCAFG00000019765,,ENSG00000198870,,ortholog_one2one,66.1808,66.7647
3754958,ENSCAFG00000019767,,ENSG00000148300,,ortholog_one2one,67.757,68.7204
3755213,ENSCAFG00000019776,,ENSG00000160323,,ortholog_one2one,64.6471,68.0448
3755481,ENSCAFG00000019779,,ENSG00000160325,,ortholog_one2one,75.9259,35.1931
3755737,ENSCAFG00000019780,,ENSG00000160326,,ortholog_one2one,54.8571,75.7396
3755997,ENSCAFG00000019781,,ENSG00000187616,,ortholog_one2one,95.4751,95.4751
3756239,ENSCAFG00000023757,,ENSG00000197859,,ortholog_one2one,90.4712,81.5094
3756519,ENSCAFG00000031627,,ENSG00000196990,,ortholog_one2one,89.5705,87.9518
3756842,ENSCAFG00000019783,,ENSG00000123454,,ortholog_one2one,73.76,74.7164
3757094,ENSCAFG00000019794,,ENSG00000123453,,ortholog_one2one,88.123,90.5229
3757355,ENSCAFG00000019810,,ENSG00000160293,,ortholog_one2one,84.5311,79.0433
3757628,ENSCAFG00000019817,,ENSG00000169925,,ortholog_one2one,88.2195,90.7713
3757846,ENSCAFG00000019830,,ENSG00000196363,,ortholog_one2one,86.2745,92.2156
3758153,ENSCAFG00000019838,,ENSG00000186350,,ortholog_one2one,80.5755,96.9697
3758461,ENSCAFG00000019848,,ENSG00000130635,,ortholog_one2one,95.1244,52.0131
3758792,ENSCAFG00000030630,,ENSG00000085265,,ortholog_one2one,42.8571,38.3333
3758945,ENSCAFG00000032227,,ENSG00000130558,,ortholog_one2one,94.1606,79.7938
3759220,ENSCAFG00000019860,,ENSG00000196422,,ortholog_one2one,59.2217,57.8991
3759440,ENSCAFG00000032138,,ENSG00000160345,,ortholog_one2one,52.795,62.5
3759637,ENSCAFG00000019862,,ENSG00000122140,,ortholog_one2one,39.8039,68.5811
3759881,ENSCAFG00000019864,,ENSG00000148288,,ortholog_one2one,83.8617,83.8617
3760244,ENSCAFG00000019869,,ENSG00000160271,,ortholog_one2many,68.7081,78.5558
3760245,ENSCAFG00000019869,,ENSG00000285245,,ortholog_one2many,68.4211,72.5888
3760525,ENSCAFG00000019872,,ENSG00000170835,,ortholog_one2one,77.1313,75.3968
3760943,ENSCAFG00000019877,,ENSG00000165702,,ortholog_one2one,90.5199,81.768
3761217,ENSCAFG00000019882,,ENSG00000165699,,ortholog_one2one,89.3071,89.6907
3761563,ENSCAFG00000019885,,ENSG00000165698,,ortholog_one2one,83.7004,85.5856
3761758,ENSCAFG00000019886,,ENSG00000165695,,ortholog_one2one,81.8372,81.8372
3761883,ENSCAFG00000019887,,ENSG00000125484,,ortholog_one2one,95.7421,95.7421
3762135,ENSCAFG00000049076,,ENSG00000125485,,ortholog_one2one,63.2939,69.0952
3762402,ENSCAFG00000019892,,ENSG00000125492,,ortholog_one2one,69.8061,77.0642
3762706,ENSCAFG00000019893,,ENSG00000188523,,ortholog_one2one,65.3747,79.0625
3762911,ENSCAFG00000019895,,ENSG00000125482,,ortholog_one2one,66.5019,59.4475
3763172,ENSCAFG00000019897,,ENSG00000107290,,ortholog_one2one,79.963,80.65
3763417,ENSCAFG00000019898,,ENSG00000196358,,ortholog_one2one,89.272,87.9245
3763776,ENSCAFG00000019900,,ENSG00000160563,,ortholog_one2one,81.0398,81.2883
3764040,ENSCAFG00000019902,,ENSG00000107263,,ortholog_one2one,79.1827,93.79
3764330,ENSCAFG00000019908,,ENSG00000130723,,ortholog_one2one,86.5772,86.8102
3764588,ENSCAFG00000046422,,ENSG00000283526,,ortholog_one2one,69.1406,67.3004
3764693,ENSCAFG00000019903,,ENSG00000130717,,ortholog_one2one,59.5819,60.6383
3764950,ENSCAFG00000019905,,ENSG00000130714,,ortholog_one2one,83.2685,85.9438
3765208,ENSCAFG00000019911,,ENSG00000160539,,ortholog_one2one,94.0959,94.0959
3765543,ENSCAFG00000029121,,ENSG00000126882,,ortholog_one2one,97.1731,97.1731
3765797,ENSCAFG00000019920,,ENSG00000126883,,ortholog_one2one,84.7222,84.6412
3765992,ENSCAFG00000019926,,ENSG00000126878,,ortholog_one2one,97.3333,82.9545
3766246,ENSCAFG00000019927,,ENSG00000050555,,ortholog_one2one,82.0081,77.2698
3766447,ENSCAFG00000019930,,ENSG00000130720,,ortholog_one2one,63.4796,87.8525
3766733,ENSCAFG00000024407,,ENSG00000188710,,ortholog_one2one,66.9118,66.9118
3766870,ENSCAFG00000019938,,ENSG00000097007,,ortholog_one2one,91.6522,91.7319
3767156,ENSCAFG00000019941,,ENSG00000130713,,ortholog_one2one,95.9044,95.9044
3767408,ENSCAFG00000023076,,ENSG00000130711,,ortholog_one2one,87.7049,87.4659
3767634,ENSCAFG00000019942,,ENSG00000107164,,ortholog_one2one,95.5224,89.5105
3768340,ENSCAFG00000019945,,ENSG00000130707,,ortholog_one2one,55.8935,71.3592
3768630,ENSCAFG00000019950,,ENSG00000148357,,ortholog_one2one,84.8683,84.7005
3768790,ENSCAFG00000019953,,ENSG00000107130,,ortholog_one2one,75.5556,71.5789
3768957,ENSCAFG00000019954,,ENSG00000148358,,ortholog_one2one,90.8146,87.3333
3769158,ENSCAFG00000019963,,ENSG00000187239,,ortholog_one2one,85.3503,86.872
3769497,ENSCAFG00000019975,,ENSG00000136878,,ortholog_one2one,93.9891,94.0919
3769804,ENSCAFG00000019979,,ENSG00000136819,,ortholog_one2many,97.5862,97.9239
3770035,ENSCAFG00000019980,,ENSG00000136827,,ortholog_one2one,93.3735,93.3735
3770347,ENSCAFG00000019981,,ENSG00000136816,,ortholog_one2one,89.881,89.881
3770665,ENSCAFG00000030838,,ENSG00000148344,,ortholog_one2one,83.6601,84.2105
3770923,ENSCAFG00000019983,,ENSG00000167157,,ortholog_one2one,86.4865,63.2411
3771128,ENSCAFG00000019984,,ENSG00000148331,,ortholog_one2one,95.962,95.962
3771376,ENSCAFG00000019986,,ENSG00000148335,,ortholog_one2one,84.0816,92.3767
3771624,ENSCAFG00000030536,,ENSG00000179058,,ortholog_one2one,53.6131,53.3643
3771688,ENSCAFG00000019990,,ENSG00000188483,,ortholog_one2one,95.3545,96.5347
3771976,ENSCAFG00000019991,,ENSG00000119383,,ortholog_one2one,91.0405,87.9888
3772238,ENSCAFG00000019996,,ENSG00000095321,,ortholog_one2one,93.131,93.131
3772613,ENSCAFG00000020001,,ENSG00000167130,,ortholog_one2one,96.2185,96.2185
3772866,ENSCAFG00000020003,,ENSG00000148343,,ortholog_one2one,92.9174,92.9174
3773127,ENSCAFG00000020008,,ENSG00000148341,,ortholog_one2one,36.9632,59.6535
3773471,ENSCAFG00000020013,,ENSG00000095319,,ortholog_one2one,95.605,95.769
3773737,ENSCAFG00000048907,,ENSG00000175283,,ortholog_one2one,94.5896,94.2379
3773980,ENSCAFG00000020023,,ENSG00000175287,,ortholog_one2one,51.5464,50.5051
3774233,ENSCAFG00000020028,,ENSG00000136802,,ortholog_one2one,98.8889,98.8889
3774596,ENSCAFG00000020030,,ENSG00000286112,,ortholog_one2many,71.1645,74.7573
3774597,ENSCAFG00000020030,,ENSG00000171097,,ortholog_one2many,71.1645,74.6124
3774878,ENSCAFG00000020032,,ENSG00000198917,,ortholog_one2one,91.2234,91.2234
3775132,ENSCAFG00000020036,,ENSG00000167136,,ortholog_one2one,62.4146,92.2559
3775364,ENSCAFG00000020037,,ENSG00000107021,,ortholog_one2one,96.5,96.5
3775644,ENSCAFG00000020039,,ENSG00000160445,,ortholog_one2one,98.0418,98.0418
3775899,ENSCAFG00000020041,,ENSG00000160446,,ortholog_one2one,94.7955,90.7473
3776225,ENSCAFG00000020045,,ENSG00000160447,,ortholog_one2one,83.3859,89.2013
3776558,ENSCAFG00000032728,,ENSG00000119335,,ortholog_many2many,95.8477,95.5172
3776827,ENSCAFG00000020047,,ENSG00000119333,,ortholog_one2one,86.803,87.1269
3777081,ENSCAFG00000020049,,ENSG00000197694,,ortholog_one2one,98.5188,98.5188
3777404,ENSCAFG00000020050,,ENSG00000119392,,ortholog_one2one,79.1332,70.6304
3777683,ENSCAFG00000020054,,ENSG00000136811,,ortholog_one2one,88.5965,97.4668
3778285,ENSCAFG00000020061,,ENSG00000167123,,ortholog_one2one,79.4074,90.084
3778544,ENSCAFG00000023618,,ENSG00000167118,,ortholog_one2one,63.3094,60.274
3778784,ENSCAFG00000020063,,ENSG00000167114,,ortholog_one2one,82.9457,83.2037
3779096,ENSCAFG00000020067,,ENSG00000167113,,ortholog_one2one,78.1481,79.6226
3779357,ENSCAFG00000020068,,ENSG00000167112,,ortholog_one2one,76.2857,80.6646
3779624,ENSCAFG00000023381,,ENSG00000175854,,ortholog_one2one,73.0769,55.8824
3779964,ENSCAFG00000020072,,ENSG00000167110,,ortholog_one2many,72.9783,73.8523
3780315,ENSCAFG00000020082,,ENSG00000106976,,ortholog_one2one,98.0324,98.0324
3780678,ENSCAFG00000020086,,ENSG00000148337,,ortholog_one2one,80.0451,74.4235
3780934,ENSCAFG00000031985,,ENSG00000171159,,ortholog_one2one,41.6667,96.3855
3781129,ENSCAFG00000020088,,ENSG00000148346,,ortholog_one2one,66.6667,66.0
3781501,ENSCAFG00000020089,,ENSG00000148334,,ortholog_one2one,89.2473,88.0637
3781762,ENSCAFG00000020091,,ENSG00000148339,,ortholog_one2one,97.4708,97.2816
3782155,ENSCAFG00000020093,,ENSG00000171169,,ortholog_one2one,97.2477,97.2477
3782401,ENSCAFG00000020094,,ENSG00000167106,,ortholog_one2one,96.0526,95.0521
3782727,ENSCAFG00000020095,,ENSG00000136908,,ortholog_one2one,80.9524,52.3077
3782971,ENSCAFG00000020098,,ENSG00000167103,,ortholog_one2one,91.4141,91.8782
3783223,ENSCAFG00000020101,,ENSG00000136840,,ortholog_one2one,91.7219,91.7219
3783482,ENSCAFG00000031177,,ENSG00000160408,,ortholog_one2one,52.7383,69.5187
3783750,ENSCAFG00000020105,,ENSG00000106992,,ortholog_one2one,93.3333,93.3333
3784027,ENSCAFG00000020106,,ENSG00000106991,,ortholog_one2one,75.1534,74.4681
3784227,ENSCAFG00000020111,,ENSG00000136877,,ortholog_one2one,86.7347,86.8825
3784701,ENSCAFG00000030200,,ENSG00000136807,,ortholog_one2one,74.8466,98.3871
3784982,ENSCAFG00000020118,,ENSG00000095370,,ortholog_one2one,90.3376,90.2326
3785313,ENSCAFG00000031277,,ENSG00000167094,,ortholog_one2one,61.7783,61.2829
3785497,ENSCAFG00000020120,,ENSG00000160404,,ortholog_one2one,75.8721,81.3084
3785753,ENSCAFG00000020123,,ENSG00000187024,,ortholog_one2one,77.9279,80.8411
3785979,ENSCAFG00000020125,,ENSG00000160401,,ortholog_one2one,60.8491,74.4231
3786171,ENSCAFG00000020131,,ENSG00000136830,,ortholog_one2one,90.0671,89.9464
3786491,ENSCAFG00000020134,,ENSG00000148356,,ortholog_one2one,81.8304,81.0667
3786913,ENSCAFG00000031097,,ENSG00000196152,,ortholog_one2one,84.4311,84.9398
3787022,ENSCAFG00000020140,,ENSG00000136856,,ortholog_one2one,87.5519,88.4696
3787276,ENSCAFG00000020142,,ENSG00000136895,,ortholog_one2one,85.6481,91.3129
3787535,ENSCAFG00000020156,,ENSG00000136828,,ortholog_one2one,78.9928,98.5637
3787786,ENSCAFG00000020166,,ENSG00000136859,,ortholog_one2one,96.7546,96.7546
3788105,ENSCAFG00000023496,,ENSG00000177125,,ortholog_one2one,95.9538,98.8095
3788367,ENSCAFG00000030076,,ENSG00000136944,,ortholog_one2one,94.6381,86.9458
3788701,ENSCAFG00000020172,,ENSG00000196814,,ortholog_one2one,66.0241,85.8934
3789010,ENSCAFG00000020175,,ENSG00000167081,,ortholog_one2one,94.7236,82.8571
3789142,ENSCAFG00000020178,,ENSG00000119487,,ortholog_one2one,71.5888,73.3717
3789401,ENSCAFG00000020181,,ENSG00000165219,,ortholog_one2one,97.041,97.041
3789666,ENSCAFG00000020192,,ENSG00000165704,,ortholog_one2many,93.578,93.578
3789931,ENSCAFG00000020196,,ENSG00000044574,,ortholog_one2one,99.2355,99.2355
3790249,ENSCAFG00000020201,,ENSG00000136933,,ortholog_one2one,64.3923,81.1828
3790741,ENSCAFG00000032009,,ENSG00000119414,,ortholog_one2one,100.0,89.1813
3791034,ENSCAFG00000020206,,ENSG00000173611,,ortholog_one2one,99.1749,95.5485
3791292,ENSCAFG00000020208,,ENSG00000136935,,ortholog_one2one,84.8883,84.2243
3791551,ENSCAFG00000032451,,ENSG00000136950,,ortholog_one2one,98.6928,98.6928
3791788,ENSCAFG00000020212,,ENSG00000136942,,ortholog_one2one,50.8475,97.561
3792080,ENSCAFG00000020213,,ENSG00000136918,,ortholog_one2one,70.0997,66.9841
3792201,ENSCAFG00000028621,,ENSG00000185585,,ortholog_one2one,85.3253,86.5031
3792471,ENSCAFG00000020216,,ENSG00000148200,,ortholog_one2one,98.6547,91.6667
3792726,ENSCAFG00000023086,,ENSG00000136931,,ortholog_one2one,92.5059,85.6833
3793052,ENSCAFG00000029622,,ENSG00000180264,,ortholog_one2one,65.6695,47.428
3793315,ENSCAFG00000020224,,ENSG00000136930,,ortholog_one2one,84.127,95.6679
3793599,ENSCAFG00000020225,,ENSG00000119408,,ortholog_one2one,81.5789,89.3372
3793835,ENSCAFG00000020226,,ENSG00000106689,,ortholog_one2one,98.7685,97.3301
3794111,ENSCAFG00000020227,,ENSG00000119522,,ortholog_one2one,81.295,89.5937
3794379,ENSCAFG00000046633,,ENSG00000148204,,ortholog_one2one,81.0117,81.0117
3794768,ENSCAFG00000020242,,ENSG00000011454,,ortholog_one2one,97.346,96.0711
3795063,ENSCAFG00000032570,,ENSG00000186130,,ortholog_one2one,82.2222,95.9906
3795249,ENSCAFG00000032522,,ENSG00000056586,,ortholog_one2one,97.649,97.649
3795504,ENSCAFG00000030566,,ENSG00000136940,,ortholog_one2one,93.0233,93.0233
3795743,ENSCAFG00000024397,,ENSG00000165204,,ortholog_one2one,89.557,89.557
3795989,ENSCAFG00000023183,,ENSG00000148215,,ortholog_one2one,83.9506,85.0
3796452,ENSCAFG00000023169,,ENSG00000136939,,ortholog_one2many,87.0968,86.8167
3796453,ENSCAFG00000023169,,ENSG00000171459,,ortholog_one2many,86.7742,77.5216
3796681,ENSCAFG00000020259,,ENSG00000171496,,ortholog_one2one,79.3548,79.6116
3796913,ENSCAFG00000020263,,ENSG00000095303,,ortholog_one2one,74.4475,89.9833
3797231,ENSCAFG00000032643,,ENSG00000148187,,ortholog_one2one,50.0,80.5343
3797529,ENSCAFG00000030041,,ENSG00000119446,,ortholog_one2one,98.4211,98.4211
3797786,ENSCAFG00000020277,,ENSG00000106852,,ortholog_one2one,79.2035,91.3265
3798131,ENSCAFG00000020280,,ENSG00000185681,,ortholog_one2one,46.0432,79.5031
3798365,ENSCAFG00000030171,,ENSG00000119421,,ortholog_one2one,63.6364,85.4651
3798621,ENSCAFG00000020284,,ENSG00000175764,,ortholog_one2one,71.1944,76.0
3798934,ENSCAFG00000020290,,ENSG00000136848,,ortholog_one2one,78.0982,84.2725
3799470,ENSCAFG00000000049,,ENSG00000138698,,ortholog_one2many,69.3069,69.0789
3836644,ENSCAFG00000047553,,ENSG00000169484,,ortholog_one2one,85.1613,85.1613
3837040,ENSCAFG00000000554,,ENSG00000079974,,ortholog_one2many,87.7273,81.0924
3837041,ENSCAFG00000000554,,ENSG00000144134,,ortholog_one2many,87.7273,81.0924
3837350,ENSCAFG00000000558,,ENSG00000100312,,ortholog_one2one,65.0118,65.3207
3837525,ENSCAFG00000032311,,ENSG00000251322,,ortholog_one2one,64.3333,11.1949
3837792,ENSCAFG00000000566,,ENSG00000100299,,ortholog_one2one,82.1355,78.5855
3838069,ENSCAFG00000000568,,ENSG00000008735,,ortholog_one2one,87.2573,87.2573
3838322,ENSCAFG00000000579,,ENSG00000100288,,ortholog_one2one,90.3797,90.3797
3838556,ENSCAFG00000000586,,ENSG00000205560,,ortholog_one2one,84.5297,88.4715
3838785,ENSCAFG00000000603,,ENSG00000025770,,ortholog_one2one,80.2326,79.703
3839010,ENSCAFG00000031350,,ENSG00000217442,,ortholog_one2one,89.7727,89.7727
3839164,ENSCAFG00000029336,,ENSG00000177989,,ortholog_one2one,17.5439,10.6762
3839353,ENSCAFG00000000564,,ENSG00000284194,,ortholog_one2one,55.1282,80.8271
3839560,ENSCAFG00000000561,,ENSG00000100253,,ortholog_one2one,73.4694,88.4211
3839799,ENSCAFG00000000609,,ENSG00000128165,,ortholog_one2one,71.1268,68.2432
3839987,ENSCAFG00000000612,,ENSG00000100241,,ortholog_one2one,89.7998,75.8056
3840265,ENSCAFG00000000620,,ENSG00000100239,,ortholog_one2one,76.4516,73.6025
3840612,ENSCAFG00000000629,,ENSG00000205593,,ortholog_one2one,60.1359,90.7692
3840857,ENSCAFG00000000673,,ENSG00000196576,,ortholog_one2one,83.6211,86.9423
3841227,ENSCAFG00000000692,,ENSG00000073169,,ortholog_one2one,83.1373,63.3782
3841518,ENSCAFG00000049665,,ENSG00000185386,,ortholog_one2one,75.7576,48.0769
3841770,ENSCAFG00000000685,,ENSG00000188130,,ortholog_one2one,93.9891,93.733
3842109,ENSCAFG00000000688,,ENSG00000100429,,ortholog_one2one,55.1323,77.8774
3842347,ENSCAFG00000000689,,ENSG00000128159,,ortholog_one2one,75.9592,69.6537
3842740,ENSCAFG00000000698,,ENSG00000170638,,ortholog_one2one,75.6501,84.4327
3842985,ENSCAFG00000000699,,ENSG00000073150,,ortholog_one2one,89.9351,81.8316
3843231,ENSCAFG00000000700,,ENSG00000073146,,ortholog_one2one,76.2846,79.6862
3843438,ENSCAFG00000000703,,ENSG00000100427,,ortholog_one2one,40.884,78.5146
3843680,ENSCAFG00000000704,,ENSG00000138892,,ortholog_one2one,62.3377,67.8445
3843896,ENSCAFG00000000706,,ENSG00000188263,,ortholog_one2one,38.7868,62.7976
3844068,ENSCAFG00000000709,,ENSG00000184164,,ortholog_one2one,61.3811,59.7015
3844323,ENSCAFG00000000711,,ENSG00000182858,,ortholog_one2one,46.9767,62.0902
3844571,ENSCAFG00000000714,,ENSG00000100426,,ortholog_one2one,81.7167,81.298
3844784,ENSCAFG00000000718,,ENSG00000100425,,ortholog_one2one,90.1046,94.1968
3845163,ENSCAFG00000000731,,ENSG00000219438,,ortholog_one2one,34.8837,58.0111
3845462,ENSCAFG00000000745,,ENSG00000054611,,ortholog_one2one,78.6096,85.2998
3845748,ENSCAFG00000000752,,ENSG00000100422,,ortholog_one2one,75.1252,83.7989
3846066,ENSCAFG00000000756,,ENSG00000075240,,ortholog_one2one,86.6907,83.391
3846386,ENSCAFG00000000767,,ENSG00000075275,,ortholog_one2one,83.3947,75.0248
3846670,ENSCAFG00000000784,,ENSG00000075234,,ortholog_one2one,88.6994,88.6994
3846938,ENSCAFG00000000779,,ENSG00000100416,,ortholog_one2one,74.0206,85.2732
3847187,ENSCAFG00000000782,,ENSG00000075218,,ortholog_one2one,61.9891,61.5697
3847414,ENSCAFG00000000785,,ENSG00000130943,,ortholog_one2one,67.0438,60.4971
3847806,ENSCAFG00000000787,,ENSG00000205643,,ortholog_one2one,83.7398,83.7398
3848036,ENSCAFG00000000788,,ENSG00000186951,,ortholog_one2one,57.2183,69.4444
3848374,ENSCAFG00000000789,,ENSG00000188064,,ortholog_one2one,37.5796,50.1416
3848629,ENSCAFG00000031708,,ENSG00000130638,,ortholog_one2one,83.4308,90.1053
3848881,ENSCAFG00000000804,,ENSG00000077942,,ortholog_one2one,69.1601,73.0929
3849133,ENSCAFG00000000809,,ENSG00000128408,,ortholog_one2one,74.8756,78.7958
3849371,ENSCAFG00000000827,,ENSG00000077935,,ortholog_one2one,89.9595,89.9595
3849630,ENSCAFG00000000838,,ENSG00000100376,,ortholog_one2one,84.2239,92.7171
3849793,ENSCAFG00000000843,,ENSG00000100373,,ortholog_one2one,85.0694,85.3659
3849946,ENSCAFG00000000850,,ENSG00000100364,,ortholog_one2one,55.8419,79.4621
3850198,ENSCAFG00000000856,,ENSG00000093000,,ortholog_one2one,73.4226,82.0513
3850464,ENSCAFG00000000861,,ENSG00000056487,,ortholog_one2one,92.6991,78.9077
3850691,ENSCAFG00000030691,,ENSG00000248405,,ortholog_one2many,52.3126,51.0109
3850692,ENSCAFG00000030691,,ENSG00000241484,,ortholog_one2many,54.5455,73.7069
3850896,ENSCAFG00000000869,,ENSG00000186654,,ortholog_one2one,87.1465,82.4818
3851202,ENSCAFG00000000870,,ENSG00000188636,,ortholog_one2one,93.7238,93.7238
3851297,ENSCAFG00000000873,,ENSG00000138944,,ortholog_one2one,64.9306,93.9698
3851560,ENSCAFG00000000876,,ENSG00000138964,,ortholog_one2one,82.7273,82.4773
3851804,ENSCAFG00000047497,,ENSG00000188677,,ortholog_one2one,85.8333,77.8338
3852059,ENSCAFG00000000887,,ENSG00000100347,,ortholog_one2one,93.4874,94.8827
3852380,ENSCAFG00000000893,,ENSG00000100344,,ortholog_one2one,61.0422,51.1435
3852741,ENSCAFG00000000895,,ENSG00000100341,,ortholog_one2one,73.7705,73.4266
3852839,ENSCAFG00000000899,,ENSG00000130540,,ortholog_one2one,65.1282,89.4366
3853139,ENSCAFG00000000902,,ENSG00000186976,,ortholog_one2one,75.1309,76.4823
3853292,ENSCAFG00000000904,,ENSG00000186732,,ortholog_one2one,76.8617,88.6503
3853551,ENSCAFG00000000907,,ENSG00000159307,,ortholog_one2one,89.9101,91.0931
3853799,ENSCAFG00000000913,,ENSG00000100300,,ortholog_one2one,52.093,66.2722
3853974,ENSCAFG00000000909,,ENSG00000100304,,ortholog_one2one,67.6129,81.3665
3854228,ENSCAFG00000000918,,ENSG00000100294,,ortholog_one2one,73.4375,72.3077
3854478,ENSCAFG00000000926,,ENSG00000100271,,ortholog_one2one,87.8995,91.0165
3854743,ENSCAFG00000000936,,ENSG00000100266,,ortholog_one2one,81.768,91.358
3854999,ENSCAFG00000000943,,ENSG00000242247,,ortholog_one2one,63.7255,88.1783
3855277,ENSCAFG00000000946,,ENSG00000128274,,ortholog_one2one,74.2092,86.4023
3855451,ENSCAFG00000000953,,ENSG00000100243,,ortholog_one2one,73.3509,83.2335
3855713,ENSCAFG00000000959,,ENSG00000100227,,ortholog_one2one,93.3492,89.726
3855974,ENSCAFG00000000965,,ENSG00000189306,,ortholog_one2one,82.1429,82.1429
3856214,ENSCAFG00000000970,,ENSG00000183569,,ortholog_one2one,67.3203,65.6051
3856509,ENSCAFG00000000975,,ENSG00000235568,,ortholog_one2one,56.8702,55.1852
3856638,ENSCAFG00000000978,,ENSG00000100207,,ortholog_one2one,93.183,92.7551
3856915,ENSCAFG00000044204,,ENSG00000100197,,ortholog_one2many,66.2281,60.7646
3856916,ENSCAFG00000044204,,ENSG00000205702,,ortholog_one2many,63.5965,56.3107
3857306,ENSCAFG00000000982,,ENSG00000184983,,ortholog_one2one,83.6735,79.8701
3857568,ENSCAFG00000000983,,ENSG00000183172,,ortholog_one2one,91.5888,91.5888
3857881,ENSCAFG00000000988,,ENSG00000198951,,ortholog_one2one,84.4282,84.4282
3858158,ENSCAFG00000000991,,ENSG00000183066,,ortholog_one2one,57.6642,51.1327
3858261,ENSCAFG00000000995,,ENSG00000100167,,ortholog_one2one,79.4969,73.8318
3858522,ENSCAFG00000001003,,ENSG00000100162,,ortholog_one2one,82.7778,82.7778
3858765,ENSCAFG00000001005,,ENSG00000159958,,ortholog_one2one,39.5105,61.413
3858893,ENSCAFG00000001013,,ENSG00000198911,,ortholog_one2one,93.015,92.1998
3859159,ENSCAFG00000001023,,ENSG00000167077,,ortholog_one2one,86.5566,86.4207
3859384,ENSCAFG00000001018,,ENSG00000100147,,ortholog_one2one,92.1397,92.1397
3859629,ENSCAFG00000001038,,ENSG00000100138,,ortholog_one2many,83.4356,50.0
3859916,ENSCAFG00000001043,,ENSG00000196419,,ortholog_one2one,82.0261,82.4302
3860210,ENSCAFG00000001046,,ENSG00000100418,,ortholog_one2one,92.2619,92.2619
3860529,ENSCAFG00000001049,,ENSG00000100417,,ortholog_one2one,90.5263,65.6489
3860791,ENSCAFG00000001051,,ENSG00000172346,,ortholog_one2one,71.0526,70.5882
3861110,ENSCAFG00000001053,,ENSG00000100413,,ortholog_one2one,82.9596,90.6863
3861379,ENSCAFG00000001075,,ENSG00000100412,,ortholog_one2one,92.2794,93.5404
3861692,ENSCAFG00000001090,,ENSG00000100410,,ortholog_one2one,100.0,100.0
3861965,ENSCAFG00000001092,,ENSG00000183864,,ortholog_one2one,93.75,91.5698
3862207,ENSCAFG00000001095,,ENSG00000167074,,ortholog_one2one,81.1594,92.4092
3862543,ENSCAFG00000046255,,ENSG00000100403,,ortholog_one2one,96.9231,96.7247
3862871,ENSCAFG00000001104,,ENSG00000100399,,ortholog_one2one,81.8428,79.2651
3863045,ENSCAFG00000001120,,ENSG00000100395,,ortholog_one2one,95.7567,96.0284
3863322,ENSCAFG00000001125,,ENSG00000100393,,ortholog_one2one,95.7972,91.5907
3863664,ENSCAFG00000042866,,ENSG00000100387,,ortholog_one2one,100.0,100.0
3863937,ENSCAFG00000001134,,ENSG00000196236,,ortholog_one2one,90.1575,90.3353
3864197,ENSCAFG00000001137,,ENSG00000172404,,ortholog_one2one,77.6699,77.6699
3864877,ENSCAFG00000001142,,ENSG00000100372,,ortholog_one2one,75.5725,96.7427
3865182,ENSCAFG00000001143,,ENSG00000128285,,ortholog_one2one,90.0277,77.0142
3865515,ENSCAFG00000001154,,ENSG00000196588,,ortholog_one2one,91.4146,90.8826
3865702,ENSCAFG00000001172,,ENSG00000100359,,ortholog_one2one,91.8775,92.1228
3865992,ENSCAFG00000001255,,ENSG00000100354,,ortholog_one2one,76.9841,95.2537
3866455,ENSCAFG00000001288,,ENSG00000133477,,ortholog_one2one,78.1065,79.2
3866851,ENSCAFG00000001296,,ENSG00000100351,,ortholog_one2one,51.0055,84.5455
3867327,ENSCAFG00000001303,,ENSG00000176177,,ortholog_one2one,72.651,71.3344
3867456,ENSCAFG00000001314,,ENSG00000100346,,ortholog_one2one,92.5571,91.1831
3867807,ENSCAFG00000030521,,ENSG00000187051,,ortholog_one2one,78.8321,79.4118
3868037,ENSCAFG00000001324,,ENSG00000128272,,ortholog_one2one,90.8571,90.5983
3868366,ENSCAFG00000031294,,ENSG00000100335,,ortholog_one2one,92.6566,89.749
3868611,ENSCAFG00000041938,,ENSG00000285025,,ortholog_one2one,91.4286,91.4286
3868665,ENSCAFG00000030441,,ENSG00000128268,,ortholog_one2one,90.3052,94.3715
3868918,ENSCAFG00000001332,,ENSG00000100324,,ortholog_one2one,98.2143,98.2143
3869181,ENSCAFG00000001337,,ENSG00000100321,,ortholog_one2one,78.4553,82.8326
3869668,ENSCAFG00000001356,,ENSG00000100311,,ortholog_one2one,56.5982,80.083
3869987,ENSCAFG00000001360,,ENSG00000100307,,ortholog_one2one,53.7313,71.7132
3870303,ENSCAFG00000001361,,ENSG00000100298,,ortholog_one2one,44.5026,42.5
3870405,ENSCAFG00000023589,,ENSG00000239713,,ortholog_one2many,52.8455,16.9271
3870513,ENSCAFG00000046571,,ENSG00000183741,,ortholog_one2one,80.574,88.5922
3870741,ENSCAFG00000001367,,ENSG00000221890,,ortholog_one2one,82.6464,76.2
3870985,ENSCAFG00000001370,,ENSG00000100246,,ortholog_one2one,99.0476,99.0476
3871228,ENSCAFG00000001371,,ENSG00000100242,,ortholog_one2one,85.1034,83.6043
3871493,ENSCAFG00000001377,,ENSG00000100226,,ortholog_one2one,94.0299,94.1704
3871788,ENSCAFG00000001379,,ENSG00000100221,,ortholog_one2one,97.5247,97.5247
3872059,ENSCAFG00000001383,,ENSG00000100216,,ortholog_one2many,95.0704,95.0704
3872322,ENSCAFG00000001384,,ENSG00000100211,,ortholog_one2many,88.9764,66.8639
3872547,ENSCAFG00000001385,,ENSG00000184949,,ortholog_one2one,60.1045,52.9954
3872649,ENSCAFG00000001388,,ENSG00000241837,,ortholog_many2many,86.385,86.385
3872650,ENSCAFG00000001388,,ENSG00000249209,,ortholog_many2many,65.7277,57.8512
3872943,ENSCAFG00000001391,,ENSG00000100206,,ortholog_one2one,99.1176,99.1176
3873190,ENSCAFG00000001395,,ENSG00000100201,,ortholog_one2one,99.3141,99.0424
3873438,ENSCAFG00000001402,,ENSG00000100196,,ortholog_one2one,86.7521,92.2727
3873699,ENSCAFG00000001407,,ENSG00000168135,,ortholog_one2one,96.875,97.5281
3874015,ENSCAFG00000001413,,ENSG00000283900,,ortholog_one2many,74.942,77.6442
3874016,ENSCAFG00000001413,,ENSG00000213923,,ortholog_one2many,74.942,77.6442
3874336,ENSCAFG00000001420,,ENSG00000198792,,ortholog_one2one,58.7866,69.0418
3874660,ENSCAFG00000029842,,ENSG00000185022,,ortholog_one2one,89.2216,90.8537
3874903,ENSCAFG00000001424,,ENSG00000184381,,ortholog_one2one,83.0144,84.6341
3875177,ENSCAFG00000001427,,ENSG00000128298,,ortholog_one2one,61.076,36.4839
3875454,ENSCAFG00000001429,,ENSG00000100156,,ortholog_one2one,85.6016,86.1111
3875683,ENSCAFG00000001431,,ENSG00000100151,,ortholog_one2one,97.6019,98.0723
3875934,ENSCAFG00000001436,,ENSG00000100146,,ortholog_one2one,98.7179,99.1416
3876260,ENSCAFG00000001437,,ENSG00000100142,,ortholog_one2one,44.3114,46.8354
3876506,ENSCAFG00000001439,,ENSG00000128346,,ortholog_one2one,38.0531,79.2627
3876733,ENSCAFG00000001442,,ENSG00000100139,,ortholog_one2one,84.9817,80.6489
3877020,ENSCAFG00000001443,,ENSG00000100129,,ortholog_one2many,97.6898,97.5288
3877303,ENSCAFG00000023613,,ENSG00000100124,,ortholog_one2one,73.2044,88.3333
3877552,ENSCAFG00000001447,,ENSG00000128310,,ortholog_one2one,90.5405,91.0326
3877696,ENSCAFG00000001456,,ENSG00000100116,,ortholog_one2one,88.3721,85.3933
3877962,ENSCAFG00000046116,,ENSG00000189060,,ortholog_one2one,95.8763,95.8763
3878214,ENSCAFG00000001480,,ENSG00000100106,,ortholog_one2one,77.7829,71.2051
3878532,ENSCAFG00000028770,,ENSG00000100101,,ortholog_one2many,88.785,92.233
3878533,ENSCAFG00000028770,,ENSG00000273899,,ortholog_one2many,92.0561,92.4883
3878771,ENSCAFG00000001487,,ENSG00000100097,,ortholog_one2many,55.6122,80.7407
3879228,ENSCAFG00000031949,,ENSG00000241360,,ortholog_one2one,94.2568,94.2568
3879470,ENSCAFG00000001490,,ENSG00000100092,,ortholog_one2many,72.7723,83.8802
3879471,ENSCAFG00000001490,,ENSG00000285304,,ortholog_one2many,54.9505,73.3884
3879722,ENSCAFG00000001496,,ENSG00000100083,,ortholog_one2one,85.9882,88.8719
3880073,ENSCAFG00000001484,,ENSG00000100079,,ortholog_one2one,44.5026,64.3939
3880481,ENSCAFG00000001501,,ENSG00000128283,,ortholog_one2one,81.9018,68.2864
3880798,ENSCAFG00000001502,,ENSG00000100065,,ortholog_one2one,79.2046,92.6357
3881071,ENSCAFG00000001503,,ENSG00000100060,,ortholog_one2one,87.3016,85.6698
3881338,ENSCAFG00000001504,,ENSG00000166897,,ortholog_one2one,97.1264,82.439
3881660,ENSCAFG00000001506,,ENSG00000100055,,ortholog_one2one,93.9086,93.9086
3881849,ENSCAFG00000001508,,ENSG00000128340,,ortholog_one2one,97.9167,97.9167
3882138,ENSCAFG00000001509,,ENSG00000278195,,ortholog_one2one,87.5294,88.9952
3882306,ENSCAFG00000032120,,ENSG00000133466,,ortholog_one2one,68.2836,65.8273
3882548,ENSCAFG00000001511,,ENSG00000100385,,ortholog_one2one,69.4245,70.0544
3882877,ENSCAFG00000001512,,ENSG00000187045,,ortholog_one2one,92.8928,90.4126
3883135,ENSCAFG00000049049,,ENSG00000100379,,ortholog_one2one,55.2941,14.6417
3883530,ENSCAFG00000001514,,ENSG00000128309,,ortholog_one2one,79.8611,72.5552
3883866,ENSCAFG00000001516,,ENSG00000128311,,ortholog_one2one,75.3463,91.5825
3884217,ENSCAFG00000001517,,ENSG00000185264,,ortholog_one2one,52.2936,61.0714
3884353,ENSCAFG00000001519,,ENSG00000100368,,ortholog_one2one,64.9667,64.8948
3884536,ENSCAFG00000001522,,ENSG00000100365,,ortholog_one2one,72.5664,70.6897
3884796,ENSCAFG00000001526,,ENSG00000100360,,ortholog_one2one,58.6957,87.0968
3885096,ENSCAFG00000029809,,ENSG00000166862,,ortholog_one2one,76.3848,81.1145
3885275,ENSCAFG00000001544,,ENSG00000100353,,ortholog_one2one,99.0876,99.0876
3885542,ENSCAFG00000001550,,ENSG00000100350,,ortholog_one2one,76.2483,82.6023
3885811,ENSCAFG00000001553,,ENSG00000100348,,ortholog_one2one,89.5705,87.9518
3886079,ENSCAFG00000001630,,ENSG00000100345,,ortholog_one2one,97.3246,98.3673
3886489,ENSCAFG00000029830,,ENSG00000100336,,ortholog_one2many,36.3914,33.9031
3886490,ENSCAFG00000029830,,ENSG00000100342,,ortholog_one2many,36.6972,28.9855
3886491,ENSCAFG00000029830,,ENSG00000128284,,ortholog_one2many,39.1437,31.8408
3886492,ENSCAFG00000029830,,ENSG00000128335,,ortholog_one2many,39.1437,28.5078
3886801,ENSCAFG00000001701,,ENSG00000100320,,ortholog_one2one,71.2389,71.3969
3887117,ENSCAFG00000023063,,ENSG00000128313,,ortholog_one2one,39.4251,44.3418
3887174,ENSCAFG00000001704,,ENSG00000221963,,ortholog_one2one,42.2414,42.8571
3887296,ENSCAFG00000001705,,ENSG00000198125,,ortholog_one2one,35.7388,67.5325
3887557,ENSCAFG00000032609,,ENSG00000100302,,ortholog_one2one,97.7444,97.7444
3887759,ENSCAFG00000001709,,ENSG00000100297,,ortholog_one2one,93.9042,88.1471
3888026,ENSCAFG00000001711,,ENSG00000100292,,ortholog_one2one,86.8056,86.8056
3888211,ENSCAFG00000001717,,ENSG00000100284,,ortholog_one2one,88.2122,91.0751
3888566,ENSCAFG00000001732,,ENSG00000100281,,ortholog_one2one,87.4028,93.5108
3888868,ENSCAFG00000001735,,ENSG00000175329,,ortholog_one2one,69.5473,68.9796
3889036,ENSCAFG00000001740,,ENSG00000133424,,ortholog_one2one,91.75,97.09
3889316,ENSCAFG00000001752,,ENSG00000185666,,ortholog_one2one,94.1278,93.9655
3889598,ENSCAFG00000029189,,ENSG00000100234,,ortholog_one2one,55.7377,96.6825
3889861,ENSCAFG00000001758,,ENSG00000100225,,ortholog_one2one,80.6883,80.8429
3890110,ENSCAFG00000001777,,ENSG00000184459,,ortholog_one2one,70.6645,85.9961
3890352,ENSCAFG00000001785,,ENSG00000100220,,ortholog_one2many,99.802,99.802
3891128,ENSCAFG00000001789,,ENSG00000165637,,ortholog_one2many,90.1099,26.5372
3896669,ENSCAFG00000023435,,ENSG00000198142,,ortholog_one2one,76.2082,78.0952
3896926,ENSCAFG00000001952,,ENSG00000186522,,ortholog_one2one,77.2174,81.6176
3897209,ENSCAFG00000001966,,ENSG00000172985,,ortholog_one2one,83.7054,85.034
3898285,ENSCAFG00000001970,,ENSG00000135960,,ortholog_one2one,93.0649,86.6667
3898534,ENSCAFG00000001978,,ENSG00000163006,,ortholog_one2one,73.0667,82.406
3898696,ENSCAFG00000023061,,ENSG00000153201,,ortholog_one2one,89.2061,88.1824
3899305,ENSCAFG00000002015,,ENSG00000256671,,ortholog_one2many,54.4974,77.6382
3899306,ENSCAFG00000002015,,ENSG00000257207,,ortholog_one2many,26.6314,60.8871
3899307,ENSCAFG00000002015,,ENSG00000169756,,ortholog_one2many,50.2645,73.6434
3899308,ENSCAFG00000002015,,ENSG00000256977,,ortholog_one2many,54.4974,77.6382
3899309,ENSCAFG00000002015,,ENSG00000284337,,ortholog_one2many,26.6314,60.8871
3899661,ENSCAFG00000002025,,ENSG00000135968,,ortholog_one2one,80.0228,83.2542
3899897,ENSCAFG00000023655,,ENSG00000198075,,ortholog_one2one,82.5082,82.7815
3900168,ENSCAFG00000002041,,ENSG00000198203,,ortholog_one2one,70.2186,82.9032
3900345,ENSCAFG00000023398,,ENSG00000196228,,ortholog_one2one,60.559,64.1447
3900707,ENSCAFG00000002064,,ENSG00000115665,,ortholog_one2one,92.9066,92.5862
3901062,ENSCAFG00000045386,,ENSG00000180228,,ortholog_one2many,81.4433,25.2396
3901294,ENSCAFG00000041082,,ENSG00000105058,,ortholog_one2many,98.2143,98.2143
3901716,ENSCAFG00000002080,,ENSG00000144057,,ortholog_one2one,79.0787,77.8828
3902294,ENSCAFG00000002096,,ENSG00000115652,,ortholog_one2one,91.6865,90.8235
3902563,ENSCAFG00000002098,,ENSG00000119147,,ortholog_one2one,58.8235,60.8108
3902827,ENSCAFG00000002099,,ENSG00000071051,,ortholog_one2one,97.6316,97.6316
3903134,ENSCAFG00000002105,,ENSG00000115641,,ortholog_one2one,92.8315,92.8315
3903467,ENSCAFG00000002117,,ENSG00000135974,,ortholog_one2one,92.2414,92.2414
3903715,ENSCAFG00000002112,,ENSG00000135966,,ortholog_one2one,89.2899,89.186
3903967,ENSCAFG00000002119,,ENSG00000135973,,ortholog_one2one,88.7399,88.9785
3904166,ENSCAFG00000002122,,ENSG00000135972,,ortholog_one2one,83.038,82.8283
3904422,ENSCAFG00000003463,,ENSG00000198914,,ortholog_one2one,68.0107,50.6
3904631,ENSCAFG00000032659,,ENSG00000170417,,ortholog_one2one,93.4498,93.4498
3904930,ENSCAFG00000023596,,ENSG00000135953,,ortholog_one2one,72.6496,71.73
3905199,ENSCAFG00000002130,,ENSG00000115616,,ortholog_one2one,91.9399,82.8818
3905501,ENSCAFG00000029466,,ENSG00000180251,,ortholog_one2one,88.8331,88.7218
3905700,ENSCAFG00000002134,,ENSG00000115607,,ortholog_one2one,73.7113,71.6194
3905911,ENSCAFG00000002138,,ENSG00000115604,,ortholog_one2one,50.2786,66.7283
3906172,ENSCAFG00000002142,,ENSG00000115602,,ortholog_one2one,72.3519,72.482
3906419,ENSCAFG00000002145,,ENSG00000115598,,ortholog_one2one,71.6263,72.0
3906812,ENSCAFG00000002147,,ENSG00000115594,,ortholog_one2one,70.1113,77.5044
3907209,ENSCAFG00000002152,,ENSG00000115590,,ortholog_one2one,48.4034,72.3618
3907414,ENSCAFG00000002162,,ENSG00000071054,,ortholog_one2one,94.3482,94.8485
3908073,ENSCAFG00000002190,,ENSG00000196460,,ortholog_one2one,73.8754,78.4926
3908447,ENSCAFG00000030846,,ENSG00000175874,,ortholog_one2one,87.2222,54.1379
3908673,ENSCAFG00000002193,,ENSG00000163162,,ortholog_one2one,6.47059,2.75
3908855,ENSCAFG00000002199,,ENSG00000158435,,ortholog_one2one,97.4855,98.8235
3909107,ENSCAFG00000002206,,ENSG00000204634,,ortholog_one2one,91.2281,90.0433
3909375,ENSCAFG00000002215,,ENSG00000071082,,ortholog_one2one,96.124,95.3846
3909579,ENSCAFG00000002223,,ENSG00000170485,,ortholog_one2one,91.3815,87.5
3909802,ENSCAFG00000002226,,ENSG00000115539,,ortholog_one2one,72.6073,92.0502
3910091,ENSCAFG00000023251,,ENSG00000204640,,ortholog_one2one,81.6327,78.4314
3910275,ENSCAFG00000002235,,ENSG00000115526,,ortholog_one2one,87.5,92.4157
3910531,ENSCAFG00000002239,,ENSG00000170500,,ortholog_one2one,71.6129,73.6074
3910773,ENSCAFG00000023079,,ENSG00000135945,,ortholog_one2one,83.3581,89.6882
3911336,ENSCAFG00000048755,,ENSG00000204272,,ortholog_one2one,86.7647,86.7647
3911411,ENSCAFG00000002278,,ENSG00000158417,,ortholog_one2one,89.6764,95.4098
3911591,ENSCAFG00000002287,,ENSG00000115514,,ortholog_one2one,95.5752,95.5752
3911839,ENSCAFG00000002291,,ENSG00000144214,,ortholog_one2one,64.6465,65.9794
3912170,ENSCAFG00000023912,,ENSG00000185674,,ortholog_one2one,66.3755,71.6981
3912755,ENSCAFG00000031628,,ENSG00000241962,,ortholog_one2many,86.9565,73.2984
3912756,ENSCAFG00000031628,,ENSG00000185414,,ortholog_one2many,86.9565,86.9565
3913223,ENSCAFG00000002294,,ENSG00000158411,,ortholog_one2one,83.5341,83.5341
3913469,ENSCAFG00000002297,,ENSG00000144182,,ortholog_one2one,88.4514,90.3485
3913708,ENSCAFG00000045453,,ENSG00000273045,,ortholog_one2one,27.7992,79.1209
3913766,ENSCAFG00000002310,,ENSG00000135951,,ortholog_one2one,82.9596,93.7896
3913956,ENSCAFG00000002319,,ENSG00000196872,,ortholog_one2one,50.2193,47.6091
3914120,ENSCAFG00000002323,,ENSG00000071073,,ortholog_one2one,90.8451,96.4486
3914388,ENSCAFG00000041073,,ENSG00000115446,,ortholog_one2one,94.2238,94.5652
3914643,ENSCAFG00000002344,,ENSG00000040933,,ortholog_one2one,97.7505,97.8506
3914999,ENSCAFG00000002358,,ENSG00000168658,,ortholog_one2one,80.7384,77.7434
3915201,ENSCAFG00000002365,,ENSG00000075568,,ortholog_one2one,94.8359,93.6272
3915653,ENSCAFG00000002371,,ENSG00000115085,,ortholog_one2one,90.8784,86.9144
3915931,ENSCAFG00000002380,,ENSG00000115073,,ortholog_one2one,74.7984,98.6702
3916075,ENSCAFG00000041005,,ENSG00000228486,,ortholog_one2one,52.1073,51.3208
3916129,ENSCAFG00000002387,,ENSG00000135940,,ortholog_one2many,65.4676,70.5426
3916422,ENSCAFG00000002390,,ENSG00000168754,,ortholog_one2one,70.3297,37.7025
3916559,ENSCAFG00000002393,,ENSG00000168758,,ortholog_one2one,92.7971,92.7971
3916829,ENSCAFG00000002396,,ENSG00000163126,,ortholog_one2one,57.2748,81.3115
3916932,ENSCAFG00000002404,,ENSG00000158158,,ortholog_one2one,89.8241,92.2581
3917276,ENSCAFG00000023414,,ENSG00000168763,,ortholog_one2many,78.3401,54.7383
3917469,ENSCAFG00000002406,,ENSG00000114988,,ortholog_one2one,86.9674,96.6574
3917812,ENSCAFG00000002411,,ENSG00000249715,,ortholog_one2one,77.285,68.145
3917941,ENSCAFG00000002425,,ENSG00000114982,,ortholog_one2one,90.1961,91.5929
3918188,ENSCAFG00000002433,,ENSG00000162881,,ortholog_one2one,76.0101,71.1584
3918398,ENSCAFG00000002435,,ENSG00000162882,,ortholog_one2one,85.3282,77.2727
3918644,ENSCAFG00000031079,,ENSG00000152518,,ortholog_one2one,93.8596,86.6397
3918889,ENSCAFG00000002463,,ENSG00000115970,,ortholog_one2one,82.8293,82.7445
3919138,ENSCAFG00000002489,,ENSG00000152527,,ortholog_one2one,95.1105,95.1105
3919383,ENSCAFG00000002499,,ENSG00000138036,,ortholog_one2one,81.9407,86.3636
3919634,ENSCAFG00000002504,,ENSG00000138075,,ortholog_one2one,83.7423,83.871
3919890,ENSCAFG00000002518,,ENSG00000143921,,ortholog_one2one,69.3069,72.8083
3920148,ENSCAFG00000002527,,ENSG00000138095,,ortholog_one2one,79.397,79.34
3920384,ENSCAFG00000002535,,ENSG00000138032,,ortholog_one2many,97.286,97.286
3920385,ENSCAFG00000002535,,ENSG00000285542,,ortholog_one2many,78.0793,97.3958
3920726,ENSCAFG00000002538,,ENSG00000138079,,ortholog_one2one,74.145,79.1241
3921000,ENSCAFG00000002543,,ENSG00000138078,,ortholog_one2one,91.8809,93.3975
3921248,ENSCAFG00000002546,,ENSG00000143919,,ortholog_one2one,89.4737,89.4737
3921516,ENSCAFG00000002547,,ENSG00000138083,,ortholog_one2one,77.5253,92.4699
3921826,ENSCAFG00000002550,,ENSG00000170577,,ortholog_one2one,96.9799,99.3127
3922067,ENSCAFG00000002554,,ENSG00000068784,,ortholog_one2one,88.9662,89.9497
3922331,ENSCAFG00000002610,,ENSG00000171132,,ortholog_one2one,91.8667,93.4871
3922622,ENSCAFG00000002627,,ENSG00000116016,,ortholog_one2one,90.0922,89.8851
3922938,ENSCAFG00000002629,,ENSG00000284701,,ortholog_one2one,72.7273,76.7123
3923053,ENSCAFG00000002632,,ENSG00000151665,,ortholog_one2one,83.0097,78.0822
3923326,ENSCAFG00000002631,,ENSG00000119729,,ortholog_one2one,100.0,61.4634
3923611,ENSCAFG00000002633,,ENSG00000119878,,ortholog_one2one,20.7602,70.297
3923894,ENSCAFG00000002634,,ENSG00000171150,,ortholog_one2one,97.5746,97.5746
3924158,ENSCAFG00000032480,,ENSG00000180398,,ortholog_one2one,47.3498,91.7808
3924428,ENSCAFG00000002641,,ENSG00000068724,,ortholog_one2one,87.9108,84.9206
3924698,ENSCAFG00000002643,,ENSG00000239605,,ortholog_one2one,82.449,81.4516
3924820,ENSCAFG00000002646,,ENSG00000143933,,ortholog_one2one,93.2886,70.9184
3925108,ENSCAFG00000002653,,ENSG00000119888,,ortholog_one2one,80.8874,69.2982
3925386,ENSCAFG00000002659,,ENSG00000095002,,ortholog_one2one,96.1456,96.1456
3925664,ENSCAFG00000029692,,ENSG00000184261,,ortholog_one2one,97.4596,98.1395
3925989,ENSCAFG00000002664,,ENSG00000116062,,ortholog_one2one,93.4902,87.6471
3926252,ENSCAFG00000002669,,ENSG00000138081,,ortholog_one2one,96.8254,92.1251
3926600,ENSCAFG00000029603,,ENSG00000170802,,ortholog_one2one,92.4829,94.1995
3926874,ENSCAFG00000002688,,ENSG00000162869,,ortholog_one2one,95.5128,95.5128
3927130,ENSCAFG00000002692,,ENSG00000243244,,ortholog_one2many,81.1558,87.8912
3927131,ENSCAFG00000002692,,ENSG00000068781,,ortholog_one2many,79.397,53.4687
3927374,ENSCAFG00000042623,,ENSG00000242441,,ortholog_one2one,84.4538,84.1004
3927580,ENSCAFG00000002695,,ENSG00000279956,,ortholog_one2many,23.8636,80.7692
3927581,ENSCAFG00000002695,,ENSG00000138039,,ortholog_one2many,86.2216,86.8383
3928163,ENSCAFG00000002698,,ENSG00000170820,,ortholog_one2one,90.1989,91.3669
3928421,ENSCAFG00000002712,,ENSG00000179915,,ortholog_one2one,98.9383,96.3801
3928887,ENSCAFG00000002721,,ENSG00000115239,,ortholog_one2one,87.4525,88.8031
3929134,ENSCAFG00000002722,,ENSG00000143942,,ortholog_one2one,94.5652,94.5652
3929394,ENSCAFG00000002724,,ENSG00000068912,,ortholog_one2one,93.1864,96.2733
3929655,ENSCAFG00000002729,,ENSG00000068878,,ortholog_one2one,97.6731,93.3804
3930015,ENSCAFG00000023070,,ENSG00000170634,,ortholog_one2one,28.5714,31.3953
3930299,ENSCAFG00000002740,,ENSG00000177994,,ortholog_one2one,47.3684,75.2613
3930735,ENSCAFG00000002744,,ENSG00000115306,,ortholog_one2one,97.7031,97.0837
3931133,ENSCAFG00000002762,,ENSG00000214595,,ortholog_one2one,96.2806,92.5434
3931760,ENSCAFG00000002771,,ENSG00000115310,,ortholog_one2one,84.6928,70.5537
3932177,ENSCAFG00000002819,,ENSG00000162994,,ortholog_one2one,68.652,74.744
3932504,ENSCAFG00000002829,,ENSG00000085760,,ortholog_one2one,85.1444,85.1444
3933030,ENSCAFG00000002796,,ENSG00000115355,,ortholog_one2one,95.5859,97.2207
3933313,ENSCAFG00000002838,,ENSG00000163001,,ortholog_one2one,92.1053,85.8311
3933567,ENSCAFG00000002860,,ENSG00000275052,,ortholog_one2one,98.2927,94.9352
3933856,ENSCAFG00000002891,,ENSG00000138035,,ortholog_one2one,93.4469,91.06
3934110,ENSCAFG00000002919,,ENSG00000115380,,ortholog_one2one,90.2111,95.3347
3934385,ENSCAFG00000002927,,ENSG00000055813,,ortholog_one2one,89.5161,80.2893
3934702,ENSCAFG00000002935,,ENSG00000028116,,ortholog_one2one,78.9796,76.1811
3935029,ENSCAFG00000002940,,ENSG00000115392,,ortholog_one2one,77.1845,83.6842
3935288,ENSCAFG00000002955,,ENSG00000119866,,ortholog_one2one,99.4005,99.2814
3935562,ENSCAFG00000002975,,ENSG00000115421,,ortholog_one2one,86.1009,95.1087
3935852,ENSCAFG00000002981,,ENSG00000162924,,ortholog_one2one,83.612,80.7754
3936115,ENSCAFG00000002986,,ENSG00000162927,,ortholog_one2one,93.609,94.1399
3936378,ENSCAFG00000002989,,ENSG00000162929,,ortholog_one2one,88.2195,91.7827
3936630,ENSCAFG00000030289,,ENSG00000237651,,ortholog_one2one,65.9794,65.9794
3936725,ENSCAFG00000003007,,ENSG00000115464,,ortholog_one2one,94.3692,98.308
3936994,ENSCAFG00000003050,,ENSG00000082898,,ortholog_one2one,98.8796,98.8796
3937283,ENSCAFG00000003079,,ENSG00000170264,,ortholog_one2one,74.8603,74.8603
3937577,ENSCAFG00000003083,,ENSG00000115484,,ortholog_one2one,98.1447,98.1447
3937877,ENSCAFG00000003090,,ENSG00000173163,,ortholog_one2one,87.766,86.8421
3938150,ENSCAFG00000003094,,ENSG00000170340,,ortholog_one2one,91.9395,91.9395
3938481,ENSCAFG00000003110,,ENSG00000186889,,ortholog_one2one,90.404,90.404
3938740,ENSCAFG00000003106,,ENSG00000115504,,ortholog_one2one,95.5321,95.5321
3938996,ENSCAFG00000029600,,ENSG00000115507,,ortholog_one2one,96.338,96.6102
3939273,ENSCAFG00000003119,,ENSG00000143951,,ortholog_one2one,88.3333,85.2547
3940053,ENSCAFG00000003129,,ENSG00000014641,,ortholog_one2one,95.2096,90.085
3940406,ENSCAFG00000003137,,ENSG00000169764,,ortholog_one2one,98.0315,96.325
3940755,ENSCAFG00000003153,,ENSG00000143952,,ortholog_one2one,96.5803,95.3941
3941011,ENSCAFG00000003162,,ENSG00000197329,,ortholog_one2one,99.7608,99.7608
3941195,ENSCAFG00000031586,,ENSG00000119862,,ortholog_one2one,99.375,92.4419
3941648,ENSCAFG00000003175,,ENSG00000119844,,ortholog_one2one,86.2176,88.8889
3941835,ENSCAFG00000003180,,ENSG00000115902,,ortholog_one2one,90.7372,90.2256
3942103,ENSCAFG00000003184,,ENSG00000011523,,ortholog_one2one,66.0904,65.6539
3942356,ENSCAFG00000003187,,ENSG00000138069,,ortholog_one2one,100.0,100.0
3942644,ENSCAFG00000003191,,ENSG00000138777,,ortholog_one2many,77.709,75.1497
3942932,ENSCAFG00000003197,,ENSG00000138071,,ortholog_one2one,100.0,100.0
3943284,ENSCAFG00000003219,,ENSG00000198369,,ortholog_one2one,91.5691,90.5093
3944058,ENSCAFG00000003233,,ENSG00000143995,,ortholog_one2one,74.9503,81.4255
3944519,ENSCAFG00000003239,,ENSG00000143971,,ortholog_one2one,72.112,66.7387
3944968,ENSCAFG00000030099,,ENSG00000197223,,ortholog_one2one,95.7447,75.0
3945248,ENSCAFG00000003248,,ENSG00000243667,,ortholog_one2one,96.3585,96.3585
3945527,ENSCAFG00000003256,,ENSG00000115946,,ortholog_one2one,71.987,87.6984
3945792,ENSCAFG00000048035,,ENSG00000273398,,ortholog_one2many,89.9408,45.9215
3945793,ENSCAFG00000048035,,ENSG00000221823,,ortholog_one2many,100.0,89.418
3946109,ENSCAFG00000031669,,ENSG00000119865,,ortholog_one2one,39.9425,84.7561
3946433,ENSCAFG00000003260,,ENSG00000115956,,ortholog_one2one,88.5794,90.8571
3946686,ENSCAFG00000003261,,ENSG00000204923,,ortholog_one2one,85.8064,85.8064
3946925,ENSCAFG00000003262,,ENSG00000169621,,ortholog_one2one,72.549,72.407
3947151,ENSCAFG00000029145,,ENSG00000169618,,ortholog_one2one,87.7863,87.7863
3947348,ENSCAFG00000003268,,ENSG00000163219,,ortholog_one2one,84.6154,44.2724
3947604,ENSCAFG00000003271,,ENSG00000163217,,ortholog_one2one,91.5094,91.5094
3947955,ENSCAFG00000003273,,ENSG00000183607,,ortholog_one2one,53.2,72.2826
3948123,ENSCAFG00000003275,,ENSG00000169605,,ortholog_one2one,72.973,67.8392
3948270,ENSCAFG00000003276,,ENSG00000169604,,ortholog_one2one,84.6416,87.9433
3948592,ENSCAFG00000003296,,ENSG00000198380,,ortholog_one2one,96.5468,95.9943
3948849,ENSCAFG00000003309,,ENSG00000115977,,ortholog_one2one,72.891,66.1221
3949177,ENSCAFG00000003314,,ENSG00000196975,,ortholog_one2one,32.8682,66.0436
3949468,ENSCAFG00000003315,,ENSG00000087338,,ortholog_one2many,90.1701,92.6214
3950183,ENSCAFG00000032746,,ENSG00000059728,,ortholog_one2one,35.7955,85.5204
3950431,ENSCAFG00000003324,,ENSG00000244617,,ortholog_one2one,64.5768,60.0583
3950512,ENSCAFG00000003326,,ENSG00000169564,,ortholog_one2many,99.7033,94.382
3950653,ENSCAFG00000003329,,ENSG00000115998,,ortholog_one2one,96.1672,96.1672
3950884,ENSCAFG00000003341,,ENSG00000116001,,ortholog_one2one,98.9637,98.9637
3951174,ENSCAFG00000003349,,ENSG00000116005,,ortholog_one2one,85.3465,85.3465
3951447,ENSCAFG00000032595,,ENSG00000143977,,ortholog_one2one,32.9193,55.2083
3951709,ENSCAFG00000003353,,ENSG00000035141,,ortholog_one2many,95.6522,53.8776
3952264,ENSCAFG00000003366,,ENSG00000163235,,ortholog_one2one,47.5352,81.3253
3952495,ENSCAFG00000003407,,ENSG00000075340,,ortholog_one2one,92.6593,92.1488
3952755,ENSCAFG00000023073,,ENSG00000183733,,ortholog_one2one,62.1891,57.0776
3952989,ENSCAFG00000003431,,ENSG00000152672,,ortholog_one2one,55.5377,58.7436
3953543,ENSCAFG00000003442,,ENSG00000116039,,ortholog_one2one,83.6158,86.5497
3953684,ENSCAFG00000003461,,ENSG00000144031,,ortholog_one2one,54.5624,55.283
3953830,ENSCAFG00000003468,,ENSG00000258881,,ortholog_one2one,75.2747,69.5431
3960175,ENSCAFG00000000494,,ENSG00000237988,,ortholog_one2many,48.7097,47.9365
3970575,ENSCAFG00000049343,,ENSG00000112062,,ortholog_one2one,91.411,41.3889
3971684,ENSCAFG00000000213,,ENSG00000173418,,ortholog_one2many,85.5856,53.3708
3983929,ENSCAFG00000000578,,ENSG00000100442,,ortholog_one2many,88.8393,88.8393
4010184,ENSCAFG00000001354,,ENSG00000120215,,ortholog_one2one,77.1186,77.1186
4010382,ENSCAFG00000001355,,ENSG00000183354,,ortholog_one2one,86.5494,86.5906
4010663,ENSCAFG00000030105,,ENSG00000137033,,ortholog_one2one,55.8935,54.4444
4010765,ENSCAFG00000001365,,ENSG00000170777,,ortholog_one2one,66.3934,57.8571
4011075,ENSCAFG00000001381,,ENSG00000147854,,ortholog_one2one,91.4072,91.5212
4011263,ENSCAFG00000001416,,ENSG00000178445,,ortholog_one2one,92.6357,93.7255
4011525,ENSCAFG00000001422,,ENSG00000095261,,ortholog_one2many,91.5401,83.7302
4011783,ENSCAFG00000001434,,ENSG00000107077,,ortholog_one2one,79.597,89.7727
4012166,ENSCAFG00000029609,,ENSG00000137038,,ortholog_one2one,65.1786,65.1786
4012268,ENSCAFG00000001460,,ENSG00000153707,,ortholog_one2one,97.8159,98.3787
4012896,ENSCAFG00000042455,,ENSG00000134779,,ortholog_one2one,76.9231,36.1842
4013752,ENSCAFG00000032608,,ENSG00000153714,,ortholog_one2one,92.2414,93.8596
4013986,ENSCAFG00000001498,,ENSG00000107186,,ortholog_one2one,89.7315,91.4108
4014326,ENSCAFG00000001520,,ENSG00000147862,,ortholog_one2one,98.7633,98.0702
4014585,ENSCAFG00000001532,,ENSG00000175893,,ortholog_one2one,97.3585,97.3585
4014854,ENSCAFG00000001535,,ENSG00000147869,,ortholog_one2one,80.303,79.4007
4015027,ENSCAFG00000001537,,ENSG00000164946,,ortholog_one2one,83.6005,83.754
4015286,ENSCAFG00000001545,,ENSG00000155158,,ortholog_one2one,86.4353,80.3519
4015603,ENSCAFG00000001548,,ENSG00000164975,,ortholog_one2one,63.1757,90.9976
4015860,ENSCAFG00000001551,,ENSG00000164985,,ortholog_one2one,97.3585,97.3585
4016164,ENSCAFG00000001557,,ENSG00000164989,,ortholog_one2one,92.1053,92.3831
4016975,ENSCAFG00000001562,,ENSG00000173068,,ortholog_one2one,89.6315,95.1774
4017378,ENSCAFG00000001566,,ENSG00000044459,,ortholog_one2one,86.0668,84.3528
4017612,ENSCAFG00000001567,,ENSG00000107295,,ortholog_one2one,94.0678,94.6023
4017856,ENSCAFG00000001581,,ENSG00000178031,,ortholog_one2one,93.8174,93.8706
4018141,ENSCAFG00000001590,,ENSG00000155875,,ortholog_one2one,82.8092,83.3333
4018307,ENSCAFG00000032347,,ENSG00000155876,,ortholog_one2one,52.605,100.0
4018503,ENSCAFG00000001598,,ENSG00000147874,,ortholog_one2one,76.6247,76.5445
4018756,ENSCAFG00000001601,,ENSG00000147872,,ortholog_one2one,82.9978,84.897
4019517,ENSCAFG00000001612,,ENSG00000137145,,ortholog_one2one,91.6286,92.237
4019920,ENSCAFG00000029621,,ENSG00000177076,,ortholog_one2one,58.465,94.1818
4020184,ENSCAFG00000001623,,ENSG00000155886,,ortholog_one2one,93.0723,93.4947
4020855,ENSCAFG00000001635,,ENSG00000171843,,ortholog_one2one,91.4474,97.8873
4021180,ENSCAFG00000025256,,ENSG00000188352,,ortholog_one2one,89.3688,89.6169
4021432,ENSCAFG00000001652,,ENSG00000188921,,ortholog_one2one,93.0736,92.6724
4021670,ENSCAFG00000001653,,ENSG00000171855,,ortholog_one2one,60.2151,59.893
4022103,ENSCAFG00000041326,,ENSG00000228083,,ortholog_many2many,55.615,55.0265
4022104,ENSCAFG00000041326,,ENSG00000236637,,ortholog_many2many,55.615,55.0265
4022105,ENSCAFG00000041326,,ENSG00000197919,,ortholog_many2many,54.0107,53.4392
4022106,ENSCAFG00000041326,,ENSG00000186803,,ortholog_many2many,56.1497,55.5556
4022107,ENSCAFG00000041326,,ENSG00000120235,,ortholog_many2many,55.0802,54.2105
4022108,ENSCAFG00000041326,,ENSG00000233816,,ortholog_many2many,54.5455,53.6842
4022109,ENSCAFG00000041326,,ENSG00000137080,,ortholog_many2many,55.0802,54.4974
4022110,ENSCAFG00000041326,,ENSG00000188379,,ortholog_many2many,53.4759,53.1915
4022111,ENSCAFG00000041326,,ENSG00000147885,,ortholog_many2many,54.0107,53.4392
4022112,ENSCAFG00000041326,,ENSG00000120242,,ortholog_many2many,53.4759,52.9101
4022113,ENSCAFG00000041326,,ENSG00000234829,,ortholog_many2many,53.4759,52.9101
4022114,ENSCAFG00000041326,,ENSG00000214042,,ortholog_many2many,52.9412,52.381
4022115,ENSCAFG00000041326,,ENSG00000147873,,ortholog_many2many,55.0802,54.4974
4022542,ENSCAFG00000048590,,ENSG00000228083,,ortholog_many2many,54.5455,53.9683
4022543,ENSCAFG00000048590,,ENSG00000236637,,ortholog_many2many,54.0107,53.4392
4022544,ENSCAFG00000048590,,ENSG00000197919,,ortholog_many2many,51.8717,51.3228
4022545,ENSCAFG00000048590,,ENSG00000186803,,ortholog_many2many,54.5455,53.9683
4022546,ENSCAFG00000048590,,ENSG00000120235,,ortholog_many2many,53.4759,52.6316
4022547,ENSCAFG00000048590,,ENSG00000233816,,ortholog_many2many,52.4064,51.5789
4022548,ENSCAFG00000048590,,ENSG00000137080,,ortholog_many2many,53.4759,52.9101
4022549,ENSCAFG00000048590,,ENSG00000188379,,ortholog_many2many,51.8717,51.5957
4022550,ENSCAFG00000048590,,ENSG00000147885,,ortholog_many2many,52.9412,52.381
4022551,ENSCAFG00000048590,,ENSG00000120242,,ortholog_many2many,52.9412,52.381
4022552,ENSCAFG00000048590,,ENSG00000234829,,ortholog_many2many,51.8717,51.3228
4022553,ENSCAFG00000048590,,ENSG00000214042,,ortholog_many2many,51.3369,50.7937
4022554,ENSCAFG00000048590,,ENSG00000147873,,ortholog_many2many,53.4759,52.9101
4022982,ENSCAFG00000048954,,ENSG00000228083,,ortholog_many2many,55.615,55.0265
4022983,ENSCAFG00000048954,,ENSG00000236637,,ortholog_many2many,55.0802,54.4974
4022984,ENSCAFG00000048954,,ENSG00000197919,,ortholog_many2many,52.9412,52.381
4022985,ENSCAFG00000048954,,ENSG00000186803,,ortholog_many2many,55.615,55.0265
4022986,ENSCAFG00000048954,,ENSG00000120235,,ortholog_many2many,54.5455,53.6842
4022987,ENSCAFG00000048954,,ENSG00000233816,,ortholog_many2many,53.4759,52.6316
4022988,ENSCAFG00000048954,,ENSG00000137080,,ortholog_many2many,54.5455,53.9683
4022989,ENSCAFG00000048954,,ENSG00000188379,,ortholog_many2many,52.9412,52.6596
4022990,ENSCAFG00000048954,,ENSG00000147885,,ortholog_many2many,53.4759,52.9101
4022991,ENSCAFG00000048954,,ENSG00000120242,,ortholog_many2many,52.9412,52.381
4022992,ENSCAFG00000048954,,ENSG00000234829,,ortholog_many2many,52.9412,52.381
4022993,ENSCAFG00000048954,,ENSG00000214042,,ortholog_many2many,52.4064,51.8519
4022994,ENSCAFG00000048954,,ENSG00000147873,,ortholog_many2many,54.5455,53.9683
4023423,ENSCAFG00000044464,,ENSG00000228083,,ortholog_many2many,55.0802,54.4974
4023424,ENSCAFG00000044464,,ENSG00000236637,,ortholog_many2many,54.5455,53.9683
4023425,ENSCAFG00000044464,,ENSG00000197919,,ortholog_many2many,52.4064,51.8519
4023426,ENSCAFG00000044464,,ENSG00000186803,,ortholog_many2many,55.0802,54.4974
4023427,ENSCAFG00000044464,,ENSG00000120235,,ortholog_many2many,54.0107,53.1579
4023428,ENSCAFG00000044464,,ENSG00000233816,,ortholog_many2many,52.9412,52.1053
4023429,ENSCAFG00000044464,,ENSG00000137080,,ortholog_many2many,54.0107,53.4392
4023430,ENSCAFG00000044464,,ENSG00000188379,,ortholog_many2many,52.4064,52.1277
4023431,ENSCAFG00000044464,,ENSG00000147885,,ortholog_many2many,52.9412,52.381
4023432,ENSCAFG00000044464,,ENSG00000120242,,ortholog_many2many,52.4064,51.8519
4023433,ENSCAFG00000044464,,ENSG00000234829,,ortholog_many2many,52.4064,51.8519
4023434,ENSCAFG00000044464,,ENSG00000214042,,ortholog_many2many,51.8717,51.3228
4023435,ENSCAFG00000044464,,ENSG00000147873,,ortholog_many2many,54.0107,53.4392
4023865,ENSCAFG00000049819,,ENSG00000228083,,ortholog_many2many,55.615,55.0265
4023866,ENSCAFG00000049819,,ENSG00000236637,,ortholog_many2many,55.0802,54.4974
4023867,ENSCAFG00000049819,,ENSG00000197919,,ortholog_many2many,52.9412,52.381
4023868,ENSCAFG00000049819,,ENSG00000186803,,ortholog_many2many,55.615,55.0265
4023869,ENSCAFG00000049819,,ENSG00000120235,,ortholog_many2many,54.5455,53.6842
4023870,ENSCAFG00000049819,,ENSG00000233816,,ortholog_many2many,53.4759,52.6316
4023871,ENSCAFG00000049819,,ENSG00000137080,,ortholog_many2many,54.5455,53.9683
4023872,ENSCAFG00000049819,,ENSG00000188379,,ortholog_many2many,52.9412,52.6596
4023873,ENSCAFG00000049819,,ENSG00000147885,,ortholog_many2many,53.4759,52.9101
4023874,ENSCAFG00000049819,,ENSG00000120242,,ortholog_many2many,52.9412,52.381
4023875,ENSCAFG00000049819,,ENSG00000234829,,ortholog_many2many,52.9412,52.381
4023876,ENSCAFG00000049819,,ENSG00000214042,,ortholog_many2many,52.4064,51.8519
4023877,ENSCAFG00000049819,,ENSG00000147873,,ortholog_many2many,54.5455,53.9683
4024308,ENSCAFG00000046901,,ENSG00000228083,,ortholog_many2many,55.615,55.0265
4024309,ENSCAFG00000046901,,ENSG00000236637,,ortholog_many2many,55.0802,54.4974
4024310,ENSCAFG00000046901,,ENSG00000197919,,ortholog_many2many,52.9412,52.381
4024311,ENSCAFG00000046901,,ENSG00000186803,,ortholog_many2many,55.615,55.0265
4024312,ENSCAFG00000046901,,ENSG00000120235,,ortholog_many2many,54.5455,53.6842
4024313,ENSCAFG00000046901,,ENSG00000233816,,ortholog_many2many,53.4759,52.6316
4024314,ENSCAFG00000046901,,ENSG00000137080,,ortholog_many2many,54.5455,53.9683
4024315,ENSCAFG00000046901,,ENSG00000188379,,ortholog_many2many,52.9412,52.6596
4024316,ENSCAFG00000046901,,ENSG00000147885,,ortholog_many2many,53.4759,52.9101
4024317,ENSCAFG00000046901,,ENSG00000120242,,ortholog_many2many,52.9412,52.381
4024318,ENSCAFG00000046901,,ENSG00000234829,,ortholog_many2many,52.9412,52.381
4024319,ENSCAFG00000046901,,ENSG00000214042,,ortholog_many2many,52.4064,51.8519
4024320,ENSCAFG00000046901,,ENSG00000147873,,ortholog_many2many,54.5455,53.9683
4024752,ENSCAFG00000049301,,ENSG00000228083,,ortholog_many2many,55.615,55.0265
4024753,ENSCAFG00000049301,,ENSG00000236637,,ortholog_many2many,55.0802,54.4974
4024754,ENSCAFG00000049301,,ENSG00000197919,,ortholog_many2many,52.9412,52.381
4024755,ENSCAFG00000049301,,ENSG00000186803,,ortholog_many2many,55.615,55.0265
4024756,ENSCAFG00000049301,,ENSG00000120235,,ortholog_many2many,54.5455,53.6842
4024757,ENSCAFG00000049301,,ENSG00000233816,,ortholog_many2many,53.4759,52.6316
4024758,ENSCAFG00000049301,,ENSG00000137080,,ortholog_many2many,54.5455,53.9683
4024759,ENSCAFG00000049301,,ENSG00000188379,,ortholog_many2many,52.9412,52.6596
4024760,ENSCAFG00000049301,,ENSG00000147885,,ortholog_many2many,53.4759,52.9101
4024761,ENSCAFG00000049301,,ENSG00000120242,,ortholog_many2many,52.9412,52.381
4024762,ENSCAFG00000049301,,ENSG00000234829,,ortholog_many2many,52.9412,52.381
4024763,ENSCAFG00000049301,,ENSG00000214042,,ortholog_many2many,52.4064,51.8519
4024764,ENSCAFG00000049301,,ENSG00000147873,,ortholog_many2many,54.5455,53.9683
4025151,ENSCAFG00000023674,,ENSG00000198642,,ortholog_one2one,99.4819,93.3549
4025483,ENSCAFG00000049093,,ENSG00000228083,,ortholog_many2many,55.615,55.0265
4025484,ENSCAFG00000049093,,ENSG00000236637,,ortholog_many2many,55.0802,54.4974
4025485,ENSCAFG00000049093,,ENSG00000197919,,ortholog_many2many,52.9412,52.381
4025486,ENSCAFG00000049093,,ENSG00000186803,,ortholog_many2many,55.615,55.0265
4025487,ENSCAFG00000049093,,ENSG00000120235,,ortholog_many2many,54.5455,53.6842
4025488,ENSCAFG00000049093,,ENSG00000233816,,ortholog_many2many,53.4759,52.6316
4025489,ENSCAFG00000049093,,ENSG00000137080,,ortholog_many2many,54.5455,53.9683
4025490,ENSCAFG00000049093,,ENSG00000188379,,ortholog_many2many,52.9412,52.6596
4025491,ENSCAFG00000049093,,ENSG00000147885,,ortholog_many2many,53.4759,52.9101
4025492,ENSCAFG00000049093,,ENSG00000120242,,ortholog_many2many,52.9412,52.381
4025493,ENSCAFG00000049093,,ENSG00000234829,,ortholog_many2many,52.9412,52.381
4025494,ENSCAFG00000049093,,ENSG00000214042,,ortholog_many2many,52.4064,51.8519
4025495,ENSCAFG00000049093,,ENSG00000147873,,ortholog_many2many,54.5455,53.9683
4025929,ENSCAFG00000048694,,ENSG00000228083,,ortholog_many2many,54.5455,53.9683
4025930,ENSCAFG00000048694,,ENSG00000236637,,ortholog_many2many,54.0107,53.4392
4025931,ENSCAFG00000048694,,ENSG00000197919,,ortholog_many2many,51.8717,51.3228
4025932,ENSCAFG00000048694,,ENSG00000186803,,ortholog_many2many,54.5455,53.9683
4025933,ENSCAFG00000048694,,ENSG00000120235,,ortholog_many2many,53.4759,52.6316
4025934,ENSCAFG00000048694,,ENSG00000233816,,ortholog_many2many,52.4064,51.5789
4025935,ENSCAFG00000048694,,ENSG00000137080,,ortholog_many2many,53.4759,52.9101
4025936,ENSCAFG00000048694,,ENSG00000188379,,ortholog_many2many,52.4064,52.1277
4025937,ENSCAFG00000048694,,ENSG00000147885,,ortholog_many2many,52.4064,51.8519
4025938,ENSCAFG00000048694,,ENSG00000120242,,ortholog_many2many,52.4064,51.8519
4025939,ENSCAFG00000048694,,ENSG00000234829,,ortholog_many2many,51.8717,51.3228
4025940,ENSCAFG00000048694,,ENSG00000214042,,ortholog_many2many,51.3369,50.7937
4025941,ENSCAFG00000048694,,ENSG00000147873,,ortholog_many2many,53.4759,52.9101
4026336,ENSCAFG00000001671,,ENSG00000264545,,ortholog_one2one,30.0562,74.8252
4026620,ENSCAFG00000001675,,ENSG00000147883,,ortholog_one2one,63.8418,81.8841
4026728,ENSCAFG00000001681,,ENSG00000176399,,ortholog_one2one,76.8031,78.1746
4026935,ENSCAFG00000001688,,ENSG00000107105,,ortholog_one2one,100.0,100.0
4027205,ENSCAFG00000028528,,ENSG00000205442,,ortholog_one2one,80.0,80.3347
4027629,ENSCAFG00000031230,,ENSG00000120159,,ortholog_one2one,93.6464,93.9058
4027874,ENSCAFG00000001698,,ENSG00000137055,,ortholog_one2one,95.7286,95.8491
4028135,ENSCAFG00000001706,,ENSG00000096872,,ortholog_one2one,90.8333,90.8333
4028385,ENSCAFG00000001712,,ENSG00000184434,,ortholog_one2one,79.4038,79.1892
4028578,ENSCAFG00000001713,,ENSG00000120156,,ortholog_one2one,94.1228,95.4626
4028970,ENSCAFG00000001715,,ENSG00000120162,,ortholog_one2one,99.0741,99.0741
4029136,ENSCAFG00000001716,,ENSG00000147896,,ortholog_one2one,71.2919,71.9807
4029418,ENSCAFG00000001720,,ENSG00000147894,,ortholog_one2one,98.5447,96.3415
4029678,ENSCAFG00000001727,,ENSG00000174482,,ortholog_one2one,99.0099,99.0099
4030408,ENSCAFG00000001786,,ENSG00000122729,,ortholog_one2one,91.01,92.2385
4030659,ENSCAFG00000001807,,ENSG00000107201,,ortholog_one2one,81.7297,81.7297
4030870,ENSCAFG00000001809,,ENSG00000197579,,ortholog_one2one,93.1927,93.0144
4031222,ENSCAFG00000001812,,ENSG00000137074,,ortholog_one2one,88.169,91.5205
4031727,ENSCAFG00000001836,,ENSG00000122692,,ortholog_one2one,99.8051,99.8051
4032056,ENSCAFG00000001840,,ENSG00000086062,,ortholog_one2one,86.7168,86.9347
4032373,ENSCAFG00000001843,,ENSG00000122711,,ortholog_one2one,53.6842,46.789
4032494,ENSCAFG00000001844,,ENSG00000107262,,ortholog_one2one,57.2052,75.942
4032753,ENSCAFG00000001846,,ENSG00000086065,,ortholog_one2one,42.6614,99.5434
4033109,ENSCAFG00000001848,,ENSG00000086102,,ortholog_one2one,92.8444,92.6786
4033379,ENSCAFG00000001854,,ENSG00000259916,,ortholog_one2many,41.0526,67.4352
4033380,ENSCAFG00000001854,,ENSG00000165269,,ortholog_one2many,43.8596,73.0994
4033639,ENSCAFG00000001869,,ENSG00000165271,,ortholog_one2one,90.5759,90.5759
4033900,ENSCAFG00000031810,,ENSG00000107341,,ortholog_one2many,100.0,100.0
4034118,ENSCAFG00000001891,,ENSG00000137073,,ortholog_one2one,83.4046,87.1314
4034498,ENSCAFG00000001901,,ENSG00000198876,,ortholog_one2one,85.3306,91.17
4034764,ENSCAFG00000001905,,ENSG00000165006,,ortholog_one2many,93.4974,93.9929
4035053,ENSCAFG00000001909,,ENSG00000186638,,ortholog_one2one,78.5348,78.3626
4035317,ENSCAFG00000031608,,ENSG00000164978,,ortholog_one2one,90.4762,90.4762
4035562,ENSCAFG00000031154,,ENSG00000164976,,ortholog_one2one,94.3978,94.3978
4035935,ENSCAFG00000001915,,ENSG00000164972,,ortholog_one2one,80.1527,80.1527
4036073,ENSCAFG00000001919,,ENSG00000164970,,ortholog_one2one,90.2439,80.0
4036408,ENSCAFG00000001923,,ENSG00000122735,,ortholog_one2one,85.9972,86.4865
4036684,ENSCAFG00000032571,,ENSG00000168913,,ortholog_one2one,26.5018,98.6842
4036781,ENSCAFG00000001932,,ENSG00000122756,,ortholog_one2one,97.8495,97.8495
4037056,ENSCAFG00000001921,,ENSG00000164967,,ortholog_one2many,95.7055,95.7055
4037287,ENSCAFG00000001937,,ENSG00000137100,,ortholog_one2one,94.6237,94.6237
4037543,ENSCAFG00000024873,,ENSG00000205143,,ortholog_one2one,87.5912,87.3786
4037770,ENSCAFG00000030020,,ENSG00000147955,,ortholog_one2one,44.3243,73.5426
4038030,ENSCAFG00000001946,,ENSG00000137070,,ortholog_one2many,48.129,88.3886
4038031,ENSCAFG00000001946,,ENSG00000258728,,ortholog_one2many,32.7742,90.7143
4038223,ENSCAFG00000001953,,ENSG00000213927,,ortholog_one2one,68.9076,73.2143
4038338,ENSCAFG00000048940,,ENSG00000187186,,ortholog_one2one,90.8046,90.8046
4038418,ENSCAFG00000001954,,ENSG00000172724,,ortholog_one2one,72.1739,79.8077
4038582,ENSCAFG00000046326,,ENSG00000205108,,ortholog_one2many,52.3277,21.0487
4038666,ENSCAFG00000028944,,ENSG00000205108,,ortholog_one2many,63.9411,58.5768
4039050,ENSCAFG00000025056,,ENSG00000187791,,ortholog_one2many,63.2911,59.1716
4039165,ENSCAFG00000001962,,ENSG00000122733,,ortholog_one2one,93.5,93.5
4039423,ENSCAFG00000001965,,ENSG00000137094,,ortholog_one2one,88.5033,97.1429
4039774,ENSCAFG00000044987,,ENSG00000174038,,ortholog_one2many,67.8161,5.46803
4039872,ENSCAFG00000001967,,ENSG00000174038,,ortholog_one2many,53.7872,58.5728
4039973,ENSCAFG00000001976,,ENSG00000165280,,ortholog_one2one,99.8759,99.8759
4040266,ENSCAFG00000001995,,ENSG00000221829,,ortholog_one2one,62.0347,80.3858
4040500,ENSCAFG00000002000,,ENSG00000165282,,ortholog_one2one,84.0555,89.0725
4040759,ENSCAFG00000048026,,ENSG00000165283,,ortholog_one2one,97.7528,97.7528
4041030,ENSCAFG00000002017,,ENSG00000005238,,ortholog_one2one,93.4701,93.1227
4041284,ENSCAFG00000002030,,ENSG00000198722,,ortholog_one2one,79.6761,78.2258
4041952,ENSCAFG00000002049,,ENSG00000198853,,ortholog_one2one,91.4683,91.2269
4042230,ENSCAFG00000002055,,ENSG00000215187,,ortholog_one2one,78.5714,80.0
4042378,ENSCAFG00000002058,,ENSG00000107140,,ortholog_one2one,93.2624,84.0256
4042722,ENSCAFG00000002061,,ENSG00000137101,,ortholog_one2one,60.3825,61.5599
4042911,ENSCAFG00000002063,,ENSG00000137078,,ortholog_one2one,58.0,64.7321
4043013,ENSCAFG00000002066,,ENSG00000159884,,ortholog_one2one,61.4334,63.6042
4043116,ENSCAFG00000002073,,ENSG00000137135,,ortholog_one2one,63.9225,78.806
4043368,ENSCAFG00000002077,,ENSG00000107159,,ortholog_one2one,80.9111,81.2636
4043711,ENSCAFG00000002086,,ENSG00000198467,,ortholog_one2one,92.2535,92.2535
4043977,ENSCAFG00000002154,,ENSG00000137076,,ortholog_one2one,98.6317,99.2916
4044245,ENSCAFG00000002203,,ENSG00000107175,,ortholog_one2one,72.5212,69.0027
4044467,ENSCAFG00000030134,,ENSG00000070610,,ortholog_one2one,81.5945,89.4283
4044730,ENSCAFG00000002225,,ENSG00000107185,,ortholog_one2one,82.4719,93.8619
4044979,ENSCAFG00000030766,,ENSG00000215183,,ortholog_one2one,93.5252,93.5252
4045248,ENSCAFG00000002233,,ENSG00000159899,,ortholog_one2one,93.7435,85.8644
4045574,ENSCAFG00000029463,,ENSG00000137098,,ortholog_one2one,60.6335,53.493
4045754,ENSCAFG00000002240,,ENSG00000137133,,ortholog_one2one,89.5705,89.5705
4045996,ENSCAFG00000002242,,ENSG00000204930,,ortholog_one2one,53.373,66.9154
4046107,ENSCAFG00000002250,,ENSG00000137103,,ortholog_one2one,92.5926,89.2857
4046471,ENSCAFG00000023939,,ENSG00000168828,,ortholog_one2one,84.6154,84.6154
4046671,ENSCAFG00000029080,,ENSG00000196196,,ortholog_one2one,57.2581,61.7391
4046738,ENSCAFG00000045785,,ENSG00000235387,,ortholog_one2one,86.6667,86.6667
4046779,ENSCAFG00000031872,,ENSG00000278889,,ortholog_one2many,83.6991,83.6991
4047254,ENSCAFG00000031867,,ENSG00000243641,,ortholog_one2many,46.6877,46.395
4047446,ENSCAFG00000029096,,ENSG00000243641,,ortholog_one2many,48.7421,48.5893
4047837,ENSCAFG00000002281,,ENSG00000122707,,ortholog_one2one,95.4686,95.4686
4048112,ENSCAFG00000002292,,ENSG00000122705,,ortholog_one2one,54.0541,64.5161
4048380,ENSCAFG00000002304,,ENSG00000159921,,ortholog_one2one,96.9128,95.8831
4048632,ENSCAFG00000002315,,ENSG00000137075,,ortholog_one2one,81.862,99.0291
4048965,ENSCAFG00000002334,,ENSG00000165304,,ortholog_one2one,91.7051,91.7051
4049270,ENSCAFG00000002357,,ENSG00000196092,,ortholog_one2one,91.6456,92.5831
4049557,ENSCAFG00000024624,,ENSG00000147905,,ortholog_one2one,73.3945,73.6648
4049810,ENSCAFG00000002370,,ENSG00000137106,,ortholog_one2one,83.5366,76.5363
4050082,ENSCAFG00000029817,,ENSG00000168795,,ortholog_one2one,86.2205,97.0458
4050399,ENSCAFG00000002377,,ENSG00000137054,,ortholog_one2one,55.2581,60.0832
4050645,ENSCAFG00000002382,,ENSG00000147912,,ortholog_one2one,94.8745,94.8745
4051074,ENSCAFG00000002386,,ENSG00000070601,,ortholog_one2one,84.2205,84.2205
4051409,ENSCAFG00000028527,,ENSG00000165275,,ortholog_one2one,87.3418,87.3418
4051644,ENSCAFG00000002391,,ENSG00000107371,,ortholog_one2one,92.7273,92.7273
4051901,ENSCAFG00000002394,,ENSG00000122741,,ortholog_one2one,91.6667,92.4866
4052164,ENSCAFG00000002395,,ENSG00000122696,,ortholog_one2many,93.9394,93.9394
4052165,ENSCAFG00000002395,,ENSG00000141437,,ortholog_one2many,92.5926,89.5765
4052343,ENSCAFG00000002397,,ENSG00000255872,,ortholog_one2many,52.5591,89.899
4052344,ENSCAFG00000002397,,ENSG00000107338,,ortholog_one2many,96.4567,96.2672
4052831,ENSCAFG00000002400,,ENSG00000137124,,ortholog_one2one,94.4231,94.971
4052935,ENSCAFG00000031828,,ENSG00000137142,,ortholog_one2one,72.619,43.8849
4053248,ENSCAFG00000002403,,ENSG00000197816,,ortholog_one2one,70.9193,68.4369
4053407,ENSCAFG00000002416,,ENSG00000196116,,ortholog_one2one,91.8033,91.8033
4053732,ENSCAFG00000002427,,ENSG00000136842,,ortholog_one2one,97.7716,97.7716
4053995,ENSCAFG00000002439,,ENSG00000136925,,ortholog_one2one,84.6008,86.2403
4054235,ENSCAFG00000002445,,ENSG00000136937,,ortholog_one2one,99.6203,99.6203
4054502,ENSCAFG00000002454,,ENSG00000136936,,ortholog_one2one,93.4066,93.4066
4054762,ENSCAFG00000044031,,ENSG00000178919,,ortholog_one2one,69.6721,45.5764
4054991,ENSCAFG00000002460,,ENSG00000136932,,ortholog_one2one,72.5572,79.1383
4055180,ENSCAFG00000002461,,ENSG00000136929,,ortholog_one2one,61.3546,63.6364
4055291,ENSCAFG00000002469,,ENSG00000136938,,ortholog_one2one,45.2138,88.4462
4055539,ENSCAFG00000002471,,ENSG00000106785,,ortholog_one2one,80.2247,80.7692
4055754,ENSCAFG00000002477,,ENSG00000106789,,ortholog_one2one,84.3931,83.4286
4056106,ENSCAFG00000002483,,ENSG00000095383,,ortholog_one2one,82.7292,83.6207
4056387,ENSCAFG00000002487,,ENSG00000136928,,ortholog_one2one,89.7704,91.3921
4056675,ENSCAFG00000002492,,ENSG00000165138,,ortholog_one2one,91.8224,90.2411
4056933,ENSCAFG00000002494,,ENSG00000119514,,ortholog_one2one,89.7924,89.3287
4057201,ENSCAFG00000002525,,ENSG00000204291,,ortholog_one2one,75.7617,80.6196
4057458,ENSCAFG00000002528,,ENSG00000106799,,ortholog_one2one,92.7308,93.0966
4057748,ENSCAFG00000002533,,ENSG00000106803,,ortholog_one2one,100.0,100.0
4058005,ENSCAFG00000002532,,ENSG00000119523,,ortholog_one2one,78.6058,78.6058
4058260,ENSCAFG00000045952,,ENSG00000119508,,ortholog_one2one,93.0915,84.6154
4058510,ENSCAFG00000002539,,ENSG00000136874,,ortholog_one2one,83.7681,95.6954
4058742,ENSCAFG00000002542,,ENSG00000023318,,ortholog_one2one,81.7337,65.0246
4059014,ENSCAFG00000002552,,ENSG00000119509,,ortholog_one2one,84.2105,85.6338
4059264,ENSCAFG00000002565,,ENSG00000136891,,ortholog_one2one,95.5867,95.5867
4059775,ENSCAFG00000002577,,ENSG00000251349,,ortholog_one2one,72.0264,95.8944
4059972,ENSCAFG00000002581,,ENSG00000170681,,ortholog_one2one,88.3657,87.6374
4060632,ENSCAFG00000002586,,ENSG00000148123,,ortholog_one2one,98.1538,98.1538
4061065,ENSCAFG00000023863,,ENSG00000136881,,ortholog_one2one,71.327,72.0096
4061262,ENSCAFG00000032597,,ENSG00000136897,,ortholog_one2one,77.9874,78.481
4061449,ENSCAFG00000002596,,ENSG00000136870,,ortholog_one2one,97.3941,95.5272
4061687,ENSCAFG00000002598,,ENSG00000136872,,ortholog_one2one,91.8635,96.1538
4061950,ENSCAFG00000002603,,ENSG00000165152,,ortholog_one2one,97.2705,97.2705
4062184,ENSCAFG00000002607,,ENSG00000155827,,ortholog_one2one,98.4615,98.4615
4062454,ENSCAFG00000002617,,ENSG00000198785,,ortholog_one2one,93.6114,94.6188
4062715,ENSCAFG00000002624,,ENSG00000155833,,ortholog_one2one,39.1892,50.0
4062794,ENSCAFG00000002661,,ENSG00000136824,,ortholog_one2one,95.8858,95.4052
4063649,ENSCAFG00000030606,,ENSG00000186881,,ortholog_one2many,79.5107,81.5047
4064029,ENSCAFG00000002678,,ENSG00000148136,,ortholog_one2one,89.3082,89.3082
4064175,ENSCAFG00000002677,,ENSG00000204246,,ortholog_one2one,89.9054,82.1326
4064370,ENSCAFG00000002679,,ENSG00000186943,,ortholog_one2one,85.8934,85.625
4064701,ENSCAFG00000031077,,ENSG00000186881,,ortholog_one2many,84.0256,82.4451
4065104,ENSCAFG00000030353,,ENSG00000136839,,ortholog_many2many,90.4459,89.3082
4065105,ENSCAFG00000030353,,ENSG00000277556,,ortholog_many2many,87.2611,86.1635
4065106,ENSCAFG00000030353,,ENSG00000276119,,ortholog_many2many,90.7643,89.6226
4065311,ENSCAFG00000032409,,ENSG00000136839,,ortholog_many2many,92.7673,92.7673
4065312,ENSCAFG00000032409,,ENSG00000277556,,ortholog_many2many,85.5346,85.5346
4065313,ENSCAFG00000032409,,ENSG00000276119,,ortholog_many2many,89.9371,89.9371
4065795,ENSCAFG00000048711,,ENSG00000179055,,ortholog_one2many,87.2611,79.1908
4066018,ENSCAFG00000042521,,ENSG00000179055,,ortholog_one2many,87.5796,79.4798
4066234,ENSCAFG00000023949,,ENSG00000165028,,ortholog_one2one,56.5684,85.4251
4066530,ENSCAFG00000002727,,ENSG00000165029,,ortholog_one2one,94.2503,94.167
4066907,ENSCAFG00000002758,,ENSG00000070214,,ortholog_one2one,87.1369,95.8904
4067235,ENSCAFG00000002767,,ENSG00000106701,,ortholog_one2one,91.6988,89.6226
4067497,ENSCAFG00000002770,,ENSG00000106692,,ortholog_one2one,86.3454,93.2755
4067746,ENSCAFG00000032112,,ENSG00000186051,,ortholog_one2one,62.5,87.963
4067979,ENSCAFG00000024981,,ENSG00000095209,,ortholog_one2one,84.5324,80.756
4068240,ENSCAFG00000002774,,ENSG00000148143,,ortholog_one2one,91.2062,93.5355
4068528,ENSCAFG00000002792,,ENSG00000119318,,ortholog_one2one,93.1034,92.4205
4068810,ENSCAFG00000002797,,ENSG00000136826,,ortholog_one2one,76.3326,74.739
4069424,ENSCAFG00000002799,,ENSG00000148156,,ortholog_one2one,68.7225,75.1807
4069548,ENSCAFG00000002803,,ENSG00000187003,,ortholog_one2one,80.042,87.5862
4069721,ENSCAFG00000002818,,ENSG00000070061,,ortholog_one2one,88.4069,87.8158
4070001,ENSCAFG00000028510,,ENSG00000119328,,ortholog_one2one,96.1326,96.1326
4070258,ENSCAFG00000002835,,ENSG00000119326,,ortholog_one2one,90.7821,88.5559
4070517,ENSCAFG00000002837,,ENSG00000106771,,ortholog_one2one,86.0,92.9465
4070786,ENSCAFG00000002840,,ENSG00000260230,,ortholog_one2one,91.7391,72.0136
4071040,ENSCAFG00000002847,,ENSG00000095203,,ortholog_one2one,85.4369,78.2222
4071298,ENSCAFG00000002868,,ENSG00000070159,,ortholog_one2one,90.9958,94.0854
4072742,ENSCAFG00000029601,,ENSG00000188959,,ortholog_one2one,40.4908,27.6151
4072931,ENSCAFG00000032363,,ENSG00000136810,,ortholog_one2many,42.9348,75.2381
4073157,ENSCAFG00000002928,,ENSG00000165124,,ortholog_one2one,84.7504,86.4577
4073462,ENSCAFG00000032331,,ENSG00000030304,,ortholog_one2one,85.6833,90.9091
4073769,ENSCAFG00000002978,,ENSG00000198121,,ortholog_one2one,97.2527,97.2527
4074046,ENSCAFG00000002983,,ENSG00000171133,,ortholog_one2one,85.7595,78.5507
4074233,ENSCAFG00000002990,,ENSG00000136813,,ortholog_one2one,96.8461,88.2995
4074487,ENSCAFG00000002996,,ENSG00000173258,,ortholog_one2one,78.4416,81.1828
4074709,ENSCAFG00000003000,,ENSG00000106853,,ortholog_one2one,74.5098,80.8511
4075048,ENSCAFG00000003006,,ENSG00000059769,,ortholog_one2one,93.8719,93.6111
4075328,ENSCAFG00000003008,,ENSG00000165181,,ortholog_one2one,71.8037,71.9529
4075472,ENSCAFG00000003010,,ENSG00000148154,,ortholog_one2one,90.9774,92.132
4075730,ENSCAFG00000003013,,ENSG00000106868,,ortholog_one2one,77.821,79.2602
4075966,ENSCAFG00000003015,,ENSG00000119314,,ortholog_one2one,93.5039,85.1255
4076223,ENSCAFG00000003028,,ENSG00000119471,,ortholog_one2many,88.2775,88.2775
4076641,ENSCAFG00000003043,,ENSG00000165185,,ortholog_one2one,60.8401,60.3495
4076844,ENSCAFG00000003054,,ENSG00000148153,,ortholog_one2one,99.0385,99.0385
4077149,ENSCAFG00000003059,,ENSG00000148158,,ortholog_one2one,85.2018,86.9565
4077413,ENSCAFG00000003063,,ENSG00000119457,,ortholog_one2one,82.3285,83.3684
4078261,ENSCAFG00000048454,,ENSG00000256892,,ortholog_one2one,60.8696,58.3333
4078518,ENSCAFG00000003192,,ENSG00000136867,,ortholog_one2one,74.2857,72.7273
4078788,ENSCAFG00000003198,,ENSG00000119321,,ortholog_one2one,84.3854,83.347
4079066,ENSCAFG00000003215,,ENSG00000136868,,ortholog_one2one,71.5447,92.6316
4079336,ENSCAFG00000031020,,ENSG00000176386,,ortholog_one2one,94.1176,94.1176
4079553,ENSCAFG00000003224,,ENSG00000136875,,ortholog_one2one,99.4253,99.4253
4079816,ENSCAFG00000003238,,ENSG00000148225,,ortholog_one2one,88.2192,87.7384
4080053,ENSCAFG00000003242,,ENSG00000119411,,ortholog_one2one,82.0375,76.1194
4080275,ENSCAFG00000003244,,ENSG00000119431,,ortholog_one2one,78.8845,78.8845
4080488,ENSCAFG00000003246,,ENSG00000148218,,ortholog_one2one,94.5455,94.5455
4080739,ENSCAFG00000030380,,ENSG00000148229,,ortholog_one2one,77.5401,98.6395
4080861,ENSCAFG00000003250,,ENSG00000157653,,ortholog_one2one,44.8276,56.3991
4080955,ENSCAFG00000003267,,ENSG00000138835,,ortholog_one2one,71.6323,75.4591
4081374,ENSCAFG00000003282,,ENSG00000157657,,ortholog_one2one,82.4732,88.7841
4081629,ENSCAFG00000003303,,ENSG00000106927,,ortholog_one2one,45.5067,67.6136
4081887,ENSCAFG00000003313,,ENSG00000136883,,ortholog_one2one,69.0936,71.4286
4082074,ENSCAFG00000003327,,ENSG00000196739,,ortholog_one2one,73.2103,53.3333
4082241,ENSCAFG00000003331,,ENSG00000229314,,ortholog_one2many,50.7317,51.7413
4082242,ENSCAFG00000003331,,ENSG00000228278,,ortholog_one2many,52.6829,53.7313
4082422,ENSCAFG00000003340,,ENSG00000106948,,ortholog_one2one,68.8161,45.2397
4082605,ENSCAFG00000003344,,ENSG00000095397,,ortholog_one2one,84.7548,87.6516
4083174,ENSCAFG00000003351,,ENSG00000157693,,ortholog_one2one,88.6957,89.2128
4083418,ENSCAFG00000029773,,ENSG00000230601,,ortholog_one2one,61.3445,60.8333
4083484,ENSCAFG00000003362,,ENSG00000181634,,ortholog_one2one,74.386,84.4622
4083658,ENSCAFG00000003367,,ENSG00000106952,,ortholog_one2one,81.6239,81.6239
4083826,ENSCAFG00000003426,,ENSG00000041982,,ortholog_one2one,81.2919,88.0509
4084369,ENSCAFG00000003488,,ENSG00000182752,,ortholog_one2one,92.5403,84.6343
4084692,ENSCAFG00000003504,,ENSG00000148219,,ortholog_one2one,93.1978,89.0217
4084965,ENSCAFG00000003516,,ENSG00000119401,,ortholog_one2one,97.4046,97.7029
4085268,ENSCAFG00000003518,,ENSG00000136869,,ortholog_one2one,73.7095,73.1824
4085661,ENSCAFG00000003526,,ENSG00000078725,,ortholog_one2one,99.343,99.343
4085923,ENSCAFG00000003560,,ENSG00000136861,,ortholog_one2one,72.2344,69.6778
4086184,ENSCAFG00000049181,,ENSG00000106780,,ortholog_one2one,95.9091,35.0498
4086378,ENSCAFG00000003570,,ENSG00000119402,,ortholog_one2one,100.0,100.0
4086653,ENSCAFG00000003574,,ENSG00000095261,,ortholog_one2many,92.0,91.2698
4087047,ENSCAFG00000041427,,ENSG00000119403,,ortholog_one2one,59.2857,27.7129
4087303,ENSCAFG00000003587,,ENSG00000056558,,ortholog_one2one,54.8913,48.5577
4087502,ENSCAFG00000003591,,ENSG00000106804,,ortholog_one2one,81.0056,77.864
4087766,ENSCAFG00000003608,,ENSG00000119397,,ortholog_one2one,78.6512,84.7742
4088014,ENSCAFG00000003629,,ENSG00000119396,,ortholog_one2one,100.0,100.0
4088350,ENSCAFG00000003663,,ENSG00000148180,,ortholog_one2one,93.188,87.468
4088688,ENSCAFG00000003692,,ENSG00000148175,,ortholog_one2one,90.8451,89.5833
4089052,ENSCAFG00000000367,,ENSG00000154269,,ortholog_one2one,85.0114,84.9143
4089499,ENSCAFG00000000380,,ENSG00000112282,,ortholog_one2one,98.1118,98.3261
4089751,ENSCAFG00000000386,,ENSG00000118520,,ortholog_one2one,92.236,90.0
4089963,ENSCAFG00000000388,,ENSG00000204599,,ortholog_one2one,96.1315,95.9459
4090205,ENSCAFG00000000394,,ENSG00000241370,,ortholog_one2one,78.6517,79.096
4090388,ENSCAFG00000000396,,ENSG00000204590,,ortholog_one2one,97.5288,97.5288
4090606,ENSCAFG00000000400,,ENSG00000204576,,ortholog_one2many,90.9574,90.9574
4090718,ENSCAFG00000030478,,ENSG00000204574,,ortholog_one2one,95.2986,88.6525
4090934,ENSCAFG00000000406,,ENSG00000204569,,ortholog_one2one,95.9574,95.9574
4091168,ENSCAFG00000000411,,ENSG00000204568,,ortholog_one2one,84.4358,84.1085
4091396,ENSCAFG00000000414,,ENSG00000137343,,ortholog_one2many,90.625,89.5487
4091608,ENSCAFG00000000416,,ENSG00000204564,,ortholog_one2one,87.8594,55.4436
4091820,ENSCAFG00000000427,,ENSG00000204560,,ortholog_one2one,96.5451,96.6378
4092064,ENSCAFG00000000437,,ENSG00000146112,,ortholog_one2one,81.068,81.7292
4092197,ENSCAFG00000049487,,ENSG00000137404,,ortholog_one2one,92.1642,94.2748
4092391,ENSCAFG00000000442,,ENSG00000137337,,ortholog_one2one,67.8347,62.0871
4092593,ENSCAFG00000000443,,ENSG00000196230,,ortholog_one2many,100.0,100.0
4092930,ENSCAFG00000000444,,ENSG00000137312,,ortholog_one2one,96.9697,97.4239
4093236,ENSCAFG00000000447,,ENSG00000137331,,ortholog_one2one,78.2051,78.2051
4093373,ENSCAFG00000000448,,ENSG00000204580,,ortholog_one2one,88.8211,95.1034
4093635,ENSCAFG00000032081,,ENSG00000213780,,ortholog_one2one,98.9201,99.1342
4093843,ENSCAFG00000000454,,ENSG00000137411,,ortholog_one2one,85.0704,85.2305
4094054,ENSCAFG00000049828,,ENSG00000196260,,ortholog_one2one,69.2308,69.2308
4094143,ENSCAFG00000000470,,ENSG00000168631,,ortholog_one2one,39.0947,13.0137
4094243,ENSCAFG00000000472,,ENSG00000204542,,ortholog_one2one,67.2474,59.3846
4094329,ENSCAFG00000000474,,ENSG00000204539,,ortholog_one2one,76.506,72.0227
4094428,ENSCAFG00000000478,,ENSG00000204536,,ortholog_one2one,74.0232,80.4822
4094594,ENSCAFG00000000483,,ENSG00000137310,,ortholog_one2one,47.028,77.971
4094802,ENSCAFG00000000485,,ENSG00000204531,,ortholog_one2many,90.8333,90.8333
4095627,ENSCAFG00000000506,,ENSG00000204511,,ortholog_one2one,79.3103,77.3109
4095699,ENSCAFG00000000509,,ENSG00000198563,,ortholog_one2one,92.757,92.757
4095907,ENSCAFG00000000513,,ENSG00000213760,,ortholog_one2one,55.3719,84.8101
4096025,ENSCAFG00000030599,,ENSG00000204498,,ortholog_one2one,92.6316,92.3885
4096226,ENSCAFG00000000515,,ENSG00000226979,,ortholog_one2one,77.451,77.0732
4096487,ENSCAFG00000000517,,ENSG00000232810,,ortholog_one2one,90.9871,90.9871
4096762,ENSCAFG00000030292,,ENSG00000227507,,ortholog_one2one,79.7571,80.7377
4096876,ENSCAFG00000030919,,ENSG00000204475,,ortholog_one2one,68.0628,64.6766
4096964,ENSCAFG00000032693,,ENSG00000204472,,ortholog_one2one,52.973,60.8696
4097148,ENSCAFG00000000533,,ENSG00000204469,,ortholog_one2one,90.4412,91.2378
4097348,ENSCAFG00000000575,,ENSG00000204463,,ortholog_one2one,95.8012,95.3112
4097598,ENSCAFG00000000598,,ENSG00000204444,,ortholog_one2one,85.6383,85.6383
4097712,ENSCAFG00000000600,,ENSG00000204439,,ortholog_one2one,79.7909,77.8912
4097795,ENSCAFG00000000601,,ENSG00000204438,,ortholog_one2one,84.6154,83.427
4097988,ENSCAFG00000000604,,ENSG00000204435,,ortholog_one2one,70.5479,88.0342
4098217,ENSCAFG00000030202,,ENSG00000263020,,ortholog_one2many,68.0,44.7368
4098218,ENSCAFG00000030202,,ENSG00000240053,,ortholog_one2many,73.5,73.1343
4098299,ENSCAFG00000000606,,ENSG00000204428,,ortholog_one2one,59.375,33.7778
4098388,ENSCAFG00000000607,,ENSG00000204427,,ortholog_one2one,89.0653,90.5018
4098599,ENSCAFG00000000610,,ENSG00000204424,,ortholog_one2many,72.0395,73.7374
4098600,ENSCAFG00000000610,,ENSG00000250641,,ortholog_one2many,72.6974,57.8534
4098697,ENSCAFG00000000613,,ENSG00000204422,,ortholog_one2many,65.2174,71.4286
4098698,ENSCAFG00000000613,,ENSG00000255552,,ortholog_one2many,65.2174,36.0
4098775,ENSCAFG00000031994,,ENSG00000244355,,ortholog_one2one,30.2013,25.8621
4098849,ENSCAFG00000000614,,ENSG00000204421,,ortholog_one2one,88.0,88.0
4098950,ENSCAFG00000000615,,ENSG00000204420,,ortholog_one2one,78.6047,70.1245
4099051,ENSCAFG00000000617,,ENSG00000213722,,ortholog_one2one,98.2456,98.2456
4099265,ENSCAFG00000000621,,ENSG00000213719,,ortholog_one2many,98.3402,98.3402
4099523,ENSCAFG00000000626,,ENSG00000204410,,ortholog_one2many,90.7944,86.2275
4099524,ENSCAFG00000000626,,ENSG00000255152,,ortholog_one2many,90.6684,84.4888
4099780,ENSCAFG00000000628,,ENSG00000228727,,ortholog_one2one,74.0113,73.5955
4099926,ENSCAFG00000000630,,ENSG00000204396,,ortholog_one2one,77.2257,83.7262
4100108,ENSCAFG00000000636,,ENSG00000204394,,ortholog_one2one,88.8636,92.8006
4100514,ENSCAFG00000000639,,ENSG00000204390,,ortholog_one2one,93.1921,96.0998
4100643,ENSCAFG00000000641,,ENSG00000204389,,ortholog_one2many,89.9857,98.1279
4100644,ENSCAFG00000000641,,ENSG00000204388,,ortholog_one2many,89.9857,98.1279
4100845,ENSCAFG00000000642,,ENSG00000204386,,ortholog_one2one,87.2289,87.2289
4101071,ENSCAFG00000000658,,ENSG00000204385,,ortholog_one2one,86.7232,86.4789
4101277,ENSCAFG00000000669,,ENSG00000204371,,ortholog_one2one,96.9219,96.9219
4101520,ENSCAFG00000000674,,ENSG00000204366,,ortholog_one2one,98.4749,98.4749
4101721,ENSCAFG00000000686,,ENSG00000166278,,ortholog_one2one,81.0256,84.0426
4101864,ENSCAFG00000041232,,ENSG00000243649,,ortholog_one2many,73.147,78.7958
4101865,ENSCAFG00000041232,,ENSG00000244255,,ortholog_one2many,71.5674,46.5245
4102119,ENSCAFG00000000690,,ENSG00000204356,,ortholog_one2one,96.063,94.5736
4102330,ENSCAFG00000000679,,ENSG00000204351,,ortholog_one2one,94.5425,94.5425
4102546,ENSCAFG00000000694,,ENSG00000204348,,ortholog_one2one,81.1083,81.3131
4102762,ENSCAFG00000042328,,ENSG00000204344,,ortholog_one2many,32.7078,33.1522
4102949,ENSCAFG00000000701,,ENSG00000244731,,ortholog_one2many,82.5086,82.2248
4102950,ENSCAFG00000000701,,ENSG00000224389,,ortholog_one2many,82.3936,82.1101
4103249,ENSCAFG00000000712,,ENSG00000231852,,ortholog_one2one,76.9231,76.7677
4103470,ENSCAFG00000000751,,ENSG00000168477,,ortholog_one2one,79.7529,70.4297
4103808,ENSCAFG00000000761,,ENSG00000213676,,ortholog_one2one,90.5689,86.0597
4104020,ENSCAFG00000047022,,ENSG00000204315,,ortholog_one2one,83.6676,83.6676
4104144,ENSCAFG00000000764,,ENSG00000204314,,ortholog_one2one,78.6096,96.0784
4104292,ENSCAFG00000000766,,ENSG00000221988,,ortholog_one2many,93.8511,94.1558
4104293,ENSCAFG00000000766,,ENSG00000258388,,ortholog_one2many,79.6116,81.7276
4104597,ENSCAFG00000000768,,ENSG00000241404,,ortholog_one2one,72.1893,83.2765
4104704,ENSCAFG00000000774,,ENSG00000204308,,ortholog_one2one,98.3333,98.3333
4104901,ENSCAFG00000000777,,ENSG00000204305,,ortholog_one2one,71.9697,67.8571
4105084,ENSCAFG00000000783,,ENSG00000204304,,ortholog_one2one,97.2093,97.2093
4105245,ENSCAFG00000000790,,ENSG00000213654,,ortholog_one2one,45.6731,59.375
4105428,ENSCAFG00000000791,,ENSG00000204301,,ortholog_one2one,84.7716,75.0374
4106554,ENSCAFG00000000797,,ENSG00000204290,,ortholog_one2one,70.099,73.444
4106672,ENSCAFG00000000803,,ENSG00000204287,,ortholog_one2one,59.0643,79.5276
4106962,ENSCAFG00000000814,,ENSG00000179344,,ortholog_one2many,70.297,79.1822
4106963,ENSCAFG00000000814,,ENSG00000232629,,ortholog_one2many,68.6469,75.6364
4107179,ENSCAFG00000000832,,ENSG00000168394,,ortholog_one2one,65.625,70.1733
4107437,ENSCAFG00000030725,,ENSG00000240065,,ortholog_one2one,90.4306,86.3014
4107672,ENSCAFG00000000848,,ENSG00000204257,,ortholog_one2one,71.6981,65.5172
4107831,ENSCAFG00000000871,,ENSG00000204256,,ortholog_one2one,97.6339,93.7799
4108188,ENSCAFG00000000896,,ENSG00000204252,,ortholog_one2one,80.4,80.4
4108299,ENSCAFG00000000900,,ENSG00000223865,,ortholog_one2one,49.1228,43.4109
4108392,ENSCAFG00000000903,,ENSG00000204248,,ortholog_one2one,95.9608,95.7949
4108662,ENSCAFG00000000912,,ENSG00000204231,,ortholog_one2one,98.5075,98.324
4108986,ENSCAFG00000000917,,ENSG00000112473,,ortholog_one2one,54.0752,73.5608
4109187,ENSCAFG00000000933,,ENSG00000204227,,ortholog_one2one,98.5222,98.5222
4109403,ENSCAFG00000000941,,ENSG00000223501,,ortholog_one2many,97.9253,97.9253
4109806,ENSCAFG00000000954,,ENSG00000227057,,ortholog_one2one,86.5285,82.1311
4110017,ENSCAFG00000000956,,ENSG00000204220,,ortholog_one2many,99.2248,99.2248
4110251,ENSCAFG00000000963,,ENSG00000237441,,ortholog_one2one,82.9091,88.0309
4110388,ENSCAFG00000000972,,ENSG00000231925,,ortholog_one2one,79.9555,71.2302
4110608,ENSCAFG00000000977,,ENSG00000236104,,ortholog_one2one,91.9056,85.9621
4110879,ENSCAFG00000000981,,ENSG00000204209,,ortholog_one2one,88.9796,88.3784
4111069,ENSCAFG00000047836,,ENSG00000285064,,ortholog_one2many,77.5,78.481
4111070,ENSCAFG00000047836,,ENSG00000286920,,ortholog_one2many,77.5,78.481
4111125,ENSCAFG00000001130,,ENSG00000096433,,ortholog_one2one,94.3473,94.9832
4111396,ENSCAFG00000000987,,ENSG00000237649,,ortholog_one2one,76.7988,77.7117
4111592,ENSCAFG00000000998,,ENSG00000112511,,ortholog_one2one,97.0093,91.5344
4111809,ENSCAFG00000001008,,ENSG00000112514,,ortholog_one2one,78.866,85.4749
4111932,ENSCAFG00000001014,,ENSG00000197283,,ortholog_one2one,90.8497,41.3999
4112250,ENSCAFG00000001017,,ENSG00000213588,,ortholog_one2one,82.0225,77.167
4112538,ENSCAFG00000001022,,ENSG00000030110,,ortholog_one2one,77.3663,89.0995
4112716,ENSCAFG00000031270,,ENSG00000137288,,ortholog_one2one,83.8235,90.4762
4112952,ENSCAFG00000001188,,ENSG00000161896,,ortholog_one2one,81.8182,81.2195
4113141,ENSCAFG00000001191,,ENSG00000161904,,ortholog_one2one,76.7642,88.668
4113323,ENSCAFG00000001194,,ENSG00000096395,,ortholog_one2one,39.7129,72.1739
4113435,ENSCAFG00000024506,,ENSG00000119616,,ortholog_one2many,98.4848,98.4848
4113652,ENSCAFG00000001202,,ENSG00000124493,,ortholog_one2one,98.1503,93.0921
4113992,ENSCAFG00000001211,,ENSG00000137309,,ortholog_one2one,98.1132,97.1963
4114322,ENSCAFG00000001212,,ENSG00000272325,,ortholog_one2one,98.8372,98.8372
4114589,ENSCAFG00000001214,,ENSG00000124614,,ortholog_one2one,42.9363,72.77
4114821,ENSCAFG00000001221,,ENSG00000124507,,ortholog_one2one,76.8924,86.9369
4115150,ENSCAFG00000001227,,ENSG00000124664,,ortholog_one2one,94.0299,94.0299
4115465,ENSCAFG00000001229,,ENSG00000196821,,ortholog_one2one,98.9691,96.6443
4116303,ENSCAFG00000001231,,ENSG00000124562,,ortholog_one2many,98.1132,86.6667
4116555,ENSCAFG00000001234,,ENSG00000065060,,ortholog_one2one,90.6993,90.0694
4116828,ENSCAFG00000023724,,ENSG00000088832,,ortholog_many2many,66.9725,56.5891
4116829,ENSCAFG00000023724,,ENSG00000198225,,ortholog_many2many,93.578,94.4444
4117081,ENSCAFG00000001239,,ENSG00000064995,,ortholog_one2one,90.0474,90.0474
4117346,ENSCAFG00000001277,,ENSG00000064999,,ortholog_one2one,93.6242,93.4673
4117599,ENSCAFG00000001287,,ENSG00000124678,,ortholog_one2one,82.2709,80.0388
4117711,ENSCAFG00000001298,,ENSG00000146197,,ortholog_one2one,95.0446,96.576
4117968,ENSCAFG00000001304,,ENSG00000065029,,ortholog_one2one,77.8902,94.5614
4118188,ENSCAFG00000001307,,ENSG00000023892,,ortholog_one2one,94.9287,94.9287
4118460,ENSCAFG00000001310,,ENSG00000112033,,ortholog_one2one,84.5666,90.7029
4118754,ENSCAFG00000001313,,ENSG00000112039,,ortholog_one2one,76.0668,76.4925
4118988,ENSCAFG00000001318,,ENSG00000198755,,ortholog_one2one,100.0,100.0
4119222,ENSCAFG00000001326,,ENSG00000007866,,ortholog_one2one,70.0326,98.8506
4119541,ENSCAFG00000001335,,ENSG00000112041,,ortholog_one2one,84.9091,86.1624
4119806,ENSCAFG00000001341,,ENSG00000254772,,ortholog_one2one,93.2643,82.3799
4120020,ENSCAFG00000001343,,ENSG00000096060,,ortholog_one2one,94.5175,94.3107
4120295,ENSCAFG00000028936,,ENSG00000157343,,ortholog_one2one,88.0109,88.0109
4120513,ENSCAFG00000001348,,ENSG00000196748,,ortholog_one2one,45.2632,28.1046
4120597,ENSCAFG00000001351,,ENSG00000197753,,ortholog_one2one,70.1639,97.7169
4120926,ENSCAFG00000001349,,ENSG00000137392,,ortholog_one2one,60.6897,78.5714
4121110,ENSCAFG00000001364,,ENSG00000096063,,ortholog_one2one,66.9149,93.7407
4121398,ENSCAFG00000001376,,ENSG00000112053,,ortholog_one2one,72.3316,71.9588
4121890,ENSCAFG00000001382,,ENSG00000156711,,ortholog_one2one,92.8962,93.1507
4122158,ENSCAFG00000001386,,ENSG00000096070,,ortholog_one2one,85.2213,94.2739
4122502,ENSCAFG00000001392,,ENSG00000180316,,ortholog_one2one,71.8584,76.1726
4122694,ENSCAFG00000001393,,ENSG00000189325,,ortholog_one2one,58.8415,59.2025
4122788,ENSCAFG00000001394,,ENSG00000010030,,ortholog_one2one,52.3702,68.0352
4123319,ENSCAFG00000001398,,ENSG00000112078,,ortholog_one2one,93.0788,93.0788
4123527,ENSCAFG00000001411,,ENSG00000112079,,ortholog_one2many,79.1809,99.7849
4123829,ENSCAFG00000001414,,ENSG00000112081,,ortholog_one2one,100.0,100.0
4124208,ENSCAFG00000029853,,ENSG00000124762,,ortholog_one2one,34.7339,75.6098
4124455,ENSCAFG00000001418,,ENSG00000255587,,ortholog_one2one,71.3536,66.6014
4124741,ENSCAFG00000001423,,ENSG00000124772,,ortholog_one2one,85.4071,93.7605
4125077,ENSCAFG00000001428,,ENSG00000137168,,ortholog_one2one,62.8788,100.0
4125351,ENSCAFG00000001432,,ENSG00000198663,,ortholog_one2one,79.2208,86.1582
4125591,ENSCAFG00000001438,,ENSG00000164530,,ortholog_one2one,76.6376,75.8099
4125693,ENSCAFG00000001441,,ENSG00000137409,,ortholog_one2one,80.1242,65.4822
4125937,ENSCAFG00000001444,,ENSG00000146192,,ortholog_one2one,87.519,87.7863
4126125,ENSCAFG00000001448,,ENSG00000137193,,ortholog_one2one,48.062,99.0415
4126513,ENSCAFG00000030176,,ENSG00000065491,,ortholog_one2one,41.3043,60.198
4126815,ENSCAFG00000001477,,ENSG00000137200,,ortholog_one2one,96.8862,96.8862
4127064,ENSCAFG00000030835,,ENSG00000198937,,ortholog_one2one,84.5361,84.5361
4127275,ENSCAFG00000001488,,ENSG00000112139,,ortholog_one2one,91.58,90.5447
4127528,ENSCAFG00000001489,,ENSG00000156639,,ortholog_one2one,70.3333,92.9515
4127883,ENSCAFG00000001492,,ENSG00000183826,,ortholog_one2one,95.68,97.7124
4128163,ENSCAFG00000029506,,ENSG00000124767,,ortholog_one2one,89.1304,89.1304
4128478,ENSCAFG00000001518,,ENSG00000124721,,ortholog_one2one,94.7451,89.6325
4128748,ENSCAFG00000001547,,ENSG00000112164,,ortholog_one2one,90.6179,85.5292
4128963,ENSCAFG00000001549,,ENSG00000112167,,ortholog_one2one,84.6995,84.6995
4129177,ENSCAFG00000029359,,ENSG00000164626,,ortholog_one2one,78.6408,81.1623
4129530,ENSCAFG00000001556,,ENSG00000124780,,ortholog_one2one,52.1583,43.6747
4129817,ENSCAFG00000046962,,ENSG00000095981,,ortholog_one2one,72.7891,66.4596
4130075,ENSCAFG00000001560,,ENSG00000164627,,ortholog_one2one,88.089,82.6781
4130366,ENSCAFG00000001565,,ENSG00000146122,,ortholog_one2one,96.9331,96.8431
4130638,ENSCAFG00000001568,,ENSG00000124615,,ortholog_one2one,72.3373,76.8868
4130892,ENSCAFG00000001571,,ENSG00000156564,,ortholog_one2one,91.4663,96.4512
4131224,ENSCAFG00000001572,,ENSG00000124602,,ortholog_one2one,89.7287,89.3822
4131338,ENSCAFG00000001574,,ENSG00000112212,,ortholog_one2one,72.093,72.9412
4131586,ENSCAFG00000001575,,ENSG00000124701,,ortholog_one2one,94.6429,94.6429
4131903,ENSCAFG00000001578,,ENSG00000124596,,ortholog_one2one,96.7105,96.7105
4132207,ENSCAFG00000001580,,ENSG00000001167,,ortholog_one2one,100.0,99.7118
4132576,ENSCAFG00000001586,,ENSG00000161911,,ortholog_one2one,42.2562,71.0611
4132814,ENSCAFG00000001589,,ENSG00000112195,,ortholog_one2one,44.1667,66.0436
4132961,ENSCAFG00000001591,,ENSG00000124731,,ortholog_one2one,43.0894,42.4
4133055,ENSCAFG00000001593,,ENSG00000096264,,ortholog_one2one,37.9009,47.1014
4133166,ENSCAFG00000001596,,ENSG00000137166,,ortholog_one2one,95.0073,95.1471
4133426,ENSCAFG00000001597,,ENSG00000112559,,ortholog_one2one,69.7819,91.0569
4133669,ENSCAFG00000001599,,ENSG00000112561,,ortholog_one2one,79.5053,91.8367
4133930,ENSCAFG00000032567,,ENSG00000137218,,ortholog_one2one,93.1452,93.9024
4134191,ENSCAFG00000001604,,ENSG00000124593,,ortholog_one2many,51.8447,69.5312
4134192,ENSCAFG00000001604,,ENSG00000278224,,ortholog_one2many,51.8447,69.5312
4134306,ENSCAFG00000001605,,ENSG00000214736,,ortholog_one2one,93.2432,93.2432
4134544,ENSCAFG00000001609,,ENSG00000164663,,ortholog_one2one,92.9515,92.0058
4134845,ENSCAFG00000001613,,ENSG00000124641,,ortholog_one2one,99.5283,99.5283
4135099,ENSCAFG00000001614,,ENSG00000112578,,ortholog_one2one,93.3638,93.3638
4135365,ENSCAFG00000001618,,ENSG00000112576,,ortholog_one2one,62.8947,81.8493
4135568,ENSCAFG00000001622,,ENSG00000137413,,ortholog_one2one,87.0968,79.8817
4135831,ENSCAFG00000031768,,ENSG00000188112,,ortholog_one2one,72.6611,58.8384
4135940,ENSCAFG00000031208,,ENSG00000287363,,ortholog_one2many,75.0,66.1417
4135941,ENSCAFG00000031208,,ENSG00000214732,,ortholog_one2many,75.0,66.1417
4136077,ENSCAFG00000001631,,ENSG00000048545,,ortholog_one2one,93.1707,95.0249
4136298,ENSCAFG00000001633,,ENSG00000048544,,ortholog_one2one,50.0,82.5871
4136548,ENSCAFG00000001642,,ENSG00000124496,,ortholog_one2one,90.3955,91.8033
4136794,ENSCAFG00000001697,,ENSG00000024048,,ortholog_one2one,96.1823,96.1823
4137069,ENSCAFG00000001722,,ENSG00000112619,,ortholog_one2one,92.1965,92.1965
4137425,ENSCAFG00000001723,,ENSG00000124659,,ortholog_one2one,71.6495,80.3468
4137620,ENSCAFG00000001725,,ENSG00000112624,,ortholog_one2one,93.1382,94.3466
4137910,ENSCAFG00000001728,,ENSG00000146223,,ortholog_one2many,87.1094,87.451
4138270,ENSCAFG00000031615,,ENSG00000171611,,ortholog_one2one,52.7638,35.473
4138366,ENSCAFG00000001736,,ENSG00000137161,,ortholog_one2one,92.1147,92.446
4138614,ENSCAFG00000001741,,ENSG00000124713,,ortholog_one2one,96.2712,96.2712
4138866,ENSCAFG00000001748,,ENSG00000124587,,ortholog_one2one,91.7347,91.7347
4139122,ENSCAFG00000001753,,ENSG00000112640,,ortholog_one2one,87.6471,99.0033
4139385,ENSCAFG00000001756,,ENSG00000124733,,ortholog_one2one,67.4603,90.4255
4139658,ENSCAFG00000043792,,ENSG00000124702,,ortholog_one2one,97.3822,95.6298
4139964,ENSCAFG00000001763,,ENSG00000124541,,ortholog_one2one,85.3659,81.0811
4140156,ENSCAFG00000001774,,ENSG00000044090,,ortholog_one2one,88.8099,84.1751
4140485,ENSCAFG00000001782,,ENSG00000288564,,ortholog_one2many,68.3007,87.8151
4140486,ENSCAFG00000001782,,ENSG00000112651,,ortholog_one2many,88.8889,89.1803
4140728,ENSCAFG00000001787,,ENSG00000137171,,ortholog_one2one,95.6169,92.4647
4141171,ENSCAFG00000001814,,ENSG00000112655,,ortholog_one2one,92.7103,92.0223
4141452,ENSCAFG00000001829,,ENSG00000112658,,ortholog_one2one,97.2441,97.2441
4141783,ENSCAFG00000001834,,ENSG00000112659,,ortholog_one2one,91.3595,91.5773
4142109,ENSCAFG00000001837,,ENSG00000112667,,ortholog_one2one,73.7143,53.0864
4142288,ENSCAFG00000001839,,ENSG00000146216,,ortholog_one2one,75.4279,46.707
4142547,ENSCAFG00000001842,,ENSG00000146215,,ortholog_one2one,91.5094,89.4009
4142706,ENSCAFG00000001847,,ENSG00000171467,,ortholog_one2one,85.6329,85.7832
4142947,ENSCAFG00000001853,,ENSG00000124574,,ortholog_one2one,89.2617,89.1421
4143538,ENSCAFG00000001858,,ENSG00000171462,,ortholog_one2one,81.8605,91.906
4143800,ENSCAFG00000001865,,ENSG00000137221,,ortholog_one2one,76.7101,84.5601
4143903,ENSCAFG00000024782,,ENSG00000204052,,ortholog_one2one,99.3151,91.7721
4144150,ENSCAFG00000001868,,ENSG00000137207,,ortholog_one2one,97.9827,95.5056
4144402,ENSCAFG00000001872,,ENSG00000171453,,ortholog_one2one,97.3988,97.3988
4144666,ENSCAFG00000001892,,ENSG00000124571,,ortholog_one2one,85.5019,95.515
4144938,ENSCAFG00000001910,,ENSG00000170734,,ortholog_one2one,87.3596,87.237
4145199,ENSCAFG00000001918,,ENSG00000172432,,ortholog_one2one,99.5017,99.5017
4145575,ENSCAFG00000001922,,ENSG00000124688,,ortholog_one2one,84.3066,75.4902
4145830,ENSCAFG00000001924,,ENSG00000172426,,ortholog_one2one,52.988,43.4641
4146088,ENSCAFG00000001928,,ENSG00000096080,,ortholog_one2one,47.7509,52.4715
4146351,ENSCAFG00000001938,,ENSG00000112715,,ortholog_one2one,72.5253,87.1359
4146657,ENSCAFG00000031182,,ENSG00000180992,,ortholog_one2one,32.0442,40.0
4146911,ENSCAFG00000001941,,ENSG00000137216,,ortholog_one2one,88.5111,90.7452
4147292,ENSCAFG00000001960,,ENSG00000137225,,ortholog_one2one,73.2026,60.6225
4147633,ENSCAFG00000001981,,ENSG00000112759,,ortholog_one2one,72.4551,79.6053
4147970,ENSCAFG00000041148,,ENSG00000096384,,ortholog_one2one,99.8619,99.8619
4148225,ENSCAFG00000001983,,ENSG00000157593,,ortholog_one2one,92.74,91.6667
4148485,ENSCAFG00000001985,,ENSG00000146232,,ortholog_one2one,80.5243,43.0
4148738,ENSCAFG00000001986,,ENSG00000178233,,ortholog_one2many,80.3077,92.2262
4148739,ENSCAFG00000001986,,ENSG00000272442,,ortholog_one2many,18.3077,88.1481
4149060,ENSCAFG00000001987,,ENSG00000146221,,ortholog_one2one,83.8323,83.8323
4149305,ENSCAFG00000001989,,ENSG00000124608,,ortholog_one2one,87.3096,87.3096
4149554,ENSCAFG00000031540,,ENSG00000249481,,ortholog_one2one,80.0,78.6667
4149913,ENSCAFG00000001996,,ENSG00000096401,,ortholog_one2one,99.0025,99.0025
4150194,ENSCAFG00000002002,,ENSG00000196284,,ortholog_one2one,68.3951,84.4512
4150447,ENSCAFG00000041248,,ENSG00000092010,,ortholog_one2many,60.9524,25.6
4150673,ENSCAFG00000002008,,ENSG00000124813,,ortholog_one2one,47.479,41.6974
4150871,ENSCAFG00000002016,,ENSG00000112782,,ortholog_one2one,78.8177,78.0488
4151166,ENSCAFG00000002020,,ENSG00000001561,,ortholog_one2one,89.8455,89.8455
4151436,ENSCAFG00000002021,,ENSG00000112796,,ortholog_one2one,87.631,87.631
4151690,ENSCAFG00000002023,,ENSG00000172348,,ortholog_one2one,94.4444,97.9424
4151890,ENSCAFG00000002026,,ENSG00000146233,,ortholog_one2one,72.3164,81.8763
4152092,ENSCAFG00000002029,,ENSG00000153291,,ortholog_one2one,81.768,91.6409
4152328,ENSCAFG00000002036,,ENSG00000180113,,ortholog_one2one,76.6382,77.0038
4152582,ENSCAFG00000002037,,ENSG00000146070,,ortholog_one2one,61.9417,72.3356
4153089,ENSCAFG00000002054,,ENSG00000069122,,ortholog_one2one,77.3055,79.7177
4153505,ENSCAFG00000002068,,ENSG00000153292,,ortholog_one2one,76.1194,78.4615
4153710,ENSCAFG00000002078,,ENSG00000146072,,ortholog_one2many,95.3451,90.687
4154039,ENSCAFG00000002089,,ENSG00000198087,,ortholog_one2one,88.6677,90.6103
4154297,ENSCAFG00000002092,,ENSG00000164393,,ortholog_one2one,74.4928,72.5989
4154483,ENSCAFG00000002095,,ENSG00000153294,,ortholog_one2one,82.3954,75.9309
4154625,ENSCAFG00000002097,,ENSG00000124818,,ortholog_one2one,92.3684,91.8848
4154884,ENSCAFG00000002100,,ENSG00000244694,,ortholog_one2one,97.9834,97.6359
4155188,ENSCAFG00000002101,,ENSG00000119471,,ortholog_one2many,80.7471,67.2249
4155459,ENSCAFG00000002106,,ENSG00000167721,,ortholog_one2many,87.1866,38.9303
4155743,ENSCAFG00000002111,,ENSG00000146085,,ortholog_one2one,95.0667,95.0667
4156008,ENSCAFG00000002126,,ENSG00000031691,,ortholog_one2one,72.3881,72.3881
4156228,ENSCAFG00000002127,,ENSG00000203972,,ortholog_one2one,90.1408,88.8889
4156770,ENSCAFG00000002141,,ENSG00000112077,,ortholog_one2one,75.4217,72.2864
4157036,ENSCAFG00000023105,,ENSG00000124490,,ortholog_one2one,54.2056,62.5899
4157406,ENSCAFG00000043946,,ENSG00000170950,,ortholog_one2one,82.3661,88.4892
4157661,ENSCAFG00000028592,,ENSG00000124812,,ortholog_one2one,56.3158,42.9719
4157865,ENSCAFG00000044583,,ENSG00000177684,,ortholog_one2one,66.1765,65.2174
4157927,ENSCAFG00000023077,,ENSG00000214642,,ortholog_one2one,65.8537,65.8537
4158003,ENSCAFG00000023065,,ENSG00000203970,,ortholog_one2one,77.6119,77.6119
4158064,ENSCAFG00000049967,,ENSG00000180872,,ortholog_one2one,27.619,30.8511
4158109,ENSCAFG00000002153,,ENSG00000008197,,ortholog_one2one,100.0,100.0
4158364,ENSCAFG00000002156,,ENSG00000008196,,ortholog_one2one,94.5378,97.8261
4158614,ENSCAFG00000002165,,ENSG00000170927,,ortholog_one2one,79.8478,79.8478
4158952,ENSCAFG00000028874,,ENSG00000112115,,ortholog_one2one,76.9231,77.4194
4159065,ENSCAFG00000002183,,ENSG00000112116,,ortholog_one2one,45.9184,55.2147
4159407,ENSCAFG00000002196,,ENSG00000112118,,ortholog_one2one,89.7185,85.932
4159675,ENSCAFG00000030193,,ENSG00000170915,,ortholog_one2one,75.0547,96.8927
4159962,ENSCAFG00000002210,,ENSG00000096093,,ortholog_one2one,81.3953,87.3635
4160217,ENSCAFG00000002214,,ENSG00000065308,,ortholog_one2one,82.2785,87.8378
4160474,ENSCAFG00000044300,,ENSG00000096092,,ortholog_one2one,38.4298,93.9394
4161128,ENSCAFG00000024066,,ENSG00000170899,,ortholog_one2many,61.4035,63.0631
4161326,ENSCAFG00000002255,,ENSG00000112144,,ortholog_one2one,67.4787,86.698
4161584,ENSCAFG00000002264,,ENSG00000112146,,ortholog_one2one,90.0217,92.8412
4162105,ENSCAFG00000002273,,ENSG00000137270,,ortholog_one2one,82.069,81.8807
4162288,ENSCAFG00000002276,,ENSG00000012660,,ortholog_one2one,96.3211,88.3436
4163523,ENSCAFG00000002288,,ENSG00000001084,,ortholog_one2one,96.5785,97.1831
4163822,ENSCAFG00000029285,,ENSG00000167863,,ortholog_one2many,78.022,44.0994
4164433,ENSCAFG00000002300,,ENSG00000124743,,ortholog_one2one,92.7445,92.7445
4164733,ENSCAFG00000002305,,ENSG00000137269,,ortholog_one2one,93.7378,91.4122
4165019,ENSCAFG00000002316,,ENSG00000146147,,ortholog_one2one,76.5854,79.0534
4165233,ENSCAFG00000002322,,ENSG00000137251,,ortholog_one2one,91.1765,91.1765
4165693,ENSCAFG00000002327,,ENSG00000168143,,ortholog_one2one,88.4729,88.8229
4166006,ENSCAFG00000002328,,ENSG00000137252,,ortholog_one2one,97.7477,97.7477
4166271,ENSCAFG00000002331,,ENSG00000187871,,ortholog_one2one,56.6071,80.4569
4166493,ENSCAFG00000002341,,ENSG00000146151,,ortholog_one2one,69.6391,88.6487
4167079,ENSCAFG00000002345,,ENSG00000112175,,ortholog_one2one,98.2379,98.2379
4167357,ENSCAFG00000002348,,ENSG00000124749,,ortholog_one2one,92.2675,92.2675
4167511,ENSCAFG00000046553,,ENSG00000197894,,ortholog_one2many,95.7627,30.2139
4167678,ENSCAFG00000003053,,ENSG00000213719,,ortholog_one2many,93.7759,93.7759
4167940,ENSCAFG00000002413,,ENSG00000151914,,ortholog_one2one,84.8298,88.5136
4168288,ENSCAFG00000002447,,ENSG00000151917,,ortholog_one2one,95.6989,95.6989
4168532,ENSCAFG00000002451,,ENSG00000112200,,ortholog_one2one,81.0565,83.8831
4168741,ENSCAFG00000028759,,ENSG00000112208,,ortholog_one2one,97.6303,97.6303
4169007,ENSCAFG00000002459,,ENSG00000112210,,ortholog_one2one,97.0464,97.0464
4169336,ENSCAFG00000023267,,ENSG00000146143,,ortholog_one2one,89.9804,76.9748
4169608,ENSCAFG00000002470,,ENSG00000112232,,ortholog_one2one,98.2808,98.2808
4170443,ENSCAFG00000002482,,ENSG00000146166,,ortholog_one2one,69.8387,85.0688
4170708,ENSCAFG00000002490,,ENSG00000112245,,ortholog_one2one,100.0,100.0
4171026,ENSCAFG00000002493,,ENSG00000118482,,ortholog_one2one,87.6404,87.9843
4171387,ENSCAFG00000043810,,ENSG00000204576,,ortholog_one2many,86.2434,86.7021
4171645,ENSCAFG00000049091,,ENSG00000198301,,ortholog_one2one,59.8639,12.8093
4171942,ENSCAFG00000023431,,ENSG00000135298,,ortholog_one2one,98.4242,98.4888
4172658,ENSCAFG00000002545,,ENSG00000168216,,ortholog_one2one,93.6364,91.637
4173132,ENSCAFG00000002562,,ENSG00000082293,,ortholog_one2one,88.4109,88.1786
4173312,ENSCAFG00000002589,,ENSG00000112280,,ortholog_one2one,92.8339,92.8339
4173637,ENSCAFG00000002599,,ENSG00000082269,,ortholog_one2one,86.6538,88.7129
4173907,ENSCAFG00000002602,,ENSG00000154079,,ortholog_one2one,83.1776,82.4074
4174147,ENSCAFG00000002612,,ENSG00000112305,,ortholog_one2one,94.0803,95.2891
4174467,ENSCAFG00000002616,,ENSG00000112309,,ortholog_one2one,92.7052,94.4272
4174790,ENSCAFG00000032206,,ENSG00000119900,,ortholog_one2one,83.7302,46.7849
4175043,ENSCAFG00000045668,,ENSG00000079841,,ortholog_one2many,74.8768,26.9504
4175420,ENSCAFG00000002640,,ENSG00000079841,,ortholog_one2many,97.1831,53.0142
4176171,ENSCAFG00000002645,,ENSG00000185760,,ortholog_one2one,97.3904,98.1073
4176549,ENSCAFG00000043440,,ENSG00000256980,,ortholog_one2many,56.1983,53.125
4176550,ENSCAFG00000043440,,ENSG00000135314,,ortholog_one2many,59.5041,30.3797
4176551,ENSCAFG00000043440,,ENSG00000243501,,ortholog_one2many,49.5868,35.0877
4176636,ENSCAFG00000002647,,ENSG00000203909,,ortholog_one2many,29.3515,74.1379
4176738,ENSCAFG00000029827,,ENSG00000203908,,ortholog_one2one,28.6458,50.6912
4176834,ENSCAFG00000024700,,ENSG00000203907,,ortholog_one2one,69.1275,69.1275
4176942,ENSCAFG00000031623,,ENSG00000080007,,ortholog_one2one,76.5891,76.2346
4177020,ENSCAFG00000024087,,ENSG00000164430,,ortholog_one2one,61.6766,59.1954
4177250,ENSCAFG00000002655,,ENSG00000135297,,ortholog_one2one,90.3274,82.9235
4177602,ENSCAFG00000002658,,ENSG00000119899,,ortholog_one2one,65.8346,85.2525
4177869,ENSCAFG00000002663,,ENSG00000156535,,ortholog_one2one,80.5327,87.8893
4178762,ENSCAFG00000002702,,ENSG00000111799,,ortholog_one2one,93.3056,95.1028
4179446,ENSCAFG00000029155,,ENSG00000112695,,ortholog_one2many,74.7826,74.7826
4179766,ENSCAFG00000002708,,ENSG00000112697,,ortholog_one2one,93.9058,93.9058
4180106,ENSCAFG00000002709,,ENSG00000118407,,ortholog_one2one,94.015,93.2399
4180443,ENSCAFG00000002711,,ENSG00000112701,,ortholog_one2one,85.7642,88.3093
4180726,ENSCAFG00000002741,,ENSG00000196586,,ortholog_one2one,96.5759,95.8301
4181080,ENSCAFG00000002768,,ENSG00000112706,,ortholog_one2one,77.4522,76.2861
4181631,ENSCAFG00000002782,,ENSG00000269964,,ortholog_one2one,76.1658,76.3636
4181957,ENSCAFG00000002793,,ENSG00000146243,,ortholog_one2one,90.0,90.0
4182204,ENSCAFG00000002804,,ENSG00000146247,,ortholog_one2one,96.7616,95.1675
4182470,ENSCAFG00000002809,,ENSG00000118418,,ortholog_one2one,58.5,90.0
4183027,ENSCAFG00000002822,,ENSG00000135338,,ortholog_one2one,83.4286,83.7877
4183278,ENSCAFG00000002824,,ENSG00000198478,,ortholog_one2one,38.7597,93.4579
4183876,ENSCAFG00000030132,,ENSG00000118402,,ortholog_one2one,96.1783,96.1783
4184142,ENSCAFG00000002842,,ENSG00000112742,,ortholog_one2one,80.7269,85.5309
4184386,ENSCAFG00000002848,,ENSG00000083123,,ortholog_one2one,85.3428,92.0918
4184990,ENSCAFG00000031894,,ENSG00000112773,,ortholog_one2one,95.5556,82.218
4185322,ENSCAFG00000002862,,ENSG00000005700,,ortholog_one2one,91.1982,91.1308
4185587,ENSCAFG00000002876,,ENSG00000146242,,ortholog_one2one,57.0492,82.8571
4185815,ENSCAFG00000002879,,ENSG00000118420,,ortholog_one2one,80.2532,81.491
4186406,ENSCAFG00000002898,,ENSG00000083097,,ortholog_one2one,95.8551,96.2036
4186706,ENSCAFG00000002929,,ENSG00000013375,,ortholog_one2one,77.454,88.5965
4186973,ENSCAFG00000030550,,ENSG00000013392,,ortholog_one2one,97.9452,97.9452
4187146,ENSCAFG00000002941,,ENSG00000065833,,ortholog_one2one,90.9414,89.5105
4187418,ENSCAFG00000002947,,ENSG00000146250,,ortholog_one2one,66.3082,89.5884
4187742,ENSCAFG00000002951,,ENSG00000065609,,ortholog_one2one,97.6821,97.5744
4187920,ENSCAFG00000002967,,ENSG00000065615,,ortholog_one2one,85.7143,86.3724
4188203,ENSCAFG00000031854,,ENSG00000135324,,ortholog_one2one,84.5815,93.6585
4188404,ENSCAFG00000002979,,ENSG00000135315,,ortholog_one2one,83.9146,84.0342
4188983,ENSCAFG00000002987,,ENSG00000112837,,ortholog_one2one,77.3529,86.6557
4189267,ENSCAFG00000002994,,ENSG00000135318,,ortholog_one2one,90.5782,73.6934
4189572,ENSCAFG00000003009,,ENSG00000135317,,ortholog_one2one,78.6644,95.8774
4189897,ENSCAFG00000003024,,ENSG00000135316,,ortholog_one2one,98.5765,88.9246
4190565,ENSCAFG00000003032,,ENSG00000277791,,ortholog_one2many,88.6792,45.8537
4190873,ENSCAFG00000003040,,ENSG00000135346,,ortholog_one2one,61.5385,59.8639
4191219,ENSCAFG00000044818,,ENSG00000203909,,ortholog_one2many,69.0909,65.5172
4191322,ENSCAFG00000003045,,ENSG00000188994,,ortholog_one2one,93.3921,93.4264
4191674,ENSCAFG00000003051,,ENSG00000164411,,ortholog_one2one,75.9336,82.0628
4191893,ENSCAFG00000002351,,ENSG00000213719,,ortholog_one2many,93.3333,92.9461
4192155,ENSCAFG00000029834,,ENSG00000111850,,ortholog_one2one,92.7835,92.7835
4192411,ENSCAFG00000003058,,ENSG00000203872,,ortholog_one2one,81.7629,81.7629
4192556,ENSCAFG00000003061,,ENSG00000272514,,ortholog_one2many,85.3968,86.4952
4192557,ENSCAFG00000003061,,ENSG00000213204,,ortholog_one2many,85.3968,86.4952
4192839,ENSCAFG00000003065,,ENSG00000164414,,ortholog_one2one,83.1579,93.7685
4193094,ENSCAFG00000003072,,ENSG00000146282,,ortholog_one2one,91.2821,92.3875
4193353,ENSCAFG00000003080,,ENSG00000135336,,ortholog_one2one,80.5951,87.5
4193919,ENSCAFG00000003082,,ENSG00000135334,,ortholog_one2one,98.0296,98.0296
4194176,ENSCAFG00000003084,,ENSG00000118434,,ortholog_one2one,74.5819,75.8503
4194311,ENSCAFG00000003085,,ENSG00000118432,,ortholog_one2one,91.5152,95.9746
4194583,ENSCAFG00000003089,,ENSG00000111880,,ortholog_one2one,90.7264,98.325
4195190,ENSCAFG00000003096,,ENSG00000146281,,ortholog_one2one,60.7375,64.2202
4195445,ENSCAFG00000030745,,ENSG00000154548,,ortholog_one2one,75.1572,91.5709
4195618,ENSCAFG00000003099,,ENSG00000146276,,ortholog_one2one,77.3109,76.8267
4195944,ENSCAFG00000003101,,ENSG00000198833,,ortholog_one2one,95.2077,93.7107
4196245,ENSCAFG00000003103,,ENSG00000025039,,ortholog_one2one,91.6883,88.25
4196507,ENSCAFG00000003105,,ENSG00000135299,,ortholog_one2one,91.8256,92.7098
4196830,ENSCAFG00000003108,,ENSG00000083099,,ortholog_one2one,71.5909,64.2857
4197032,ENSCAFG00000003109,,ENSG00000112159,,ortholog_one2one,89.5923,89.5282
4197308,ENSCAFG00000003113,,ENSG00000118412,,ortholog_one2one,78.8754,79.277
4197557,ENSCAFG00000003115,,ENSG00000135355,,ortholog_one2one,81.2627,73.4807
4197872,ENSCAFG00000003116,,ENSG00000112182,,ortholog_one2one,91.9393,93.5791
4198246,ENSCAFG00000003123,,ENSG00000135341,,ortholog_one2one,100.0,100.0
4198847,ENSCAFG00000003332,,ENSG00000135333,,ortholog_one2one,99.6994,99.6994
4199099,ENSCAFG00000017465,,ENSG00000182481,,ortholog_one2many,90.8686,77.1267
4199441,ENSCAFG00000031056,,ENSG00000172469,,ortholog_one2one,85.4664,85.2814
4199908,ENSCAFG00000003421,,ENSG00000172461,,ortholog_one2one,99.4429,99.4429
4200422,ENSCAFG00000003430,,ENSG00000014123,,ortholog_one2one,92.7939,92.4433
4200677,ENSCAFG00000028858,,ENSG00000112214,,ortholog_one2one,89.4366,89.4366
4200930,ENSCAFG00000003446,,ENSG00000112218,,ortholog_one2one,94.5107,94.5107
4201189,ENSCAFG00000031761,,ENSG00000123545,,ortholog_one2one,37.4317,78.2857
4201457,ENSCAFG00000003452,,ENSG00000186231,,ortholog_one2one,99.0323,99.0323
4201785,ENSCAFG00000003458,,ENSG00000146263,,ortholog_one2one,86.7043,86.5648
4202025,ENSCAFG00000003467,,ENSG00000112234,,ortholog_one2one,95.3301,95.3301
4202314,ENSCAFG00000023253,,ENSG00000146267,,ortholog_one2one,99.511,99.511
4202667,ENSCAFG00000003469,,ENSG00000132423,,ortholog_one2one,79.8365,79.4038
4202922,ENSCAFG00000003471,,ENSG00000132424,,ortholog_one2one,98.1572,99.2547
4203139,ENSCAFG00000003498,,ENSG00000123552,,ortholog_one2one,75.2368,68.3047
4203445,ENSCAFG00000030791,,ENSG00000279170,,ortholog_one2one,79.2793,79.2793
4203481,ENSCAFG00000003525,,ENSG00000112237,,ortholog_one2many,99.6324,95.7597
4203742,ENSCAFG00000003533,,ENSG00000152034,,ortholog_one2one,90.5325,90.0
4203906,ENSCAFG00000003538,,ENSG00000112246,,ortholog_one2one,95.8175,98.6945
4204174,ENSCAFG00000003554,,ENSG00000112249,,ortholog_one2one,92.3706,92.3706
4205368,ENSCAFG00000003564,,ENSG00000100316,,ortholog_one2one,90.3646,86.1042
4205654,ENSCAFG00000003580,,ENSG00000164418,,ortholog_one2one,99.5595,99.5595
4206377,ENSCAFG00000003592,,ENSG00000085382,,ortholog_one2one,93.4169,98.3498
4206673,ENSCAFG00000003598,,ENSG00000187772,,ortholog_one2one,88.8031,89.1473
4206955,ENSCAFG00000028591,,ENSG00000132429,,ortholog_one2one,95.8763,95.8763
4207204,ENSCAFG00000003600,,ENSG00000112276,,ortholog_one2one,95.5556,95.5556
4207466,ENSCAFG00000003653,,ENSG00000085377,,ortholog_one2one,86.59,95.493
4207725,ENSCAFG00000003694,,ENSG00000057657,,ortholog_one2one,83.5766,81.8832
4208023,ENSCAFG00000003701,,ENSG00000057663,,ortholog_one2one,99.2727,99.2727
4208287,ENSCAFG00000003710,,ENSG00000112297,,ortholog_one2one,70.3637,55.3731
4208620,ENSCAFG00000003719,,ENSG00000130347,,ortholog_one2one,80.4819,84.3434
4208906,ENSCAFG00000003723,,ENSG00000130348,,ortholog_one2one,89.899,50.5682
4209185,ENSCAFG00000003732,,ENSG00000130349,,ortholog_one2one,80.4878,80.8163
4209456,ENSCAFG00000029143,,ENSG00000178409,,ortholog_one2one,93.2611,93.599
4209699,ENSCAFG00000030036,,ENSG00000164494,,ortholog_one2one,80.1489,80.9524
4209953,ENSCAFG00000003738,,ENSG00000112320,,ortholog_one2one,80.5269,80.5269
4210207,ENSCAFG00000003741,,ENSG00000146285,,ortholog_one2one,69.4949,83.0918
4210575,ENSCAFG00000003757,,ENSG00000081087,,ortholog_one2one,89.6024,87.7245
4210830,ENSCAFG00000003761,,ENSG00000112333,,ortholog_one2one,97.6623,89.0995
4211125,ENSCAFG00000003772,,ENSG00000112335,,ortholog_one2many,74.7126,80.2469
4211365,ENSCAFG00000003778,,ENSG00000135537,,ortholog_one2one,91.6667,91.4761
4211612,ENSCAFG00000003783,,ENSG00000240445,,ortholog_one2one,26.2295,60.6897
4211873,ENSCAFG00000003784,,ENSG00000118690,,ortholog_one2one,85.681,84.8904
4212145,ENSCAFG00000003793,,ENSG00000080546,,ortholog_one2one,71.5805,85.4809
4212408,ENSCAFG00000003798,,ENSG00000183137,,ortholog_one2one,82.4894,81.9706
4212790,ENSCAFG00000029011,,ENSG00000135535,,ortholog_one2one,30.2872,58.8832
4212953,ENSCAFG00000003810,,ENSG00000185250,,ortholog_one2one,79.6992,62.908
4213201,ENSCAFG00000003816,,ENSG00000135587,,ortholog_one2one,85.3428,85.3428
4213462,ENSCAFG00000003824,,ENSG00000135596,,ortholog_one2one,72.468,67.8637
4213739,ENSCAFG00000003828,,ENSG00000112365,,ortholog_one2one,89.4203,88.5222
4213998,ENSCAFG00000003835,,ENSG00000155085,,ortholog_one2one,79.8953,79.8535
4214343,ENSCAFG00000003842,,ENSG00000112367,,ortholog_one2one,97.9052,97.2618
4214609,ENSCAFG00000003846,,ENSG00000146360,,ortholog_one2one,74.8387,92.3077
4214865,ENSCAFG00000003854,,ENSG00000112290,,ortholog_one2one,99.4633,99.4633
4215136,ENSCAFG00000003868,,ENSG00000168438,,ortholog_one2one,83.2061,94.1278
4215414,ENSCAFG00000003873,,ENSG00000053328,,ortholog_one2one,82.1656,70.4918
4215654,ENSCAFG00000003882,,ENSG00000203797,,ortholog_one2one,68.9459,70.9677
4215905,ENSCAFG00000003892,,ENSG00000004809,,ortholog_one2one,66.0441,67.4177
4216177,ENSCAFG00000003902,,ENSG00000155111,,ortholog_one2one,93.5282,89.243
4216467,ENSCAFG00000003905,,ENSG00000123505,,ortholog_one2one,98.8679,56.71
4216763,ENSCAFG00000003918,,ENSG00000197498,,ortholog_one2one,80.8989,94.1176
4217058,ENSCAFG00000003922,,ENSG00000112394,,ortholog_one2one,93.5323,36.5049
4217373,ENSCAFG00000003923,,ENSG00000173214,,ortholog_one2one,80.5825,77.4254
4217739,ENSCAFG00000003942,,ENSG00000009413,,ortholog_one2one,91.4451,91.1821
4218003,ENSCAFG00000003960,,ENSG00000056972,,ortholog_one2one,82.3214,80.3136
4218104,ENSCAFG00000003995,,ENSG00000010810,,ortholog_one2one,90.8319,99.6276
4218441,ENSCAFG00000004005,,ENSG00000112761,,ortholog_one2one,53.8462,59.322
4218725,ENSCAFG00000004021,,ENSG00000074935,,ortholog_one2one,86.3548,93.2632
4219024,ENSCAFG00000029965,,ENSG00000203778,,ortholog_one2one,93.75,93.75
4219147,ENSCAFG00000004043,,ENSG00000112769,,ortholog_one2one,83.8988,85.4635
4219349,ENSCAFG00000004047,,ENSG00000281613,,ortholog_one2many,23.3333,49.2188
4219350,ENSCAFG00000004047,,ENSG00000251258,,ortholog_one2many,54.0741,55.5133
4219988,ENSCAFG00000049597,,ENSG00000277443,,ortholog_one2one,65.7303,70.4819
4220188,ENSCAFG00000004049,,ENSG00000196591,,ortholog_one2one,73.5099,90.9836
4220452,ENSCAFG00000004054,,ENSG00000249853,,ortholog_one2one,97.971,97.6879
4220709,ENSCAFG00000004055,,ENSG00000111816,,ortholog_one2one,80.396,80.396
4221009,ENSCAFG00000004071,,ENSG00000130024,,ortholog_one2one,73.3333,92.7711
4221293,ENSCAFG00000004060,,ENSG00000178425,,ortholog_one2one,80.1386,76.2637
4221562,ENSCAFG00000030721,,ENSG00000123500,,ortholog_one2one,83.3087,82.9412
4221817,ENSCAFG00000023729,,ENSG00000189241,,ortholog_one2one,68.915,53.7757
4222112,ENSCAFG00000004065,,ENSG00000185127,,ortholog_one2one,80.625,67.5393
4222514,ENSCAFG00000004094,,ENSG00000198719,,ortholog_one2one,90.1306,85.8921
4222833,ENSCAFG00000004109,,ENSG00000112584,,ortholog_one2one,61.8467,76.0986
4223082,ENSCAFG00000004116,,ENSG00000008018,,ortholog_one2one,93.7759,93.7759
4223348,ENSCAFG00000004119,,ENSG00000112592,,ortholog_one2one,97.2222,92.9204
4223623,ENSCAFG00000030429,,ENSG00000071994,,ortholog_one2one,86.5889,86.3372
4229481,ENSCAFG00000000567,,ENSG00000151846,,ortholog_one2many,89.7271,88.5895
4231763,ENSCAFG00000000632,,ENSG00000182944,,ortholog_one2many,97.5177,83.2073
4232969,ENSCAFG00000000646,,ENSG00000150459,,ortholog_one2many,98.0392,87.2093
4240838,ENSCAFG00000000743,,ENSG00000147400,,ortholog_one2many,72.3529,71.5116
4245751,ENSCAFG00000000835,,ENSG00000115425,,ortholog_one2many,70.5882,59.4059
4250458,ENSCAFG00000031914,,ENSG00000155368,,ortholog_one2many,80.4598,47.2973
4256153,ENSCAFG00000001080,,ENSG00000167863,,ortholog_one2many,88.125,87.5776
4274917,ENSCAFG00000001588,,ENSG00000132517,,ortholog_one2many,85.4586,85.2679
4281945,ENSCAFG00000001781,,ENSG00000109501,,ortholog_one2one,64.1898,79.49
4282265,ENSCAFG00000001792,,ENSG00000064042,,ortholog_one2one,66.57,62.5767
4282638,ENSCAFG00000001795,,ENSG00000109132,,ortholog_one2one,99.0446,99.0446
4282918,ENSCAFG00000001796,,ENSG00000109133,,ortholog_one2one,97.5708,97.5708
4283184,ENSCAFG00000001798,,ENSG00000014824,,ortholog_one2one,80.624,86.4437
4283444,ENSCAFG00000001802,,ENSG00000188848,,ortholog_one2one,89.3827,67.7903
4283912,ENSCAFG00000001804,,ENSG00000178343,,ortholog_one2one,68.0,64.2857
4284151,ENSCAFG00000001816,,ENSG00000124406,,ortholog_one2one,94.3001,96.6495
4284441,ENSCAFG00000024975,,ENSG00000215203,,ortholog_one2one,94.1379,94.1379
4284725,ENSCAFG00000001828,,ENSG00000183783,,ortholog_one2one,87.2881,87.1036
4284943,ENSCAFG00000001830,,ENSG00000173457,,ortholog_one2many,86.2069,51.0204
4285161,ENSCAFG00000001832,,ENSG00000177752,,ortholog_one2one,75.0,73.9286
4285383,ENSCAFG00000001850,,ENSG00000151806,,ortholog_one2one,94.7883,86.9955
4285689,ENSCAFG00000001871,,ENSG00000163281,,ortholog_one2one,44.5724,98.1884
4285938,ENSCAFG00000001878,,ENSG00000163285,,ortholog_one2one,95.0855,95.6989
4286216,ENSCAFG00000025069,,ENSG00000151834,,ortholog_one2one,98.8688,85.5186
4286509,ENSCAFG00000041065,,ENSG00000170516,,ortholog_one2one,72.8395,72.8395
4286711,ENSCAFG00000024571,,ENSG00000109158,,ortholog_one2one,78.357,89.5307
4287166,ENSCAFG00000001899,,ENSG00000169019,,ortholog_one2one,85.7924,85.7924
4287434,ENSCAFG00000001903,,ENSG00000145246,,ortholog_one2one,81.7937,85.0631
4287724,ENSCAFG00000001907,,ENSG00000145244,,ortholog_one2one,79.0467,76.3916
4288332,ENSCAFG00000001913,,ENSG00000170448,,ortholog_one2one,90.7002,90.9989
4288587,ENSCAFG00000001917,,ENSG00000198515,,ortholog_one2one,91.0791,92.2741
4288919,ENSCAFG00000031803,,ENSG00000163293,,ortholog_one2one,90.799,91.4634
4289124,ENSCAFG00000024725,,ENSG00000074966,,ortholog_one2one,83.6661,87.4763
4289321,ENSCAFG00000001942,,ENSG00000135605,,ortholog_one2one,96.1965,96.1965
4289617,ENSCAFG00000001956,,ENSG00000109171,,ortholog_one2one,92.4268,92.4268
4289862,ENSCAFG00000001964,,ENSG00000145248,,ortholog_one2one,92.8571,50.5721
4290128,ENSCAFG00000001972,,ENSG00000075539,,ortholog_one2one,93.4484,97.0461
4290422,ENSCAFG00000001990,,ENSG00000109180,,ortholog_one2one,43.3333,74.2857
4290601,ENSCAFG00000031331,,ENSG00000145247,,ortholog_one2one,47.4638,85.0649
4290804,ENSCAFG00000001997,,ENSG00000109182,,ortholog_one2one,87.5549,85.5508
4290970,ENSCAFG00000001999,,ENSG00000109184,,ortholog_one2one,57.7869,83.9286
4291238,ENSCAFG00000024651,,ENSG00000188993,,ortholog_one2one,40.0205,44.4318
4291418,ENSCAFG00000002001,,ENSG00000163069,,ortholog_one2one,97.1787,97.4843
4291667,ENSCAFG00000002006,,ENSG00000163071,,ortholog_one2one,81.6667,81.9703
4291938,ENSCAFG00000002014,,ENSG00000109189,,ortholog_one2one,98.6034,96.4481
4292364,ENSCAFG00000002019,,ENSG00000128045,,ortholog_one2one,94.8413,96.371
4292644,ENSCAFG00000002031,,ENSG00000184178,,ortholog_one2one,89.1654,89.0351
4292963,ENSCAFG00000002039,,ENSG00000072201,,ortholog_one2one,87.9781,88.4615
4293223,ENSCAFG00000002050,,ENSG00000109220,,ortholog_one2one,62.8571,80.0
4293480,ENSCAFG00000002052,,ENSG00000180613,,ortholog_one2one,79.2593,35.1974
4293745,ENSCAFG00000002057,,ENSG00000134853,,ortholog_one2one,81.138,95.5923
4294047,ENSCAFG00000002065,,ENSG00000157404,,ortholog_one2one,88.6154,88.5246
4294425,ENSCAFG00000002079,,ENSG00000128052,,ortholog_one2one,93.0627,92.9941
4294726,ENSCAFG00000002090,,ENSG00000128039,,ortholog_one2one,90.2516,90.2516
4294977,ENSCAFG00000002094,,ENSG00000134851,,ortholog_one2one,53.3613,78.3951
4295246,ENSCAFG00000002140,,ENSG00000134852,,ortholog_one2one,94.9649,95.8629
4295925,ENSCAFG00000002164,,ENSG00000163440,,ortholog_one2one,90.9091,91.2863
4296088,ENSCAFG00000032445,,ENSG00000109255,,ortholog_one2one,71.7647,70.1149
4296267,ENSCAFG00000045001,,ENSG00000153944,,ortholog_one2many,91.7355,65.1026
4296626,ENSCAFG00000031519,,ENSG00000250821,,ortholog_one2one,97.6744,97.6744
4296863,ENSCAFG00000002175,,ENSG00000090989,,ortholog_one2one,95.8651,98.5459
4297120,ENSCAFG00000002189,,ENSG00000174799,,ortholog_one2one,90.1668,90.0877
4297595,ENSCAFG00000002202,,ENSG00000109265,,ortholog_one2one,36.8617,64.3958
4297814,ENSCAFG00000002209,,ENSG00000157426,,ortholog_one2one,85.5576,85.2459
4298072,ENSCAFG00000002217,,ENSG00000128059,,ortholog_one2one,94.1973,94.1973
4298351,ENSCAFG00000002244,,ENSG00000174780,,ortholog_one2one,98.8077,98.8077
4298653,ENSCAFG00000002248,,ENSG00000196503,,ortholog_one2one,88.6179,41.1321
4299278,ENSCAFG00000032239,,ENSG00000249693,,ortholog_one2one,55.2301,56.7742
4299386,ENSCAFG00000031330,,ENSG00000171476,,ortholog_one2one,26.2376,47.3214
4299593,ENSCAFG00000024171,,ENSG00000128040,,ortholog_one2one,62.766,44.0299
4299709,ENSCAFG00000002254,,ENSG00000084093,,ortholog_one2many,81.5261,74.0201
4300015,ENSCAFG00000002256,,ENSG00000084092,,ortholog_one2one,78.1429,78.3668
4300264,ENSCAFG00000002296,,ENSG00000047315,,ortholog_one2one,88.5283,99.9148
4300538,ENSCAFG00000002330,,ENSG00000163453,,ortholog_one2one,93.9716,93.9716
4301307,ENSCAFG00000002364,,ENSG00000150471,,ortholog_one2one,98.2911,98.2911
4301676,ENSCAFG00000028953,,ENSG00000205678,,ortholog_one2one,86.2259,86.2259
4301854,ENSCAFG00000002714,,ENSG00000145242,,ortholog_one2one,98.5685,92.8709
4302443,ENSCAFG00000002765,,ENSG00000033178,,ortholog_one2one,48.3838,91.0646
4302708,ENSCAFG00000002756,,ENSG00000035720,,ortholog_one2one,77.044,83.0508
4302893,ENSCAFG00000002785,,ENSG00000109163,,ortholog_one2one,92.6606,92.3781
4303448,ENSCAFG00000002794,,ENSG00000153802,,ortholog_one2one,78.7081,78.7081
4303566,ENSCAFG00000002802,,ENSG00000187054,,ortholog_one2one,78.3019,78.8599
4303832,ENSCAFG00000002805,,ENSG00000198092,,ortholog_one2one,89.4977,89.4977
4304035,ENSCAFG00000028617,,ENSG00000087128,,ortholog_one2one,57.9646,61.9385
4304164,ENSCAFG00000002821,,ENSG00000083896,,ortholog_one2one,97.019,97.415
4305599,ENSCAFG00000002857,,ENSG00000173610,,ortholog_one2one,76.5734,63.2035
4306935,ENSCAFG00000044875,,ENSG00000101608,,ortholog_one2many,93.8202,94.3503
4307459,ENSCAFG00000002871,,ENSG00000173597,,ortholog_one2one,84.1216,84.1216
4308075,ENSCAFG00000002878,,ENSG00000284695,,ortholog_one2many,35.9322,83.4646
4308076,ENSCAFG00000002878,,ENSG00000109193,,ortholog_one2many,81.6949,81.9728
4308898,ENSCAFG00000030389,,ENSG00000126545,,ortholog_one2one,55.3672,52.973
4308957,ENSCAFG00000002881,,ENSG00000135222,,ortholog_one2one,59.6,65.9292
4309049,ENSCAFG00000029924,,ENSG00000187533,,ortholog_one2one,38.0,34.7032
4309096,ENSCAFG00000002882,,ENSG00000109205,,ortholog_one2one,75.5396,75.2688
4309194,ENSCAFG00000045300,,ENSG00000181617,,ortholog_one2one,55.1724,56.4706
4309241,ENSCAFG00000002889,,ENSG00000171209,,ortholog_one2one,64.3243,65.3846
4309333,ENSCAFG00000002895,,ENSG00000187689,,ortholog_one2one,69.1943,69.8565
4309437,ENSCAFG00000002904,,ENSG00000178522,,ortholog_one2one,75.5981,70.6935
4309544,ENSCAFG00000002909,,ENSG00000132464,,ortholog_one2one,77.0035,77.4081
4309657,ENSCAFG00000028568,,ENSG00000132465,,ortholog_one2one,81.1321,81.1321
4309824,ENSCAFG00000002913,,ENSG00000132467,,ortholog_one2one,88.0252,87.4739
4310056,ENSCAFG00000002918,,ENSG00000018189,,ortholog_one2one,78.3046,87.9032
4310334,ENSCAFG00000002922,,ENSG00000132463,,ortholog_one2one,95.9119,63.5417
4310541,ENSCAFG00000002926,,ENSG00000173542,,ortholog_one2one,97.6852,95.4751
4310815,ENSCAFG00000002931,,ENSG00000156136,,ortholog_one2one,81.4815,69.4006
4311072,ENSCAFG00000002939,,ENSG00000080493,,ortholog_one2one,97.0803,97.2578
4311419,ENSCAFG00000002949,,ENSG00000145321,,ortholog_one2one,78.125,76.0649
4311610,ENSCAFG00000048792,,ENSG00000156140,,ortholog_one2one,81.338,19.1701
4312185,ENSCAFG00000002962,,ENSG00000163626,,ortholog_one2one,60.8989,81.1377
4312434,ENSCAFG00000002998,,ENSG00000132466,,ortholog_one2one,98.3541,94.1222
4312616,ENSCAFG00000003020,,ENSG00000081051,,ortholog_one2one,68.9655,80.3858
4312791,ENSCAFG00000003025,,ENSG00000169435,,ortholog_one2one,80.8955,73.4417
4313040,ENSCAFG00000003029,,ENSG00000169429,,ortholog_one2one,54.7445,75.7576
4313325,ENSCAFG00000025016,,ENSG00000124875,,ortholog_one2one,60.8696,61.4035
4313411,ENSCAFG00000031174,,ENSG00000163736,,ortholog_one2one,57.6271,53.125
4313564,ENSCAFG00000028758,,ENSG00000163738,,ortholog_one2one,89.6254,89.6254
4313817,ENSCAFG00000003070,,ENSG00000182585,,ortholog_one2one,86.9281,86.3636
4313963,ENSCAFG00000031443,,ENSG00000124882,,ortholog_one2one,87.5,82.8402
4314151,ENSCAFG00000003075,,ENSG00000109321,,ortholog_one2one,78.9091,79.1971
4319474,ENSCAFG00000028831,,ENSG00000130165,,ortholog_one2many,44.8052,57.5
4329866,ENSCAFG00000024768,,ENSG00000100442,,ortholog_one2many,94.6524,79.0179
4335032,ENSCAFG00000029750,,ENSG00000154518,,ortholog_one2many,90.0709,89.4366
4344007,ENSCAFG00000001783,,ENSG00000223501,,ortholog_one2many,82.197,60.0277
4354855,ENSCAFG00000002038,,ENSG00000167863,,ortholog_one2many,79.7619,41.6149
4363175,ENSCAFG00000047584,,ENSG00000129562,,ortholog_one2many,92.9412,69.9115
4364740,ENSCAFG00000002317,,ENSG00000110680,,ortholog_one2many,43.3071,39.0071
4369106,ENSCAFG00000002455,,ENSG00000197771,,ortholog_one2many,95.6594,89.2523
4370603,ENSCAFG00000046040,,ENSG00000156411,,ortholog_one2one,37.037,30.303
4371900,ENSCAFG00000046056,,ENSG00000197894,,ortholog_one2many,88.189,29.9465
4374261,ENSCAFG00000002743,,ENSG00000172428,,ortholog_one2one,94.7368,21.4286
4395313,ENSCAFG00000047929,,ENSG00000171858,,ortholog_one2one,46.988,43.3333
4407776,ENSCAFG00000041216,,ENSG00000225997,,ortholog_many2many,70.7006,70.4762
4407777,ENSCAFG00000041216,,ENSG00000221840,,ortholog_many2many,72.9299,72.6984
4408195,ENSCAFG00000041242,,ENSG00000164109,,ortholog_one2one,61.0294,40.4878
4408762,ENSCAFG00000012948,,ENSG00000181396,,ortholog_one2one,63.5821,64.3505
4409004,ENSCAFG00000012958,,ENSG00000169660,,ortholog_one2one,59.1912,55.0427
4409253,ENSCAFG00000012962,,ENSG00000178927,,ortholog_one2one,37.7778,53.6842
4409500,ENSCAFG00000012976,,ENSG00000141562,,ortholog_one2one,84.6491,76.7396
4409771,ENSCAFG00000012985,,ENSG00000141568,,ortholog_one2one,86.4865,82.4242
4410122,ENSCAFG00000013002,,ENSG00000141580,,ortholog_one2one,91.5698,91.5698
4410378,ENSCAFG00000028989,,ENSG00000141542,,ortholog_one2one,63.0952,76.259
4410649,ENSCAFG00000013036,,ENSG00000141560,,ortholog_one2one,86.7314,86.7314
4410979,ENSCAFG00000032747,,ENSG00000167363,,ortholog_one2one,83.1081,79.6116
4411300,ENSCAFG00000013063,,ENSG00000141556,,ortholog_one2one,76.3914,69.187
4411559,ENSCAFG00000013098,,ENSG00000141579,,ortholog_one2one,72.5244,71.9225
4411831,ENSCAFG00000013112,,ENSG00000176845,,ortholog_one2one,72.973,69.4534
4413163,ENSCAFG00000044525,,ENSG00000060762,,ortholog_one2many,95.4023,76.1468
4418100,ENSCAFG00000025552,,ENSG00000198354,,ortholog_one2many,86.087,85.5292
4418544,ENSCAFG00000029338,,ENSG00000149262,,ortholog_one2many,85.2632,42.0561
4419030,ENSCAFG00000014243,,ENSG00000133169,,ortholog_many2many,75.7812,77.6
4419031,ENSCAFG00000014243,,ENSG00000133134,,ortholog_many2many,75.7812,60.625
4419201,ENSCAFG00000014031,,ENSG00000147206,,ortholog_one2one,56.3356,61.9586
4420590,ENSCAFG00000024255,,ENSG00000179304,,ortholog_one2many,64.0351,68.5446
4420591,ENSCAFG00000024255,,ENSG00000268350,,ortholog_one2many,64.0351,68.5446
4420654,ENSCAFG00000024660,,ENSG00000036448,,ortholog_one2one,77.593,54.1297
4420999,ENSCAFG00000028835,,ENSG00000197976,,ortholog_one2many,86.8163,89.0648
4421219,ENSCAFG00000011053,,ENSG00000182162,,ortholog_one2many,78.4916,78.273
4421698,ENSCAFG00000032396,,ENSG00000150051,,ortholog_one2many,82.0225,62.2159
4423026,ENSCAFG00000045459,,ENSG00000276017,,ortholog_many2many,13.1124,21.2121
4423027,ENSCAFG00000045459,,ENSG00000278633,,ortholog_many2many,12.6801,20.5128
4423187,ENSCAFG00000009734,,ENSG00000184956,,ortholog_one2many,67.3188,38.0894
4424935,ENSCAFG00000042126,,ENSG00000149262,,ortholog_one2many,85.6522,40.9138
4425919,ENSCAFG00000031662,,ENSG00000279514,,ortholog_one2many,77.4194,77.4194
4428248,ENSCAFG00000025411,,ENSG00000171116,,ortholog_many2many,34.2711,31.6785
4428249,ENSCAFG00000025411,,ENSG00000268738,,ortholog_many2many,34.2711,31.6785
4429478,ENSCAFG00000014318,,ENSG00000013288,,ortholog_one2many,64.497,64.8167
4429884,ENSCAFG00000000187,,ENSG00000135569,,ortholog_one2one,87.8338,87.8338
4430289,ENSCAFG00000030522,,ENSG00000119760,,ortholog_one2many,90.3315,78.9855
4431191,ENSCAFG00000029953,,ENSG00000089012,,ortholog_many2many,53.6585,62.5323
4431192,ENSCAFG00000029953,,ENSG00000101307,,ortholog_many2many,55.6541,63.0653
4431193,ENSCAFG00000029953,,ENSG00000260861,,ortholog_many2many,24.3902,62.1469
4431194,ENSCAFG00000029953,,ENSG00000198053,,ortholog_many2many,56.9845,50.5905
4433726,ENSCAFG00000028795,,ENSG00000124935,,ortholog_many2many,31.4286,48.8889
4433727,ENSCAFG00000028795,,ENSG00000197745,,ortholog_many2many,26.4286,44.5783
4433728,ENSCAFG00000028795,,ENSG00000168515,,ortholog_many2many,27.1429,42.2222
4433851,ENSCAFG00000031356,,ENSG00000110484,,ortholog_one2many,37.4046,40.8333
4434114,ENSCAFG00000031777,,ENSG00000278889,,ortholog_one2many,84.0125,84.0125
4434315,ENSCAFG00000030905,,ENSG00000278889,,ortholog_one2many,84.0125,84.0125
4434546,ENSCAFG00000030315,,ENSG00000089012,,ortholog_many2many,57.7024,57.1059
4434547,ENSCAFG00000030315,,ENSG00000101307,,ortholog_many2many,60.5744,58.2915
4434548,ENSCAFG00000030315,,ENSG00000260861,,ortholog_many2many,23.4987,50.8475
4434549,ENSCAFG00000030315,,ENSG00000198053,,ortholog_many2many,64.752,48.8189
4437026,ENSCAFG00000025495,,ENSG00000278803,,ortholog_one2many,58.9394,18.8743
4437255,ENSCAFG00000014359,,ENSG00000131981,,ortholog_one2many,74.7082,76.8
4437558,ENSCAFG00000031201,,ENSG00000089012,,ortholog_many2many,58.4856,57.8811
4437559,ENSCAFG00000031201,,ENSG00000101307,,ortholog_many2many,60.5744,58.2915
4437560,ENSCAFG00000031201,,ENSG00000260861,,ortholog_many2many,23.4987,50.8475
4437561,ENSCAFG00000031201,,ENSG00000198053,,ortholog_many2many,63.9687,48.2283
4437925,ENSCAFG00000015211,,ENSG00000239713,,ortholog_one2many,44.1624,22.6562
4438038,ENSCAFG00000025557,,ENSG00000165349,,ortholog_one2many,59.5,57.6737
4439469,ENSCAFG00000049192,,ENSG00000211638,,ortholog_one2many,67.7966,65.5738
4440971,ENSCAFG00000031406,,ENSG00000177225,,ortholog_one2many,57.5646,62.4
4441087,ENSCAFG00000006594,,ENSG00000177156,,ortholog_one2many,84.3305,87.8338
4441348,ENSCAFG00000014422,,ENSG00000183255,,ortholog_one2many,83.8926,69.4444
4441657,ENSCAFG00000007374,,ENSG00000153574,,ortholog_one2many,90.3766,69.4534
4443005,ENSCAFG00000024253,,ENSG00000187791,,ortholog_one2many,50.8997,58.5799
4443134,ENSCAFG00000044139,,ENSG00000211638,,ortholog_one2many,67.7966,65.5738
4443377,ENSCAFG00000045329,,ENSG00000274559,,ortholog_one2many,68.3616,96.0317
4443378,ENSCAFG00000045329,,ENSG00000234289,,ortholog_one2many,68.3616,96.0317
4443467,ENSCAFG00000028665,,ENSG00000188155,,ortholog_many2many,50.8197,33.9726
4443468,ENSCAFG00000028665,,ENSG00000221837,,ortholog_many2many,49.5902,41.4384
4443469,ENSCAFG00000028665,,ENSG00000240542,,ortholog_many2many,22.1311,21.6
4443597,ENSCAFG00000045909,,ENSG00000188155,,ortholog_many2many,47.541,15.8904
4443598,ENSCAFG00000045909,,ENSG00000221837,,ortholog_many2many,54.0984,22.6027
4443599,ENSCAFG00000045909,,ENSG00000240542,,ortholog_many2many,22.1311,10.8
4443881,ENSCAFG00000030824,,ENSG00000186562,,ortholog_many2many,61.039,60.2564
4443882,ENSCAFG00000030824,,ENSG00000186599,,ortholog_many2many,61.039,60.2564
4443974,ENSCAFG00000044158,,ENSG00000186572,,ortholog_many2many,62.8571,62.8571
4443975,ENSCAFG00000044158,,ENSG00000198129,,ortholog_many2many,62.8571,62.8571
4445383,ENSCAFG00000042594,,ENSG00000280314,,ortholog_one2many,80.3226,79.8077
4445885,ENSCAFG00000031181,,ENSG00000186562,,ortholog_many2many,61.039,60.2564
4445886,ENSCAFG00000031181,,ENSG00000186599,,ortholog_many2many,61.039,60.2564
4445983,ENSCAFG00000047809,,ENSG00000188877,,ortholog_many2many,8.69565,5.52326
4446192,ENSCAFG00000028612,,ENSG00000115685,,ortholog_one2many,51.5596,78.0556
4446912,ENSCAFG00000041296,,ENSG00000060762,,ortholog_one2many,96.5517,77.0642
4447974,ENSCAFG00000045914,,ENSG00000228083,,ortholog_many2many,55.615,55.0265
4447975,ENSCAFG00000045914,,ENSG00000236637,,ortholog_many2many,55.0802,54.4974
4447976,ENSCAFG00000045914,,ENSG00000197919,,ortholog_many2many,52.9412,52.381
4447977,ENSCAFG00000045914,,ENSG00000186803,,ortholog_many2many,55.615,55.0265
4447978,ENSCAFG00000045914,,ENSG00000120235,,ortholog_many2many,54.5455,53.6842
4447979,ENSCAFG00000045914,,ENSG00000233816,,ortholog_many2many,53.4759,52.6316
4447980,ENSCAFG00000045914,,ENSG00000137080,,ortholog_many2many,54.5455,53.9683
4447981,ENSCAFG00000045914,,ENSG00000188379,,ortholog_many2many,52.9412,52.6596
4447982,ENSCAFG00000045914,,ENSG00000147885,,ortholog_many2many,53.4759,52.9101
4447983,ENSCAFG00000045914,,ENSG00000120242,,ortholog_many2many,52.9412,52.381
4447984,ENSCAFG00000045914,,ENSG00000234829,,ortholog_many2many,52.9412,52.381
4447985,ENSCAFG00000045914,,ENSG00000214042,,ortholog_many2many,52.4064,51.8519
4447986,ENSCAFG00000045914,,ENSG00000147873,,ortholog_many2many,54.5455,53.9683
4448422,ENSCAFG00000041836,,ENSG00000228083,,ortholog_many2many,55.615,55.0265
4448423,ENSCAFG00000041836,,ENSG00000236637,,ortholog_many2many,55.0802,54.4974
4448424,ENSCAFG00000041836,,ENSG00000197919,,ortholog_many2many,52.9412,52.381
4448425,ENSCAFG00000041836,,ENSG00000186803,,ortholog_many2many,55.615,55.0265
4448426,ENSCAFG00000041836,,ENSG00000120235,,ortholog_many2many,54.5455,53.6842
4448427,ENSCAFG00000041836,,ENSG00000233816,,ortholog_many2many,53.4759,52.6316
4448428,ENSCAFG00000041836,,ENSG00000137080,,ortholog_many2many,54.5455,53.9683
4448429,ENSCAFG00000041836,,ENSG00000188379,,ortholog_many2many,52.9412,52.6596
4448430,ENSCAFG00000041836,,ENSG00000147885,,ortholog_many2many,53.4759,52.9101
4448431,ENSCAFG00000041836,,ENSG00000120242,,ortholog_many2many,52.9412,52.381
4448432,ENSCAFG00000041836,,ENSG00000234829,,ortholog_many2many,52.9412,52.381
4448433,ENSCAFG00000041836,,ENSG00000214042,,ortholog_many2many,52.4064,51.8519
4448434,ENSCAFG00000041836,,ENSG00000147873,,ortholog_many2many,54.5455,53.9683
4448872,ENSCAFG00000045355,,ENSG00000228083,,ortholog_many2many,55.615,55.0265
4448873,ENSCAFG00000045355,,ENSG00000236637,,ortholog_many2many,55.0802,54.4974
4448874,ENSCAFG00000045355,,ENSG00000197919,,ortholog_many2many,52.9412,52.381
4448875,ENSCAFG00000045355,,ENSG00000186803,,ortholog_many2many,55.615,55.0265
4448876,ENSCAFG00000045355,,ENSG00000120235,,ortholog_many2many,54.5455,53.6842
4448877,ENSCAFG00000045355,,ENSG00000233816,,ortholog_many2many,53.4759,52.6316
4448878,ENSCAFG00000045355,,ENSG00000137080,,ortholog_many2many,54.5455,53.9683
4448879,ENSCAFG00000045355,,ENSG00000188379,,ortholog_many2many,52.9412,52.6596
4448880,ENSCAFG00000045355,,ENSG00000147885,,ortholog_many2many,53.4759,52.9101
4448881,ENSCAFG00000045355,,ENSG00000120242,,ortholog_many2many,52.9412,52.381
4448882,ENSCAFG00000045355,,ENSG00000234829,,ortholog_many2many,52.9412,52.381
4448883,ENSCAFG00000045355,,ENSG00000214042,,ortholog_many2many,52.4064,51.8519
4448884,ENSCAFG00000045355,,ENSG00000147873,,ortholog_many2many,54.5455,53.9683
4449323,ENSCAFG00000044177,,ENSG00000228083,,ortholog_many2many,55.615,55.0265
4449324,ENSCAFG00000044177,,ENSG00000236637,,ortholog_many2many,55.0802,54.4974
4449325,ENSCAFG00000044177,,ENSG00000197919,,ortholog_many2many,52.9412,52.381
4449326,ENSCAFG00000044177,,ENSG00000186803,,ortholog_many2many,55.615,55.0265
4449327,ENSCAFG00000044177,,ENSG00000120235,,ortholog_many2many,54.5455,53.6842
4449328,ENSCAFG00000044177,,ENSG00000233816,,ortholog_many2many,53.4759,52.6316
4449329,ENSCAFG00000044177,,ENSG00000137080,,ortholog_many2many,54.5455,53.9683
4449330,ENSCAFG00000044177,,ENSG00000188379,,ortholog_many2many,52.9412,52.6596
4449331,ENSCAFG00000044177,,ENSG00000147885,,ortholog_many2many,53.4759,52.9101
4449332,ENSCAFG00000044177,,ENSG00000120242,,ortholog_many2many,52.9412,52.381
4449333,ENSCAFG00000044177,,ENSG00000234829,,ortholog_many2many,52.9412,52.381
4449334,ENSCAFG00000044177,,ENSG00000214042,,ortholog_many2many,52.4064,51.8519
4449335,ENSCAFG00000044177,,ENSG00000147873,,ortholog_many2many,54.5455,53.9683
4449775,ENSCAFG00000045993,,ENSG00000228083,,ortholog_many2many,55.615,55.0265
4449776,ENSCAFG00000045993,,ENSG00000236637,,ortholog_many2many,55.0802,54.4974
4449777,ENSCAFG00000045993,,ENSG00000197919,,ortholog_many2many,52.9412,52.381
4449778,ENSCAFG00000045993,,ENSG00000186803,,ortholog_many2many,55.615,55.0265
4449779,ENSCAFG00000045993,,ENSG00000120235,,ortholog_many2many,54.5455,53.6842
4449780,ENSCAFG00000045993,,ENSG00000233816,,ortholog_many2many,53.4759,52.6316
4449781,ENSCAFG00000045993,,ENSG00000137080,,ortholog_many2many,54.5455,53.9683
4449782,ENSCAFG00000045993,,ENSG00000188379,,ortholog_many2many,52.9412,52.6596
4449783,ENSCAFG00000045993,,ENSG00000147885,,ortholog_many2many,53.4759,52.9101
4449784,ENSCAFG00000045993,,ENSG00000120242,,ortholog_many2many,52.9412,52.381
4449785,ENSCAFG00000045993,,ENSG00000234829,,ortholog_many2many,52.9412,52.381
4449786,ENSCAFG00000045993,,ENSG00000214042,,ortholog_many2many,52.4064,51.8519
4449787,ENSCAFG00000045993,,ENSG00000147873,,ortholog_many2many,54.5455,53.9683
4450193,ENSCAFG00000049636,,ENSG00000110484,,ortholog_one2many,46.0,38.3333
4450371,ENSCAFG00000045903,,ENSG00000228083,,ortholog_many2many,54.4944,51.3228
4450372,ENSCAFG00000045903,,ENSG00000236637,,ortholog_many2many,53.9326,50.7937
4450373,ENSCAFG00000045903,,ENSG00000197919,,ortholog_many2many,51.1236,48.1481
4450374,ENSCAFG00000045903,,ENSG00000186803,,ortholog_many2many,54.4944,51.3228
4450375,ENSCAFG00000045903,,ENSG00000120235,,ortholog_many2many,52.2472,48.9474
4450376,ENSCAFG00000045903,,ENSG00000233816,,ortholog_many2many,51.6854,48.4211
4450377,ENSCAFG00000045903,,ENSG00000137080,,ortholog_many2many,53.3708,50.2645
4450378,ENSCAFG00000045903,,ENSG00000188379,,ortholog_many2many,52.2472,49.4681
4450379,ENSCAFG00000045903,,ENSG00000147885,,ortholog_many2many,52.809,49.7355
4450380,ENSCAFG00000045903,,ENSG00000120242,,ortholog_many2many,52.809,49.7355
4450381,ENSCAFG00000045903,,ENSG00000234829,,ortholog_many2many,52.2472,49.2063
4450382,ENSCAFG00000045903,,ENSG00000214042,,ortholog_many2many,51.6854,48.6772
4450383,ENSCAFG00000045903,,ENSG00000147873,,ortholog_many2many,52.809,49.7355
4450825,ENSCAFG00000043776,,ENSG00000228083,,ortholog_many2many,53.0612,55.0265
4450826,ENSCAFG00000043776,,ENSG00000236637,,ortholog_many2many,52.551,54.4974
4450827,ENSCAFG00000043776,,ENSG00000197919,,ortholog_many2many,50.5102,52.381
4450828,ENSCAFG00000043776,,ENSG00000186803,,ortholog_many2many,53.0612,55.0265
4450829,ENSCAFG00000043776,,ENSG00000120235,,ortholog_many2many,52.0408,53.6842
4450830,ENSCAFG00000043776,,ENSG00000233816,,ortholog_many2many,51.0204,52.6316
4450831,ENSCAFG00000043776,,ENSG00000137080,,ortholog_many2many,52.0408,53.9683
4450832,ENSCAFG00000043776,,ENSG00000188379,,ortholog_many2many,50.5102,52.6596
4450833,ENSCAFG00000043776,,ENSG00000147885,,ortholog_many2many,51.0204,52.9101
4450834,ENSCAFG00000043776,,ENSG00000120242,,ortholog_many2many,50.5102,52.381
4450835,ENSCAFG00000043776,,ENSG00000234829,,ortholog_many2many,50.5102,52.381
4450836,ENSCAFG00000043776,,ENSG00000214042,,ortholog_many2many,50.0,51.8519
4450837,ENSCAFG00000043776,,ENSG00000147873,,ortholog_many2many,52.0408,53.9683
4451237,ENSCAFG00000025415,,ENSG00000095787,,ortholog_one2many,90.4459,21.9475
4451648,ENSCAFG00000031935,,ENSG00000260596,,ortholog_one2many,21.5031,24.2925
4452076,ENSCAFG00000025039,,ENSG00000213401,,ortholog_many2many,41.2463,44.2675
4452077,ENSCAFG00000025039,,ENSG00000268606,,ortholog_many2many,40.9496,43.949
4452078,ENSCAFG00000025039,,ENSG00000183305,,ortholog_many2many,40.9496,43.949
4452079,ENSCAFG00000025039,,ENSG00000185247,,ortholog_many2many,42.73,33.5664
4452080,ENSCAFG00000025039,,ENSG00000267978,,ortholog_many2many,42.1365,45.0794
4452081,ENSCAFG00000025039,,ENSG00000123584,,ortholog_many2many,42.1365,45.0794
4452082,ENSCAFG00000025039,,ENSG00000182798,,ortholog_many2many,35.0148,35.119
4452083,ENSCAFG00000025039,,ENSG00000046774,,ortholog_many2many,32.0475,28.9544
4452084,ENSCAFG00000025039,,ENSG00000155495,,ortholog_many2many,34.4214,10.1576
4452085,ENSCAFG00000025039,,ENSG00000214107,,ortholog_many2many,34.4214,33.4294
4452086,ENSCAFG00000025039,,ENSG00000198681,,ortholog_many2many,42.73,46.6019
4452087,ENSCAFG00000025039,,ENSG00000156009,,ortholog_many2many,43.6202,46.2264
4452088,ENSCAFG00000025039,,ENSG00000120289,,ortholog_many2many,36.4985,35.5491
4452089,ENSCAFG00000025039,,ENSG00000197172,,ortholog_many2many,40.3561,43.3121
4452090,ENSCAFG00000025039,,ENSG00000221867,,ortholog_many2many,40.3561,43.3121
4452091,ENSCAFG00000025039,,ENSG00000147381,,ortholog_many2many,43.3234,46.0568
4452092,ENSCAFG00000025039,,ENSG00000198934,,ortholog_many2many,24.6291,8.67294
4452093,ENSCAFG00000025039,,ENSG00000165509,,ortholog_many2many,24.3323,12.7527
4452403,ENSCAFG00000024291,,ENSG00000221843,,ortholog_one2many,60.4235,20.657
4453191,ENSCAFG00000047464,,ENSG00000060762,,ortholog_one2many,95.4023,76.1468
4453490,ENSCAFG00000042019,,ENSG00000089012,,ortholog_many2many,59.7633,26.0982
4453491,ENSCAFG00000042019,,ENSG00000101307,,ortholog_many2many,60.9467,25.8794
4453492,ENSCAFG00000042019,,ENSG00000260861,,ortholog_many2many,54.4379,51.9774
4453493,ENSCAFG00000042019,,ENSG00000198053,,ortholog_many2many,63.3136,21.063
4454081,ENSCAFG00000014941,,ENSG00000130294,,ortholog_one2many,87.9808,10.1723
4454496,ENSCAFG00000032179,,ENSG00000183318,,ortholog_many2many,74.2222,70.4641
4454860,ENSCAFG00000019519,,ENSG00000197355,,ortholog_one2many,84.5238,84.0237
4455098,ENSCAFG00000044909,,ENSG00000142185,,ortholog_one2one,61.9403,5.34449
4455378,ENSCAFG00000029624,,ENSG00000254167,,ortholog_many2many,39.726,56.8627
4455379,ENSCAFG00000029624,,ENSG00000211938,,ortholog_many2many,65.7534,82.0513
4455529,ENSCAFG00000041773,,ENSG00000060762,,ortholog_one2many,96.5517,77.0642
4455801,ENSCAFG00000011915,,ENSG00000142173,,ortholog_one2many,90.8235,37.8803
4456739,ENSCAFG00000029783,,ENSG00000204695,,ortholog_one2many,82.5545,82.5545
4457126,ENSCAFG00000049468,,ENSG00000188155,,ortholog_many2many,15.3846,14.7945
4457127,ENSCAFG00000049468,,ENSG00000221837,,ortholog_many2many,16.5242,19.863
4457128,ENSCAFG00000049468,,ENSG00000198271,,ortholog_many2many,9.40171,18.232
4457208,ENSCAFG00000031303,,ENSG00000188155,,ortholog_many2many,47.0769,41.9178
4457209,ENSCAFG00000031303,,ENSG00000221837,,ortholog_many2many,46.1538,51.3699
4457210,ENSCAFG00000031303,,ENSG00000240542,,ortholog_many2many,20.9231,27.2
4457681,ENSCAFG00000030739,,ENSG00000211685,,ortholog_many2many,21.843,60.3774
4457682,ENSCAFG00000030739,,ENSG00000211679,,ortholog_many2many,21.5017,59.434
4457683,ENSCAFG00000030739,,ENSG00000211677,,ortholog_many2many,21.5017,59.434
4457684,ENSCAFG00000030739,,ENSG00000211675,,ortholog_many2many,22.1843,61.3208
4457685,ENSCAFG00000030739,,ENSG00000128322,,ortholog_many2many,19.4539,26.7606
4457686,ENSCAFG00000030739,,ENSG00000254709,,ortholog_many2many,22.1843,30.2326
4458053,ENSCAFG00000025369,,ENSG00000215115,,ortholog_many2many,53.6122,54.8638
4458054,ENSCAFG00000025369,,ENSG00000215113,,ortholog_many2many,53.6122,54.8638
4458055,ENSCAFG00000025369,,ENSG00000283599,,ortholog_many2many,52.0913,52.8958
4458591,ENSCAFG00000029686,,ENSG00000166902,,ortholog_one2many,77.0073,84.0637
4459255,ENSCAFG00000023418,,ENSG00000149262,,ortholog_one2many,86.076,42.3676
4459858,ENSCAFG00000028799,,ENSG00000076928,,ortholog_one2many,86.6061,78.8223
4460092,ENSCAFG00000030310,,ENSG00000005801,,ortholog_one2many,23.2033,17.8515
4460093,ENSCAFG00000030310,,ENSG00000175322,,ortholog_one2many,28.1314,25.3704
4460094,ENSCAFG00000030310,,ENSG00000197013,,ortholog_one2many,32.0329,23.1454
4460616,ENSCAFG00000029200,,ENSG00000273802,,ortholog_one2one,91.2409,99.2064
4460708,ENSCAFG00000031512,,ENSG00000168298,,ortholog_one2one,97.2603,97.2603
4460863,ENSCAFG00000043504,,ENSG00000221843,,ortholog_one2many,54.0737,38.6785
4461127,ENSCAFG00000046759,,ENSG00000176495,,ortholog_one2many,81.5603,73.955
4462255,ENSCAFG00000014810,,ENSG00000206203,,ortholog_one2one,93.8548,93.8548
4462720,ENSCAFG00000025158,,ENSG00000154845,,ortholog_one2many,81.0976,28.0
4463075,ENSCAFG00000029027,,ENSG00000148824,,ortholog_one2one,80.0948,50.5988
4464805,ENSCAFG00000003257,,ENSG00000182551,,ortholog_one2many,88.4892,68.7151
4465049,ENSCAFG00000025353,,ENSG00000100767,,ortholog_one2many,79.4521,27.23
4465981,ENSCAFG00000031325,,ENSG00000182083,,ortholog_many2many,82.0513,82.0513
4465982,ENSCAFG00000031325,,ENSG00000178586,,ortholog_many2many,80.1282,75.5287
4466648,ENSCAFG00000024588,,ENSG00000135624,,ortholog_one2many,97.8088,90.4236
4467760,ENSCAFG00000029084,,ENSG00000182083,,ortholog_many2many,81.2102,81.7308
4467761,ENSCAFG00000029084,,ENSG00000178586,,ortholog_many2many,79.2994,75.2266
4468372,ENSCAFG00000025607,,ENSG00000275722,,ortholog_one2many,60.0,36.4865
4468456,ENSCAFG00000047521,,ENSG00000003096,,ortholog_one2many,100.0,22.7964
4469494,ENSCAFG00000019327,,ENSG00000127780,,ortholog_many2many,83.7061,81.1145
4469495,ENSCAFG00000019327,,ENSG00000180016,,ortholog_many2many,84.0256,83.758
4470791,ENSCAFG00000032675,,ENSG00000182083,,ortholog_many2many,82.3718,82.3718
4470792,ENSCAFG00000032675,,ENSG00000178586,,ortholog_many2many,81.0897,76.435
