dog_ensembl_id,dog_gene_symbol,human_ensembl_id,human_gene_symbol,orthology_type,pct_id_dog_to_human,pct_id_human_to_dog
ENSCAFG00000003631,,ENSG00000142534,RPS11,ortholog_one2one,100.0,100.0
ENSCAFG00000029738,,ENSG00000105605,CACNG7,ortholog_one2one,100.0,100.0
ENSCAFG00000002631,,ENSG00000119729,RHOQ,ortholog_one2one,100.0,61.4634
ENSCAFG00000006601,,ENSG00000105258,POLR2I,ortholog_one2one,100.0,100.0
ENSCAFG00000000939,,ENSG00000111875,ASF1A,ortholog_one2one,100.0,100.0
ENSCAFG00000001006,,ENSG00000146352,CLVS2,ortholog_one2one,100.0,100.0
ENSCAFG00000002349,,ENSG00000130725,UBE2M,ortholog_one2one,100.0,100.0
ENSCAFG00000006140,,ENSG00000101236,RNF24,ortholog_one2one,100.0,87.574
ENSCAFG00000007053,,ENSG00000171552,BCL2L1,ortholog_one2one,100.0,75.8958
ENSCAFG00000042866,,ENSG00000100387,RBX1,ortholog_one2one,100.0,100.0
ENSCAFG00000001090,,ENSG00000100410,PHF5A,ortholog_one2one,100.0,100.0
ENSCAFG00000008327,,ENSG00000131051,RBM39,ortholog_one2one,100.0,100.0
ENSCAFG00000048078,,ENSG00000125995,ROMO1,ortholog_one2one,100.0,100.0
ENSCAFG00000008832,,ENSG00000101413,RPRD1B,ortholog_one2one,100.0,100.0
ENSCAFG00000032145,,ENSG00000166619,BLCAP,ortholog_one2one,100.0,100.0
ENSCAFG00000032009,,ENSG00000119414,PPP6C,ortholog_one2one,100.0,89.1813
ENSCAFG00000019347,,ENSG00000213977,TAX1BP3,ortholog_one2one,100.0,100.0
ENSCAFG00000019221,,ENSG00000174231,PRPF8,ortholog_one2one,100.0,100.0
ENSCAFG00000002533,,ENSG00000106803,SEC61B,ortholog_one2one,100.0,100.0
ENSCAFG00000032495,,ENSG00000169976,SF3B5,ortholog_one2one,100.0,100.0
ENSCAFG00000004413,,ENSG00000165997,ARL5B,ortholog_one2one,100.0,100.0
ENSCAFG00000004186,,ENSG00000150867,PIP4K2A,ortholog_one2one,100.0,100.0
ENSCAFG00000032740,,ENSG00000272047,GTF2H5,ortholog_one2one,100.0,100.0
ENSCAFG00000018659,,ENSG00000109083,IFT20,ortholog_one2one,100.0,83.5443
ENSCAFG00000004690,,ENSG00000161960,EIF4A1,ortholog_one2one,100.0,100.0
ENSCAFG00000006261,,ENSG00000180660,MAB21L1,ortholog_one2one,100.0,100.0
ENSCAFG00000044256,,ENSG00000205659,LIN52,ortholog_one2one,100.0,100.0
ENSCAFG00000003570,,ENSG00000119402,FBXW2,ortholog_one2one,100.0,100.0
ENSCAFG00000032389,,ENSG00000100632,ERH,ortholog_one2one,100.0,100.0
ENSCAFG00000032601,,ENSG00000185721,DRG1,ortholog_one2one,100.0,100.0
ENSCAFG00000016212,,ENSG00000125952,MAX,ortholog_one2one,100.0,100.0
ENSCAFG00000003629,,ENSG00000119396,RAB14,ortholog_one2one,100.0,100.0
ENSCAFG00000015421,,ENSG00000100030,MAPK1,ortholog_one2one,100.0,100.0
ENSCAFG00000024150,,ENSG00000165527,ARF6,ortholog_one2one,100.0,84.5714
ENSCAFG00000013872,,ENSG00000182400,TRAPPC6B,ortholog_one2one,100.0,100.0
ENSCAFG00000000190,,ENSG00000112306,RPS12,ortholog_one2one,100.0,100.0
ENSCAFG00000012097,,ENSG00000129559,NEDD8,ortholog_one2one,100.0,100.0
ENSCAFG00000001414,,ENSG00000112081,SRSF3,ortholog_one2one,100.0,100.0
ENSCAFG00000001318,,ENSG00000198755,RPL10A,ortholog_one2one,100.0,100.0
ENSCAFG00000018830,,ENSG00000123728,RAP2C,ortholog_one2one,100.0,100.0
ENSCAFG00000018755,,ENSG00000134594,RAB33A,ortholog_one2one,100.0,100.0
ENSCAFG00000001580,,ENSG00000001167,NFYA,ortholog_one2one,100.0,99.7118
ENSCAFG00000018634,,ENSG00000104833,TUBB4A,ortholog_one2one,100.0,100.0
ENSCAFG00000012171,,ENSG00000151923,TIAL1,ortholog_one2one,100.0,100.0
ENSCAFG00000018545,,ENSG00000232119,MCTS1,ortholog_one2one,100.0,100.0
ENSCAFG00000018390,,ENSG00000018610,STEEP1,ortholog_one2one,100.0,100.0
ENSCAFG00000032060,,ENSG00000185236,RAB11B,ortholog_one2one,100.0,100.0
ENSCAFG00000045671,,ENSG00000233927,RPS28,ortholog_one2one,100.0,100.0
ENSCAFG00000045750,,ENSG00000275379,H3C11,ortholog_one2one,100.0,100.0
ENSCAFG00000043815,,ENSG00000277775,H3C7,ortholog_one2one,100.0,100.0
ENSCAFG00000031860,,ENSG00000180573,H2AC6,ortholog_one2one,100.0,100.0
ENSCAFG00000042995,,ENSG00000278828,H3C10,ortholog_one2one,100.0,100.0
ENSCAFG00000043731,,ENSG00000277224,H2BC7,ortholog_one2one,100.0,100.0
ENSCAFG00000045512,,ENSG00000275714,H3C1,ortholog_one2one,100.0,100.0
ENSCAFG00000032630,,ENSG00000198258,UBL5,ortholog_one2one,100.0,100.0
ENSCAFG00000042780,,ENSG00000197903,H2BC12,ortholog_one2one,100.0,100.0
ENSCAFG00000032353,,ENSG00000072401,UBE2D1,ortholog_one2one,100.0,100.0
ENSCAFG00000015961,,ENSG00000078140,UBE2K,ortholog_one2one,100.0,100.0
ENSCAFG00000015782,,ENSG00000167461,RAB8A,ortholog_one2one,100.0,100.0
ENSCAFG00000029078,,ENSG00000274997,H2AC12,ortholog_one2one,100.0,100.0
ENSCAFG00000048378,,ENSG00000197409,H3C4,ortholog_one2one,100.0,100.0
ENSCAFG00000029759,,ENSG00000278677,H2AC17,ortholog_one2one,100.0,100.0
ENSCAFG00000013807,,ENSG00000147027,TMEM47,ortholog_one2one,100.0,100.0
ENSCAFG00000002153,,ENSG00000008197,TFAP2D,ortholog_one2one,100.0,100.0
ENSCAFG00000002490,,ENSG00000112245,PTP4A1,ortholog_one2one,100.0,100.0
ENSCAFG00000013183,,ENSG00000217236,SP9,ortholog_one2one,100.0,63.843
ENSCAFG00000018247,,ENSG00000167088,SNRPD1,ortholog_one2one,100.0,100.0
ENSCAFG00000028908,,ENSG00000105583,WDR83OS,ortholog_one2one,100.0,100.0
ENSCAFG00000017208,,ENSG00000198356,GET3,ortholog_one2one,100.0,100.0
ENSCAFG00000013619,,ENSG00000096746,HNRNPH3,ortholog_one2one,100.0,100.0
ENSCAFG00000010899,,ENSG00000115540,MOB4,ortholog_one2one,100.0,100.0
ENSCAFG00000017862,,ENSG00000141425,RPRD1A,ortholog_one2one,100.0,100.0
ENSCAFG00000017567,,ENSG00000175387,SMAD2,ortholog_one2one,100.0,100.0
ENSCAFG00000013510,,ENSG00000118260,CREB1,ortholog_one2one,100.0,100.0
ENSCAFG00000014618,,ENSG00000163466,ARPC2,ortholog_one2one,100.0,91.6667
ENSCAFG00000043173,,ENSG00000197756,RPL37A,ortholog_one2one,100.0,100.0
ENSCAFG00000003123,,ENSG00000135341,MAP3K7,ortholog_one2one,100.0,100.0
ENSCAFG00000014420,,ENSG00000166295,ANAPC16,ortholog_one2one,100.0,100.0
ENSCAFG00000003197,,ENSG00000138071,ACTR2,ortholog_one2one,100.0,100.0
ENSCAFG00000003187,,ENSG00000138069,RAB1A,ortholog_one2one,100.0,100.0
ENSCAFG00000001688,,ENSG00000107105,ELAVL2,ortholog_one2one,100.0,100.0
ENSCAFG00000005398,,ENSG00000013275,PSMC4,ortholog_one2one,100.0,100.0
ENSCAFG00000002366,,ENSG00000083845,RPS5,ortholog_one2one,100.0,90.6667
ENSCAFG00000004403,,ENSG00000125743,SNRPD2,ortholog_one2one,100.0,100.0
ENSCAFG00000029151,,ENSG00000160014,CALM3,ortholog_one2one,100.0,100.0
ENSCAFG00000002551,,ENSG00000063244,U2AF2,ortholog_one2one,100.0,100.0
ENSCAFG00000017226,,ENSG00000105576,TNPO2,ortholog_one2one,99.8885,99.8885
ENSCAFG00000001976,,ENSG00000165280,VCP,ortholog_one2one,99.8759,99.8759
ENSCAFG00000016809,,ENSG00000119707,RBM25,ortholog_one2one,99.8745,94.4247
ENSCAFG00000041148,,ENSG00000096384,HSP90AB1,ortholog_one2one,99.8619,99.8619
ENSCAFG00000013171,,ENSG00000177189,RPS6KA3,ortholog_one2one,99.8605,96.7568
ENSCAFG00000016241,,ENSG00000072501,SMC1A,ortholog_one2one,99.8378,99.8378
ENSCAFG00000009879,,ENSG00000166167,BTRC,ortholog_one2one,99.8347,99.8347
ENSCAFG00000009209,,ENSG00000153234,NR4A2,ortholog_one2one,99.8328,99.8328
ENSCAFG00000005576,,ENSG00000092201,SUPT16H,ortholog_one2one,99.809,99.809
ENSCAFG00000001836,,ENSG00000122692,SMU1,ortholog_one2one,99.8051,99.8051
ENSCAFG00000029157,,ENSG00000139910,NOVA1,ortholog_one2one,99.8028,99.8028
ENSCAFG00000006870,,ENSG00000132964,CDK8,ortholog_one2one,99.7845,99.7845
ENSCAFG00000003844,,ENSG00000183207,RUVBL2,ortholog_one2one,99.784,99.784
ENSCAFG00000011832,,ENSG00000101958,GLRA2,ortholog_one2one,99.7788,99.7788
ENSCAFG00000018554,,ENSG00000198081,ZBTB14,ortholog_one2one,99.7773,99.7773
ENSCAFG00000011914,,ENSG00000101138,CSTF1,ortholog_one2one,99.768,99.768
ENSCAFG00000003162,,ENSG00000197329,PELI1,ortholog_one2one,99.7608,99.7608
ENSCAFG00000016505,,ENSG00000109606,DHX15,ortholog_one2one,99.7484,99.7484
ENSCAFG00000010005,,ENSG00000198728,LDB1,ortholog_one2one,99.7333,90.9976
ENSCAFG00000017350,,ENSG00000196361,ELAVL3,ortholog_one2one,99.7275,99.7275
ENSCAFG00000018867,,ENSG00000156531,PHF6,ortholog_one2one,99.7268,99.7268
ENSCAFG00000006271,,ENSG00000133119,RFC3,ortholog_one2one,99.7191,99.7191
ENSCAFG00000017134,,ENSG00000147162,OGT,ortholog_one2one,99.7132,99.7132
ENSCAFG00000011482,,ENSG00000258643,BCL2L2-PABPN1,ortholog_one2one,99.6997,90.9589
ENSCAFG00000003332,,ENSG00000135333,EPHA7,ortholog_one2one,99.6994,99.6994
ENSCAFG00000011709,,ENSG00000172318,B3GALT1,ortholog_one2one,99.6933,99.6933
ENSCAFG00000018587,,ENSG00000101972,STAG2,ortholog_one2one,99.6845,99.6845
ENSCAFG00000014596,,ENSG00000070010,UFD1,ortholog_one2one,99.6743,99.6743
ENSCAFG00000014291,,ENSG00000129933,MAU2,ortholog_one2one,99.6737,99.6737
ENSCAFG00000014816,,ENSG00000144580,CNOT9,ortholog_one2one,99.6656,90.0302
ENSCAFG00000005130,,ENSG00000125814,NAPB,ortholog_one2one,99.6644,98.3444
ENSCAFG00000010831,,ENSG00000108061,SHOC2,ortholog_one2one,99.6564,99.6564
ENSCAFG00000000137,,ENSG00000091164,TXNL1,ortholog_one2one,99.654,99.654
ENSCAFG00000007222,,ENSG00000132953,XPO4,ortholog_one2one,99.6525,99.6525
ENSCAFG00000029797,,ENSG00000126778,SIX1,ortholog_one2one,99.6479,99.6479
ENSCAFG00000014578,,ENSG00000005007,UPF1,ortholog_one2one,99.646,99.7343
ENSCAFG00000032307,,ENSG00000169740,ZNF32,ortholog_one2one,99.6337,99.6337
ENSCAFG00000019188,,ENSG00000174238,PITPNA,ortholog_one2one,99.6296,99.6296
ENSCAFG00000018650,,ENSG00000087095,NLK,ortholog_one2one,99.6205,99.6205
ENSCAFG00000002445,,ENSG00000136937,NCBP1,ortholog_one2one,99.6203,99.6203
ENSCAFG00000006030,,ENSG00000132646,PCNA,ortholog_one2one,99.6169,99.6169
ENSCAFG00000010909,,ENSG00000165934,CPSF2,ortholog_one2one,99.6164,99.6164
ENSCAFG00000004547,,ENSG00000180332,KCTD4,ortholog_one2one,99.6124,99.2278
ENSCAFG00000004591,,ENSG00000165985,C1QL3,ortholog_one2one,99.6078,99.6078
ENSCAFG00000011987,,ENSG00000170370,EMX2,ortholog_one2one,99.6047,100.0
ENSCAFG00000002700,,ENSG00000105618,PRPF31,ortholog_one2one,99.5992,99.5992
ENSCAFG00000004944,,ENSG00000184226,PCDH9,ortholog_one2one,99.5958,99.5958
ENSCAFG00000009514,,ENSG00000166913,YWHAB,ortholog_one2one,99.5935,99.5935
ENSCAFG00000010971,,ENSG00000119042,SATB2,ortholog_one2one,99.5907,99.5907
ENSCAFG00000015491,,ENSG00000101940,WDR13,ortholog_one2one,99.5876,99.5876
ENSCAFG00000013632,,ENSG00000169306,IL1RAPL1,ortholog_one2one,99.569,99.569
ENSCAFG00000003580,,ENSG00000164418,GRIK2,ortholog_one2one,99.5595,99.5595
ENSCAFG00000017693,,ENSG00000126945,HNRNPH2,ortholog_one2one,99.5546,99.5546
ENSCAFG00000006960,,ENSG00000105677,TMEM147,ortholog_one2one,99.5536,99.5536
ENSCAFG00000014355,,ENSG00000061676,NCKAP1,ortholog_one2one,99.5463,96.7372
ENSCAFG00000005866,,ENSG00000178982,EIF3K,ortholog_one2one,99.5413,99.5413
ENSCAFG00000019158,,ENSG00000167658,EEF2,ortholog_one2one,99.5338,99.5338
ENSCAFG00000001613,,ENSG00000124641,MED20,ortholog_one2one,99.5283,99.5283
ENSCAFG00000023253,,ENSG00000146267,FAXC,ortholog_one2one,99.511,99.511
ENSCAFG00000019528,,ENSG00000071626,DAZAP1,ortholog_one2one,99.5074,99.2629
ENSCAFG00000011750,,ENSG00000123595,RAB9A,ortholog_one2one,99.5025,99.5025
ENSCAFG00000001918,,ENSG00000172432,GTPBP2,ortholog_one2one,99.5017,99.5017
ENSCAFG00000023674,,ENSG00000198642,KLHL9,ortholog_one2one,99.4819,93.3549
ENSCAFG00000012521,,ENSG00000198586,TLK1,ortholog_one2one,99.4778,96.8234
ENSCAFG00000013826,,ENSG00000100934,SEC23A,ortholog_one2one,99.4771,99.4771
ENSCAFG00000012163,,ENSG00000101158,NELFCD,ortholog_one2one,99.4652,93.1553
ENSCAFG00000017879,,ENSG00000141429,GALNT1,ortholog_one2one,99.4633,99.4633
ENSCAFG00000003854,,ENSG00000112290,WASF1,ortholog_one2one,99.4633,99.4633
ENSCAFG00000003421,,ENSG00000172461,FUT9,ortholog_one2one,99.4429,99.4429
ENSCAFG00000014103,,ENSG00000187231,SESTD1,ortholog_one2one,99.4253,99.4253
ENSCAFG00000003224,,ENSG00000136875,PRPF4,ortholog_one2one,99.4253,99.4253
ENSCAFG00000013332,,ENSG00000115966,ATF2,ortholog_one2one,99.4059,99.4059
ENSCAFG00000009183,,ENSG00000162989,KCNJ3,ortholog_one2one,99.4012,99.4012
ENSCAFG00000002955,,ENSG00000119866,BCL11A,ortholog_one2one,99.4005,99.2814
ENSCAFG00000032562,,ENSG00000165410,CFL2,ortholog_one2one,99.3976,99.3976
ENSCAFG00000004325,,ENSG00000102753,KPNA3,ortholog_one2one,99.3976,95.0096
ENSCAFG00000017908,,ENSG00000130811,EIF3G,ortholog_one2one,99.375,99.375
ENSCAFG00000031586,,ENSG00000119862,LGALSL,ortholog_one2one,99.375,92.4419
ENSCAFG00000016031,,ENSG00000126803,HSPA2,ortholog_one2one,99.3721,99.061
ENSCAFG00000018663,,ENSG00000109079,TNFAIP1,ortholog_one2one,99.3671,99.3671
ENSCAFG00000009681,,ENSG00000204070,SYS1,ortholog_one2one,99.359,99.359
ENSCAFG00000003526,,ENSG00000078725,BRINP1,ortholog_one2one,99.343,99.343
ENSCAFG00000015465,,ENSG00000156113,KCNMA1,ortholog_one2one,99.3366,93.0124
ENSCAFG00000009337,,ENSG00000137285,TUBB2B,ortholog_one2one,99.3304,100.0
ENSCAFG00000013228,,ENSG00000149970,CNKSR2,ortholog_one2one,99.323,99.323
ENSCAFG00000008738,,ENSG00000077147,TM9SF3,ortholog_one2one,99.3186,98.9813
ENSCAFG00000024782,,ENSG00000204052,LRRC73,ortholog_one2one,99.3151,91.7721
ENSCAFG00000001395,,ENSG00000100201,DDX17,ortholog_one2one,99.3141,99.0424
ENSCAFG00000015216,,ENSG00000165588,OTX2,ortholog_one2one,99.308,96.633
ENSCAFG00000042390,,ENSG00000137267,TUBB2A,ortholog_one2one,99.3007,95.7303
ENSCAFG00000000008,,ENSG00000141759,TXNL4A,ortholog_one2one,99.2958,99.2958
ENSCAFG00000010354,,ENSG00000076685,NT5C2,ortholog_one2one,99.287,97.891
ENSCAFG00000007949,,ENSG00000108231,LGI1,ortholog_one2one,99.2819,99.2819
ENSCAFG00000023840,,ENSG00000178235,SLITRK1,ortholog_one2one,99.2816,99.2816
ENSCAFG00000007428,,ENSG00000198060,MARCHF5,ortholog_one2one,99.2806,99.2806
ENSCAFG00000017570,,ENSG00000100796,PPP4R3A,ortholog_one2one,99.2797,99.2797
ENSCAFG00000013476,,ENSG00000067992,PDK3,ortholog_one2one,99.2771,99.2771
ENSCAFG00000003701,,ENSG00000057663,ATG5,ortholog_one2one,99.2727,99.2727
ENSCAFG00000013087,,ENSG00000100105,PATZ1,ortholog_one2one,99.2722,99.2722
ENSCAFG00000017894,,ENSG00000100811,YY1,ortholog_one2one,99.2683,98.3092
ENSCAFG00000009984,,ENSG00000136535,TBR1,ortholog_one2one,99.2669,99.2669
ENSCAFG00000016589,,ENSG00000100650,SRSF5,ortholog_one2one,99.2647,99.2647
ENSCAFG00000005206,,ENSG00000134453,RBM17,ortholog_one2one,99.2519,99.2519
ENSCAFG00000000056,,ENSG00000081138,CDH7,ortholog_one2one,99.2357,99.2357
ENSCAFG00000020196,,ENSG00000044574,HSPA5,ortholog_one2one,99.2355,99.2355
ENSCAFG00000017986,,ENSG00000197102,DYNC1H1,ortholog_one2one,99.2253,99.2467
ENSCAFG00000011243,,ENSG00000100462,PRMT5,ortholog_one2one,99.2151,99.2151
ENSCAFG00000009287,,ENSG00000115170,ACVR1,ortholog_one2one,99.2141,99.2141
ENSCAFG00000004365,,ENSG00000136754,ABI1,ortholog_one2one,99.2126,99.2126
ENSCAFG00000013351,,ENSG00000165186,PTCHD1,ortholog_one2one,99.2117,99.2117
ENSCAFG00000011537,,ENSG00000073464,CLCN4,ortholog_one2one,99.2105,98.1771
ENSCAFG00000005926,,ENSG00000102466,FGF14,ortholog_one2one,99.2064,99.2064
ENSCAFG00000018002,,ENSG00000197705,KLHL14,ortholog_one2one,99.2051,99.3631
ENSCAFG00000016524,,ENSG00000186767,SPIN4,ortholog_one2one,99.1968,99.1968
ENSCAFG00000014002,,ENSG00000099284,MACROH2A2,ortholog_one2one,99.1936,99.1936
ENSCAFG00000020206,,ENSG00000173611,SCAI,ortholog_one2one,99.1749,95.5485
ENSCAFG00000014050,,ENSG00000148730,EIF4EBP2,ortholog_one2one,99.1667,99.1667
ENSCAFG00000013663,,ENSG00000128266,GNAZ,ortholog_one2one,99.1549,99.1549
ENSCAFG00000015237,,ENSG00000070367,EXOC5,ortholog_one2one,99.1525,98.7342
ENSCAFG00000013270,,ENSG00000198739,LRRTM3,ortholog_one2one,99.1394,99.1394
ENSCAFG00000010417,,ENSG00000112308,C6orf62,ortholog_one2one,99.1266,99.1266
ENSCAFG00000012749,,ENSG00000101193,GID8,ortholog_one2one,99.1228,99.1228
ENSCAFG00000001391,,ENSG00000100206,DMC1,ortholog_one2one,99.1176,99.1176
ENSCAFG00000002601,,ENSG00000160469,BRSK1,ortholog_one2one,99.1139,98.6146
ENSCAFG00000019103,,ENSG00000269556,TMEM185A,ortholog_one2one,99.1098,95.4286
ENSCAFG00000011912,,ENSG00000148704,VAX1,ortholog_one2one,99.1018,99.1018
ENSCAFG00000018090,,ENSG00000101935,AMMECR1,ortholog_one2one,99.0964,98.7988
ENSCAFG00000014945,,ENSG00000105649,RAB3A,ortholog_one2one,99.0909,99.0909
ENSCAFG00000019349,,ENSG00000127774,EMC6,ortholog_one2one,99.0909,99.0909
ENSCAFG00000032548,,ENSG00000140015,KCNH5,ortholog_one2one,99.0891,99.0891
ENSCAFG00000001544,,ENSG00000100353,EIF3D,ortholog_one2one,99.0876,99.0876
ENSCAFG00000018158,,ENSG00000198795,ZNF521,ortholog_one2one,99.0847,99.0847
ENSCAFG00000005561,,ENSG00000065150,IPO5,ortholog_one2one,99.0766,96.2332
ENSCAFG00000001715,,ENSG00000120162,MOB3B,ortholog_one2one,99.0741,99.0741
ENSCAFG00000000905,,ENSG00000196911,KPNA5,ortholog_one2one,99.0724,99.0724
ENSCAFG00000015936,,ENSG00000116106,EPHA4,ortholog_one2one,99.0576,95.9432
ENSCAFG00000017010,,ENSG00000196338,NLGN3,ortholog_one2one,99.0566,99.0566
ENSCAFG00000014224,,ENSG00000030419,IKZF2,ortholog_one2one,99.0494,97.9323
ENSCAFG00000001370,,ENSG00000100246,DNAL4,ortholog_one2one,99.0476,99.0476
ENSCAFG00000016386,,ENSG00000134001,EIF2S1,ortholog_one2one,99.0476,99.0476
ENSCAFG00000001795,,ENSG00000109132,PHOX2B,ortholog_one2one,99.0446,99.0446
ENSCAFG00000003054,,ENSG00000148153,INIP,ortholog_one2one,99.0385,99.0385
ENSCAFG00000003452,,ENSG00000186231,KLHL32,ortholog_one2one,99.0323,99.0323
ENSCAFG00000014104,,ENSG00000166228,PCBD1,ortholog_one2one,99.0291,98.0769
ENSCAFG00000019409,,ENSG00000130332,LSM7,ortholog_one2one,99.0291,99.0291
ENSCAFG00000000039,,ENSG00000206052,DOK6,ortholog_one2one,99.0291,92.4471
ENSCAFG00000005669,,ENSG00000015171,ZMYND11,ortholog_one2one,99.0275,99.0275
ENSCAFG00000032463,,ENSG00000205155,PSENEN,ortholog_one2one,99.0099,99.0099
ENSCAFG00000001727,,ENSG00000174482,LINGO2,ortholog_one2one,99.0099,99.0099
ENSCAFG00000013398,,ENSG00000174010,KLHL15,ortholog_one2one,99.0066,99.0066
ENSCAFG00000001996,,ENSG00000096401,CDC5L,ortholog_one2one,99.0025,99.0025
ENSCAFG00000007912,,ENSG00000100991,TRPC4AP,ortholog_one2one,98.9962,98.9962
ENSCAFG00000018574,,ENSG00000125676,THOC2,ortholog_one2one,98.9956,98.9956
ENSCAFG00000031042,,ENSG00000126003,PLAGL2,ortholog_one2one,98.9919,98.9919
ENSCAFG00000017326,,ENSG00000130176,CNN1,ortholog_one2one,98.9899,98.9899
ENSCAFG00000031807,,ENSG00000167635,ZNF146,ortholog_one2one,98.9726,98.9726
ENSCAFG00000017633,,ENSG00000126953,TIMM8A,ortholog_one2one,98.9691,98.9691
ENSCAFG00000001229,,ENSG00000196821,ILRUN,ortholog_one2one,98.9691,96.6443
ENSCAFG00000019060,,ENSG00000159842,ABR,ortholog_one2one,98.9667,98.9667
ENSCAFG00000012911,,ENSG00000092148,HECTD1,ortholog_one2one,98.9651,98.7758
ENSCAFG00000003341,,ENSG00000116001,TIA1,ortholog_one2one,98.9637,98.9637
ENSCAFG00000018592,,ENSG00000196712,NF1,ortholog_one2one,98.9583,97.0412
ENSCAFG00000015796,,ENSG00000167460,TPM4,ortholog_one2one,98.9437,98.9437
ENSCAFG00000002712,,ENSG00000179915,NRXN1,ortholog_one2one,98.9383,96.3801
ENSCAFG00000018239,,ENSG00000101752,MIB1,ortholog_one2one,98.935,92.3459
ENSCAFG00000032081,,ENSG00000213780,GTF2H4,ortholog_one2one,98.9201,99.1342
ENSCAFG00000000164,,ENSG00000141646,SMAD4,ortholog_one2one,98.913,98.913
ENSCAFG00000014826,,ENSG00000100522,GNPNAT1,ortholog_one2one,98.913,98.913
ENSCAFG00000015617,,ENSG00000188760,TMEM198,ortholog_one2one,98.8889,98.8889
ENSCAFG00000020028,,ENSG00000136802,LRRC8A,ortholog_one2one,98.8889,98.8889
ENSCAFG00000003050,,ENSG00000082898,XPO1,ortholog_one2one,98.8796,98.8796
ENSCAFG00000012528,,ENSG00000101182,PSMA7,ortholog_one2one,98.8764,70.9677
ENSCAFG00000049846,,ENSG00000100575,TIMM9,ortholog_one2one,98.8764,98.8764
ENSCAFG00000016077,,ENSG00000107779,BMPR1A,ortholog_one2one,98.8722,98.8722
ENSCAFG00000013761,,ENSG00000060339,CCAR1,ortholog_one2one,98.8696,98.8696
ENSCAFG00000025069,,ENSG00000151834,GABRA2,ortholog_one2one,98.8688,85.5186
ENSCAFG00000003905,,ENSG00000123505,AMD1,ortholog_one2one,98.8679,56.71
ENSCAFG00000010310,,ENSG00000148842,CNNM2,ortholog_one2one,98.8571,98.8571
ENSCAFG00000014518,,ENSG00000156026,MCU,ortholog_one2one,98.8571,98.5755
ENSCAFG00000017599,,ENSG00000078043,PIAS2,ortholog_one2one,98.8562,97.4235
ENSCAFG00000031522,,ENSG00000076984,MAP2K7,ortholog_one2one,98.8506,98.8506
ENSCAFG00000017635,,ENSG00000141622,ARK2C,ortholog_one2one,98.8439,98.8439
ENSCAFG00000001212,,ENSG00000272325,NUDT3,ortholog_one2one,98.8372,98.8372
ENSCAFG00000011659,,ENSG00000054793,ATP9A,ortholog_one2one,98.8338,97.1347
ENSCAFG00000009386,,ENSG00000172987,HPSE2,ortholog_one2one,98.8176,98.8176
ENSCAFG00000002772,,ENSG00000105568,PPP2R1A,ortholog_one2one,98.8136,98.9813
ENSCAFG00000018629,,ENSG00000109046,WSB1,ortholog_one2one,98.8124,98.8124
ENSCAFG00000002244,,ENSG00000174780,SRP72,ortholog_one2one,98.8077,98.8077
ENSCAFG00000017009,,ENSG00000008441,NFIX,ortholog_one2one,98.8024,97.0588
ENSCAFG00000011570,,ENSG00000101871,MID1,ortholog_one2one,98.8006,91.7827
ENSCAFG00000018667,,ENSG00000088247,KHSRP,ortholog_one2one,98.786,91.5612
ENSCAFG00000023386,,ENSG00000178531,CTXN1,ortholog_one2one,98.7805,98.7805
ENSCAFG00000015689,,ENSG00000068308,OTUD5,ortholog_one2one,98.7741,98.7741
ENSCAFG00000017967,,ENSG00000127445,PIN1,ortholog_one2one,98.773,98.773
ENSCAFG00000020226,,ENSG00000106689,LHX2,ortholog_one2one,98.7685,97.3301
ENSCAFG00000014219,,ENSG00000165516,KLHDC2,ortholog_one2one,98.7685,98.7685
ENSCAFG00000031480,,ENSG00000111832,RWDD1,ortholog_one2one,98.7654,98.7654
ENSCAFG00000001520,,ENSG00000147862,NFIB,ortholog_one2one,98.7633,98.0702
ENSCAFG00000014971,,ENSG00000214655,ZSWIM8,ortholog_one2one,98.7514,98.7514
ENSCAFG00000003665,,ENSG00000104888,SLC17A7,ortholog_one2one,98.75,98.75
ENSCAFG00000029464,,ENSG00000099804,CDC34,ortholog_one2one,98.7288,98.7288
ENSCAFG00000005412,,ENSG00000105202,FBL,ortholog_one2one,98.722,96.2617
ENSCAFG00000001436,,ENSG00000100146,SOX10,ortholog_one2one,98.7179,99.1416
ENSCAFG00000018898,,ENSG00000160551,TAOK1,ortholog_one2one,98.7141,99.7003
ENSCAFG00000017828,,ENSG00000123575,FAM199X,ortholog_one2one,98.7113,98.7113
ENSCAFG00000014358,,ENSG00000147044,CASK,ortholog_one2one,98.7041,95.7068
ENSCAFG00000009963,,ENSG00000115233,PSMD14,ortholog_one2one,98.7013,98.0645
ENSCAFG00000032451,,ENSG00000136950,ARPC5L,ortholog_one2one,98.6928,98.6928
ENSCAFG00000004345,,ENSG00000136144,RCBTB1,ortholog_one2one,98.6817,98.6817
ENSCAFG00000029537,,ENSG00000165474,GJB2,ortholog_one2one,98.6726,98.6726
ENSCAFG00000018007,,ENSG00000101843,PSMD10,ortholog_one2one,98.6726,98.6726
ENSCAFG00000012396,,ENSG00000165443,PHYHIPL,ortholog_one2one,98.6702,98.6702
ENSCAFG00000018564,,ENSG00000125675,GRIA3,ortholog_one2one,98.6577,98.6577
ENSCAFG00000020216,,ENSG00000148200,NR6A1,ortholog_one2one,98.6547,91.6667
ENSCAFG00000011130,,ENSG00000136531,SCN2A,ortholog_one2one,98.654,98.7032
ENSCAFG00000012904,,ENSG00000170312,CDK1,ortholog_one2one,98.6532,98.6532
ENSCAFG00000029460,,ENSG00000174453,VWC2L,ortholog_one2one,98.6487,98.6487
ENSCAFG00000004527,,ENSG00000007047,MARK4,ortholog_one2one,98.6376,96.2766
ENSCAFG00000002154,,ENSG00000137076,TLN1,ortholog_one2one,98.6317,99.2916
ENSCAFG00000004361,,ENSG00000170604,IRF2BP1,ortholog_one2one,98.6301,98.6301
ENSCAFG00000011905,,ENSG00000139914,FITM1,ortholog_one2one,98.6301,98.6301
ENSCAFG00000018719,,ENSG00000109107,ALDOC,ortholog_one2one,98.6264,98.6264
ENSCAFG00000014141,,ENSG00000180182,MED14,ortholog_one2one,98.6245,98.6245
ENSCAFG00000007571,,ENSG00000101464,PIGU,ortholog_one2one,98.6207,98.6207
ENSCAFG00000012559,,ENSG00000099995,SF3A1,ortholog_one2one,98.6129,98.6129
ENSCAFG00000017798,,ENSG00000123562,MORF4L2,ortholog_one2one,98.6111,98.6111
ENSCAFG00000015505,,ENSG00000100592,DAAM1,ortholog_one2one,98.6085,98.6085
ENSCAFG00000002014,,ENSG00000109189,USP46,ortholog_one2one,98.6034,96.4481
ENSCAFG00000007145,,ENSG00000101337,TM9SF4,ortholog_one2one,98.5981,98.5981
ENSCAFG00000009853,,ENSG00000010017,RANBP9,ortholog_one2one,98.5866,76.5432
ENSCAFG00000017023,,ENSG00000169562,GJB1,ortholog_one2one,98.5866,98.5866
ENSCAFG00000003024,,ENSG00000135316,SYNCRIP,ortholog_one2one,98.5765,88.9246
ENSCAFG00000004275,,ENSG00000167414,GNG8,ortholog_one2one,98.5714,98.5714
ENSCAFG00000002714,,ENSG00000145242,EPHA5,ortholog_one2one,98.5685,92.8709
ENSCAFG00000030765,,ENSG00000095574,IKZF5,ortholog_one2one,98.568,98.568
ENSCAFG00000025086,,ENSG00000213160,KLHL23,ortholog_one2one,98.5663,98.5663
ENSCAFG00000018147,,ENSG00000141380,SS18,ortholog_one2one,98.5646,98.5646
ENSCAFG00000030307,,ENSG00000183098,GPC6,ortholog_one2one,98.5586,98.5586
ENSCAFG00000041364,,ENSG00000188580,NKAIN2,ortholog_one2one,98.5577,98.5577
ENSCAFG00000010221,,ENSG00000107882,SUFU,ortholog_one2one,98.5537,98.5537
ENSCAFG00000014633,,ENSG00000139926,FRMD6,ortholog_one2one,98.5531,98.5531
ENSCAFG00000004076,,ENSG00000170759,KIF5B,ortholog_one2one,98.5462,98.5462
ENSCAFG00000001720,,ENSG00000147894,C9orf72,ortholog_one2one,98.5447,96.3415
ENSCAFG00000006665,,ENSG00000105270,CLIP3,ortholog_one2one,98.5375,98.5375
ENSCAFG00000000265,,ENSG00000177468,OLIG3,ortholog_one2one,98.5294,98.5294
ENSCAFG00000031321,,ENSG00000115596,WNT6,ortholog_one2one,98.5251,91.5069
ENSCAFG00000012067,,ENSG00000100280,AP1B1,ortholog_one2one,98.5248,98.5248
ENSCAFG00000000933,,ENSG00000204227,RING1,ortholog_one2one,98.5222,98.5222
ENSCAFG00000029892,,ENSG00000142541,RPL13A,ortholog_one2one,98.5222,95.2381
ENSCAFG00000020049,,ENSG00000197694,SPTAN1,ortholog_one2one,98.5188,98.5188
ENSCAFG00000000912,,ENSG00000204231,RXRB,ortholog_one2one,98.5075,98.324
ENSCAFG00000010807,,ENSG00000150593,PDCD4,ortholog_one2one,98.5075,98.5075
ENSCAFG00000010080,,ENSG00000128641,MYO1B,ortholog_one2one,98.5035,98.5035
ENSCAFG00000014026,,ENSG00000079332,SAR1A,ortholog_one2one,98.4848,98.4848
ENSCAFG00000018324,,ENSG00000079134,THOC1,ortholog_one2one,98.4779,98.4779
ENSCAFG00000000674,,ENSG00000204366,ZBTB12,ortholog_one2one,98.4749,98.4749
ENSCAFG00000002607,,ENSG00000155827,RNF20,ortholog_one2one,98.4615,98.4615
ENSCAFG00000005657,,ENSG00000165819,METTL3,ortholog_one2one,98.4483,98.4483
ENSCAFG00000015086,,ENSG00000152086,TUBA3E,ortholog_one2one,98.4444,98.4444
ENSCAFG00000005498,,ENSG00000125851,PCSK2,ortholog_one2one,98.4326,98.4326
ENSCAFG00000018631,,ENSG00000009694,TENM1,ortholog_one2one,98.4261,98.4261
ENSCAFG00000023431,,ENSG00000135298,ADGRB3,ortholog_one2one,98.4242,98.4888
ENSCAFG00000030041,,ENSG00000119446,RBM18,ortholog_one2one,98.4211,98.4211
ENSCAFG00000014460,,ENSG00000198513,ATL1,ortholog_one2one,98.3871,98.3871
ENSCAFG00000015619,,ENSG00000184302,SIX6,ortholog_one2one,98.374,98.374
ENSCAFG00000013493,,ENSG00000102230,PCYT1B,ortholog_one2one,98.374,98.374
ENSCAFG00000000127,,ENSG00000119547,ONECUT2,ortholog_one2one,98.3713,59.9206
ENSCAFG00000008000,,ENSG00000242372,EIF6,ortholog_one2one,98.3673,98.3673
ENSCAFG00000002998,,ENSG00000132466,ANKRD17,ortholog_one2one,98.3541,94.1222
ENSCAFG00000019048,,ENSG00000185985,SLITRK2,ortholog_one2one,98.3432,98.3432
ENSCAFG00000010720,,ENSG00000119953,SMNDC1,ortholog_one2one,98.3402,99.5798
ENSCAFG00000013151,,ENSG00000100852,ARHGAP5,ortholog_one2one,98.3367,98.4021
ENSCAFG00000000774,,ENSG00000204308,RNF5,ortholog_one2one,98.3333,98.3333
ENSCAFG00000005293,,ENSG00000165300,SLITRK5,ortholog_one2one,98.3299,98.3299
ENSCAFG00000012890,,ENSG00000128708,HAT1,ortholog_one2one,98.3294,98.3294
ENSCAFG00000000205,,ENSG00000118526,TCF21,ortholog_one2one,98.324,98.324
ENSCAFG00000011460,,ENSG00000197818,SLC9A8,ortholog_one2one,98.3193,97.99
ENSCAFG00000015787,,ENSG00000154001,PPP2R5E,ortholog_one2one,98.3158,100.0
ENSCAFG00000023575,,ENSG00000148481,MINDY3,ortholog_one2one,98.3051,91.236
ENSCAFG00000002860,,ENSG00000275052,PPP4R3B,ortholog_one2one,98.2927,94.9352
ENSCAFG00000012152,,ENSG00000204681,GABBR1,ortholog_one2one,98.2916,89.8023
ENSCAFG00000002364,,ENSG00000150471,ADGRL3,ortholog_one2one,98.2911,98.2911
ENSCAFG00000008987,,ENSG00000101438,SLC32A1,ortholog_one2one,98.289,98.4762
ENSCAFG00000012672,,ENSG00000092108,SCFD1,ortholog_one2one,98.2839,98.1308
ENSCAFG00000018461,,ENSG00000125355,TMEM255A,ortholog_one2one,98.2808,98.2808
ENSCAFG00000002470,,ENSG00000112232,KHDRBS2,ortholog_one2one,98.2808,98.2808
ENSCAFG00000030205,,ENSG00000134504,KCTD1,ortholog_one2one,98.2778,98.9595
ENSCAFG00000013977,,ENSG00000179454,KLHL28,ortholog_one2one,98.2699,97.094
ENSCAFG00000031326,,ENSG00000172216,CEBPB,ortholog_one2one,98.2659,98.5507
ENSCAFG00000007342,,ENSG00000121741,ZMYM2,ortholog_one2one,98.2571,98.2571
ENSCAFG00000028709,,ENSG00000213015,ZNF580,ortholog_one2one,98.2558,98.2558
ENSCAFG00000000617,,ENSG00000213722,DDAH2,ortholog_one2one,98.2456,98.2456
ENSCAFG00000019445,,ENSG00000198435,NRARP,ortholog_one2one,98.2456,98.2456
ENSCAFG00000002345,,ENSG00000112175,BMP5,ortholog_one2one,98.2379,98.2379
ENSCAFG00000000989,,ENSG00000111897,SERINC1,ortholog_one2one,98.234,98.234
ENSCAFG00000016497,,ENSG00000185650,ZFP36L1,ortholog_one2one,98.2249,98.2249
ENSCAFG00000000140,,ENSG00000196628,TCF4,ortholog_one2one,98.2249,85.8991
ENSCAFG00000016353,,ENSG00000072415,PALS1,ortholog_one2one,98.2222,98.2222
ENSCAFG00000006351,,ENSG00000083642,PDS5B,ortholog_one2one,98.2204,99.1707
ENSCAFG00000001332,,ENSG00000100324,TAB1,ortholog_one2one,98.2143,98.2143
ENSCAFG00000045783,,ENSG00000203879,GDI1,ortholog_one2one,98.2103,98.2103
ENSCAFG00000011767,,ENSG00000100884,CPNE6,ortholog_one2one,98.2047,89.3791
ENSCAFG00000004586,,ENSG00000148484,RSU1,ortholog_one2one,98.1949,98.1949
ENSCAFG00000016170,,ENSG00000139998,RAB15,ortholog_one2one,98.1928,66.2602
ENSCAFG00000013169,,ENSG00000172845,SP3,ortholog_one2one,98.1844,90.0128
ENSCAFG00000014698,,ENSG00000006016,CRLF1,ortholog_one2one,98.1723,89.0995
ENSCAFG00000006044,,ENSG00000133107,TRPC4,ortholog_one2one,98.167,98.167
ENSCAFG00000015671,,ENSG00000085872,CHERP,ortholog_one2one,98.1661,98.1661
ENSCAFG00000003471,,ENSG00000132424,PNISR,ortholog_one2one,98.1572,99.2547
ENSCAFG00000014474,,ENSG00000115461,IGFBP5,ortholog_one2one,98.155,97.7941
ENSCAFG00000002586,,ENSG00000148123,PLPPR1,ortholog_one2one,98.1538,98.1538
ENSCAFG00000001202,,ENSG00000124493,GRM4,ortholog_one2one,98.1503,93.0921
ENSCAFG00000009847,,ENSG00000100982,PCIF1,ortholog_one2one,98.1481,97.8693
ENSCAFG00000003083,,ENSG00000115484,CCT4,ortholog_one2one,98.1447,98.1447
ENSCAFG00000017965,,ENSG00000105088,OLFM2,ortholog_one2one,98.1383,81.2775
ENSCAFG00000016503,,ENSG00000083750,RRAGB,ortholog_one2one,98.1283,98.1283
ENSCAFG00000012215,,ENSG00000182287,AP1S2,ortholog_one2one,98.125,98.125
ENSCAFG00000018250,,ENSG00000102024,PLS3,ortholog_one2one,98.1221,99.5238
ENSCAFG00000000196,,ENSG00000112319,EYA4,ortholog_one2one,98.1197,88.9922
ENSCAFG00000001211,,ENSG00000137309,HMGA1,ortholog_one2one,98.1132,97.1963
ENSCAFG00000000380,,ENSG00000112282,MED23,ortholog_one2one,98.1118,98.3261
ENSCAFG00000018168,,ENSG00000168234,TTC39C,ortholog_one2one,98.1025,88.6792
ENSCAFG00000013885,,ENSG00000147036,LANCL3,ortholog_one2one,98.0952,98.0952
ENSCAFG00000000550,,ENSG00000091844,RGS17,ortholog_one2one,98.0952,98.0952
ENSCAFG00000016231,,ENSG00000033170,FUT8,ortholog_one2one,98.087,98.087
ENSCAFG00000013240,,ENSG00000129515,SNX6,ortholog_one2one,98.0861,98.0861
ENSCAFG00000016874,,ENSG00000082458,DLG3,ortholog_one2one,98.0792,96.2309
ENSCAFG00000004726,,ENSG00000105771,SMG9,ortholog_one2one,98.0769,98.0769
ENSCAFG00000007044,,ENSG00000169813,HNRNPF,ortholog_one2one,98.0676,97.8313
ENSCAFG00000012020,,ENSG00000204713,TRIM27,ortholog_one2one,98.0519,88.3041
ENSCAFG00000008790,,ENSG00000132792,CTNNBL1,ortholog_one2one,98.0462,97.1831
ENSCAFG00000018892,,ENSG00000154832,CXXC1,ortholog_one2one,98.0422,98.6364
ENSCAFG00000020039,,ENSG00000160445,ZER1,ortholog_one2one,98.0418,98.0418
ENSCAFG00000009140,,ENSG00000144278,GALNT13,ortholog_one2one,98.0392,98.0392
ENSCAFG00000028604,,ENSG00000132821,VSTM2L,ortholog_one2one,98.0392,98.0392
ENSCAFG00000020082,,ENSG00000106976,DNM1,ortholog_one2one,98.0324,98.0324
ENSCAFG00000003137,,ENSG00000169764,UGP2,ortholog_one2one,98.0315,96.325
ENSCAFG00000003082,,ENSG00000135334,AKIRIN2,ortholog_one2one,98.0296,98.0296
ENSCAFG00000029660,,ENSG00000128656,CHN1,ortholog_one2one,98.0176,96.9499
ENSCAFG00000000969,,ENSG00000025156,HSF2,ortholog_one2one,98.0159,92.1642
ENSCAFG00000006255,,ENSG00000172915,NBEA,ortholog_one2one,98.0135,98.7784
ENSCAFG00000013360,,ENSG00000092020,PPP2R3C,ortholog_one2one,98.0132,98.0132
ENSCAFG00000005760,,ENSG00000101333,PLCB4,ortholog_one2one,98.0099,98.5
ENSCAFG00000015978,,ENSG00000109814,UGDH,ortholog_one2one,98.004,99.3927
ENSCAFG00000015546,,ENSG00000148606,POLR3A,ortholog_one2one,98.0029,98.8489
ENSCAFG00000003698,,ENSG00000074219,TEAD2,ortholog_one2one,98.0,97.7827
ENSCAFG00000005185,,ENSG00000088930,XRN2,ortholog_one2one,98.0,98.0
ENSCAFG00000004540,,ENSG00000188342,GTF2F2,ortholog_one2one,97.992,97.992
ENSCAFG00000002100,,ENSG00000244694,PTCHD4,ortholog_one2one,97.9834,97.6359
ENSCAFG00000001868,,ENSG00000137207,YIPF3,ortholog_one2one,97.9827,95.5056
ENSCAFG00000016962,,ENSG00000119682,AREL1,ortholog_one2one,97.9823,94.4107
ENSCAFG00000005856,,ENSG00000182621,PLCB1,ortholog_one2one,97.9713,95.3125
ENSCAFG00000004054,,ENSG00000249853,HS3ST5,ortholog_one2one,97.971,97.6879
ENSCAFG00000019521,,ENSG00000196924,FLNA,ortholog_one2one,97.9592,97.9222
ENSCAFG00000010762,,ENSG00000108055,SMC3,ortholog_one2one,97.9491,98.1101
ENSCAFG00000030550,,ENSG00000013392,RWDD2A,ortholog_one2one,97.9452,97.9452
ENSCAFG00000014818,,ENSG00000107758,PPP3CB,ortholog_one2one,97.9401,99.619
ENSCAFG00000019062,,ENSG00000141627,DYM,ortholog_one2one,97.9282,97.9282
ENSCAFG00000030423,,ENSG00000183773,AIFM3,ortholog_one2one,97.9275,93.719
ENSCAFG00000014257,,ENSG00000074211,PPP2R2C,ortholog_one2one,97.9215,94.8546
ENSCAFG00000029284,,ENSG00000130066,SAT1,ortholog_one2one,97.9167,54.9708
ENSCAFG00000001508,,ENSG00000128340,RAC2,ortholog_one2one,97.9167,97.9167
ENSCAFG00000030651,,ENSG00000168939,SPRY3,ortholog_one2one,97.9167,97.9167
ENSCAFG00000003842,,ENSG00000112367,FIG4,ortholog_one2one,97.9052,97.2618
ENSCAFG00000006493,,ENSG00000130177,CDC16,ortholog_one2one,97.9032,97.9032
ENSCAFG00000005624,,ENSG00000151240,DIP2C,ortholog_one2one,97.9026,89.2109
ENSCAFG00000028688,,ENSG00000271303,SRXN1,ortholog_one2one,97.8947,67.8832
ENSCAFG00000016355,,ENSG00000123136,DDX39A,ortholog_one2one,97.8923,97.8923
ENSCAFG00000016165,,ENSG00000176153,GPX2,ortholog_one2one,97.8836,97.3684
ENSCAFG00000012009,,ENSG00000151893,CACUL1,ortholog_one2one,97.8723,62.3306
ENSCAFG00000011799,,ENSG00000046653,GPM6B,ortholog_one2one,97.8659,97.8659
ENSCAFG00000005600,,ENSG00000089123,TASP1,ortholog_one2one,97.8571,97.8571
ENSCAFG00000012305,,ENSG00000239474,KLHL41,ortholog_one2one,97.8548,97.8548
ENSCAFG00000018979,,ENSG00000156925,ZIC3,ortholog_one2one,97.8541,97.6445
ENSCAFG00000001932,,ENSG00000122756,CNTFR,ortholog_one2one,97.8495,97.8495
ENSCAFG00000031552,,ENSG00000105722,ERF,ortholog_one2one,97.8378,99.0876
ENSCAFG00000019101,,ENSG00000141252,VPS53,ortholog_one2one,97.8365,97.8365
ENSCAFG00000016133,,ENSG00000126012,KDM5C,ortholog_one2one,97.8191,97.7564
ENSCAFG00000001460,,ENSG00000153707,PTPRD,ortholog_one2one,97.8159,98.3787
ENSCAFG00000010313,,ENSG00000062598,ELMO2,ortholog_one2one,97.8142,99.4444
ENSCAFG00000016362,,ENSG00000109680,TBC1D19,ortholog_one2one,97.8131,93.5361
ENSCAFG00000007258,,ENSG00000126261,UBA2,ortholog_one2one,97.8125,97.8125
ENSCAFG00000004696,,ENSG00000152455,SUV39H2,ortholog_one2one,97.8049,97.8049
ENSCAFG00000018362,,ENSG00000176105,YES1,ortholog_one2one,97.8022,97.4453
ENSCAFG00000014880,,ENSG00000125378,BMP4,ortholog_one2one,97.7995,98.0392
ENSCAFG00000019478,,ENSG00000187713,TMEM203,ortholog_one2one,97.7941,97.7941
ENSCAFG00000025364,,ENSG00000102786,INTS6,ortholog_one2one,97.7832,89.5152
ENSCAFG00000005966,,ENSG00000151287,TEX30,ortholog_one2one,97.7778,96.9163
ENSCAFG00000009931,,ENSG00000124140,SLC12A5,ortholog_one2one,97.7758,96.4881
ENSCAFG00000002427,,ENSG00000136842,TMOD1,ortholog_one2one,97.7716,97.7716
ENSCAFG00000007478,,ENSG00000101421,CHMP4B,ortholog_one2one,97.7679,97.7679
ENSCAFG00000009745,,ENSG00000175063,UBE2C,ortholog_one2one,97.7654,97.7654
ENSCAFG00000009259,,ENSG00000120057,SFRP5,ortholog_one2one,97.7654,55.205
ENSCAFG00000017584,,ENSG00000127616,SMARCA4,ortholog_one2one,97.7535,95.7763
ENSCAFG00000048026,,ENSG00000165283,STOML2,ortholog_one2one,97.7528,97.7528
ENSCAFG00000002344,,ENSG00000040933,INPP4A,ortholog_one2one,97.7505,97.8506
ENSCAFG00000002328,,ENSG00000137252,HCRTR2,ortholog_one2one,97.7477,97.7477
ENSCAFG00000032609,,ENSG00000100302,RASD2,ortholog_one2one,97.7444,97.7444
ENSCAFG00000012550,,ENSG00000204335,SP5,ortholog_one2one,97.7387,97.7387
ENSCAFG00000000245,,ENSG00000029363,BCLAF1,ortholog_one2one,97.7322,98.3696
ENSCAFG00000024298,,ENSG00000204311,PJVK,ortholog_one2one,97.7273,97.7273
ENSCAFG00000003711,,ENSG00000104852,SNRNP70,ortholog_one2one,97.7221,98.1693
ENSCAFG00000004839,,ENSG00000151461,UPF2,ortholog_one2one,97.7183,97.6415
ENSCAFG00000013772,,ENSG00000144406,UNC80,ortholog_one2one,97.716,95.2467
ENSCAFG00000016311,,ENSG00000086758,HUWE1,ortholog_one2one,97.704,98.2625
ENSCAFG00000002744,,ENSG00000115306,SPTBN1,ortholog_one2one,97.7031,97.0837
ENSCAFG00000031142,,ENSG00000173065,FAM222B,ortholog_one2one,97.6868,97.6868
ENSCAFG00000002926,,ENSG00000173542,MOB1B,ortholog_one2one,97.6852,95.4751
ENSCAFG00000013485,,ENSG00000118263,KLF7,ortholog_one2one,97.6821,97.6821
ENSCAFG00000002951,,ENSG00000065609,SNAP91,ortholog_one2one,97.6821,97.5744
ENSCAFG00000013640,,ENSG00000155636,RBM45,ortholog_one2one,97.6793,97.2689
ENSCAFG00000008491,,ENSG00000080845,DLGAP4,ortholog_one2one,97.6791,97.5806
ENSCAFG00000025580,,ENSG00000073910,FRY,ortholog_one2one,97.6782,97.6782
ENSCAFG00000019506,,ENSG00000099622,CIRBP,ortholog_one2one,97.6744,56.5657
ENSCAFG00000006631,,ENSG00000088881,EBF4,ortholog_one2one,97.6744,97.6744
ENSCAFG00000031519,,ENSG00000250821,EXOC1L,ortholog_one2one,97.6744,97.6744
ENSCAFG00000002729,,ENSG00000068878,PSME4,ortholog_one2one,97.6731,93.3804
ENSCAFG00000030319,,ENSG00000178093,TSSK6,ortholog_one2one,97.6654,91.9414
ENSCAFG00000000770,,ENSG00000112530,PACRG,ortholog_one2one,97.6654,84.7973
ENSCAFG00000003761,,ENSG00000112333,NR2E1,ortholog_one2one,97.6623,89.0995
ENSCAFG00000000732,,ENSG00000120438,TCP1,ortholog_one2one,97.6619,97.6619
ENSCAFG00000014164,,ENSG00000139915,MDGA2,ortholog_one2one,97.6585,97.6585
ENSCAFG00000006551,,ENSG00000107643,MAPK8,ortholog_one2one,97.6581,97.6581
ENSCAFG00000032522,,ENSG00000056586,RC3H2,ortholog_one2one,97.649,97.649
ENSCAFG00000010864,,ENSG00000153253,SCN3A,ortholog_one2one,97.6476,97.55
ENSCAFG00000031036,,ENSG00000112242,E2F3,ortholog_one2one,97.6471,71.3979
ENSCAFG00000000871,,ENSG00000204256,BRD2,ortholog_one2one,97.6339,93.7799
ENSCAFG00000004443,,ENSG00000125740,FOSB,ortholog_one2one,97.6331,97.6331
ENSCAFG00000017514,,ENSG00000165194,PCDH19,ortholog_one2one,97.6321,93.3798
ENSCAFG00000002099,,ENSG00000071051,NCK2,ortholog_one2one,97.6316,97.6316
ENSCAFG00000028759,,ENSG00000112208,BAG2,ortholog_one2one,97.6303,97.6303
ENSCAFG00000010242,,ENSG00000144290,SLC4A10,ortholog_one2one,97.6232,99.195
ENSCAFG00000006417,,ENSG00000088899,LZTS3,ortholog_one2one,97.6226,97.6226
ENSCAFG00000016401,,ENSG00000198133,TMEM229B,ortholog_one2one,97.619,98.2036
ENSCAFG00000009087,,ENSG00000171307,ZDHHC16,ortholog_one2one,97.6127,97.6127
ENSCAFG00000001431,,ENSG00000100151,PICK1,ortholog_one2one,97.6019,98.0723
ENSCAFG00000017784,,ENSG00000079999,KEAP1,ortholog_one2one,97.5962,97.5962
ENSCAFG00000011181,,ENSG00000124198,ARFGEF2,ortholog_one2one,97.591,97.591
ENSCAFG00000029141,,ENSG00000196468,FGF16,ortholog_one2one,97.5845,97.5845
ENSCAFG00000009588,,ENSG00000213341,CHUK,ortholog_one2one,97.5839,97.5839
ENSCAFG00000029732,,ENSG00000100916,BRMS1L,ortholog_one2one,97.5758,99.6904
ENSCAFG00000002634,,ENSG00000171150,SOCS5,ortholog_one2one,97.5746,97.5746
ENSCAFG00000004870,,ENSG00000118946,PCDH17,ortholog_one2one,97.5737,97.1527
ENSCAFG00000001796,,ENSG00000109133,TMEM33,ortholog_one2one,97.5708,97.5708
ENSCAFG00000013776,,ENSG00000107625,DDX50,ortholog_one2one,97.5643,97.829
ENSCAFG00000017691,,ENSG00000129351,ILF3,ortholog_one2one,97.5556,97.7728
ENSCAFG00000023988,,ENSG00000172466,ZNF24,ortholog_one2one,97.5543,97.5543
ENSCAFG00000011576,,ENSG00000101126,ADNP,ortholog_one2one,97.5521,91.6525
ENSCAFG00000007467,,ENSG00000119912,IDE,ortholog_one2one,97.5466,97.5466
ENSCAFG00000012456,,ENSG00000144357,UBR3,ortholog_one2one,97.5395,88.1886
ENSCAFG00000011725,,ENSG00000107518,ATRNL1,ortholog_one2one,97.538,97.6795
ENSCAFG00000005560,,ENSG00000125848,FLRT3,ortholog_one2one,97.5347,97.5347
ENSCAFG00000009058,,ENSG00000198900,TOP1,ortholog_one2one,97.5325,98.1699
ENSCAFG00000032738,,ENSG00000065665,SEC61A2,ortholog_one2one,97.5309,99.5798
ENSCAFG00000000396,,ENSG00000204590,GNL1,ortholog_one2one,97.5288,97.5288
ENSCAFG00000009238,,ENSG00000124535,WRNIP1,ortholog_one2one,97.5281,65.2632
ENSCAFG00000016439,,ENSG00000053900,ANAPC4,ortholog_one2one,97.5278,97.5278
ENSCAFG00000001379,,ENSG00000100221,JOSD1,ortholog_one2one,97.5247,97.5247
ENSCAFG00000029111,,ENSG00000138136,LBX1,ortholog_one2one,97.5089,97.5089
ENSCAFG00000023745,,ENSG00000175985,PLEKHD1,ortholog_one2one,97.5,92.4901
ENSCAFG00000012757,,ENSG00000100012,SEC14L3,ortholog_one2one,97.5,97.5
ENSCAFG00000019037,,ENSG00000179542,SLITRK4,ortholog_one2one,97.494,97.6105
ENSCAFG00000005072,,ENSG00000005812,FBXL3,ortholog_one2one,97.4886,99.7664
ENSCAFG00000002199,,ENSG00000158435,CNOT11,ortholog_one2one,97.4855,98.8235
ENSCAFG00000004587,,ENSG00000104859,CLASRP,ortholog_one2one,97.4815,97.6261
ENSCAFG00000019384,,ENSG00000176490,DIRAS1,ortholog_one2one,97.4747,97.4747
ENSCAFG00000020091,,ENSG00000148339,SLC25A25,ortholog_one2one,97.4708,97.2816
ENSCAFG00000029692,,ENSG00000184261,KCNK12,ortholog_one2one,97.4596,98.1395
ENSCAFG00000000157,,ENSG00000187323,DCC,ortholog_one2one,97.4576,95.3697
ENSCAFG00000014041,,ENSG00000185246,PRPF39,ortholog_one2one,97.4513,97.1599
ENSCAFG00000013464,,ENSG00000128652,HOXD3,ortholog_one2one,97.4478,97.2222
ENSCAFG00000011366,,ENSG00000158445,KCNB1,ortholog_one2one,97.4359,97.4359
ENSCAFG00000012220,,ENSG00000101166,PRELID3B,ortholog_one2one,97.4227,97.4227
ENSCAFG00000014506,,ENSG00000069509,FUNDC1,ortholog_one2one,97.4194,97.4194
ENSCAFG00000003516,,ENSG00000119401,TRIM32,ortholog_one2one,97.4046,97.7029
ENSCAFG00000014105,,ENSG00000099956,SMARCB1,ortholog_one2one,97.4026,95.1777
ENSCAFG00000001872,,ENSG00000171453,POLR1C,ortholog_one2one,97.3988,97.3988
ENSCAFG00000019085,,ENSG00000102081,FMR1,ortholog_one2one,97.3984,94.7785
ENSCAFG00000014482,,ENSG00000151748,SAV1,ortholog_one2one,97.3958,97.6501
ENSCAFG00000002596,,ENSG00000136870,ZNF189,ortholog_one2one,97.3941,95.5272
ENSCAFG00000002645,,ENSG00000185760,KCNQ5,ortholog_one2one,97.3904,98.1073
ENSCAFG00000004100,,ENSG00000120616,EPC1,ortholog_one2one,97.3872,98.0861
ENSCAFG00000043792,,ENSG00000124702,KLHDC3,ortholog_one2one,97.3822,95.6298
ENSCAFG00000000031,,ENSG00000166342,NETO1,ortholog_one2one,97.3734,97.3734
ENSCAFG00000005627,,ENSG00000101384,JAG1,ortholog_one2one,97.3727,97.3727
ENSCAFG00000015188,,ENSG00000099942,CRKL,ortholog_one2one,97.3597,97.3597
ENSCAFG00000001551,,ENSG00000164985,PSIP1,ortholog_one2one,97.3585,97.3585
ENSCAFG00000001532,,ENSG00000175893,ZDHHC21,ortholog_one2one,97.3585,97.3585
ENSCAFG00000003705,,ENSG00000108094,CUL2,ortholog_one2one,97.358,96.466
ENSCAFG00000000385,,ENSG00000186625,KATNA1,ortholog_one2one,97.3523,97.3523
ENSCAFG00000002964,,ENSG00000131409,LRRC4B,ortholog_one2one,97.3501,97.8962
ENSCAFG00000013679,,ENSG00000204130,RUFY2,ortholog_one2one,97.3479,97.3479
ENSCAFG00000005362,,ENSG00000105223,PLD3,ortholog_one2one,97.3469,97.3469
ENSCAFG00000020242,,ENSG00000011454,RABGAP1,ortholog_one2one,97.346,96.0711
ENSCAFG00000007782,,ENSG00000078814,MYH7B,ortholog_one2one,97.3427,90.5651
ENSCAFG00000017215,,ENSG00000100591,AHSA1,ortholog_one2one,97.3373,97.3373
ENSCAFG00000015248,,ENSG00000241973,PI4KA,ortholog_one2one,97.3346,97.2883
ENSCAFG00000017725,,ENSG00000078142,PIK3C3,ortholog_one2one,97.3333,98.6487
ENSCAFG00000019926,,ENSG00000126878,AIF1L,ortholog_one2one,97.3333,82.9545
ENSCAFG00000015775,,ENSG00000141977,CIB3,ortholog_one2one,97.3262,97.3262
ENSCAFG00000016423,,ENSG00000100564,PIGH,ortholog_one2one,97.3262,96.8085
ENSCAFG00000001630,,ENSG00000100345,MYH9,ortholog_one2one,97.3246,98.3673
ENSCAFG00000024178,,ENSG00000166681,BEX3,ortholog_one2one,97.3214,98.1982
ENSCAFG00000007355,,ENSG00000095564,BTAF1,ortholog_one2one,97.3205,98.2152
ENSCAFG00000018083,,ENSG00000157600,TMEM164,ortholog_one2one,97.3064,97.3064
ENSCAFG00000017290,,ENSG00000147145,LPAR4,ortholog_one2one,97.2973,97.2973
ENSCAFG00000004112,,ENSG00000105402,NAPA,ortholog_one2one,97.2881,97.2881
ENSCAFG00000005809,,ENSG00000125304,TM9SF2,ortholog_one2one,97.281,97.1342
ENSCAFG00000018180,,ENSG00000154065,ANKRD29,ortholog_one2one,97.2789,95.0166
ENSCAFG00000019169,,ENSG00000197879,MYO1C,ortholog_one2one,97.2719,97.2719
ENSCAFG00000002603,,ENSG00000165152,PGAP4,ortholog_one2one,97.2705,97.2705
ENSCAFG00000031512,,ENSG00000168298,H1-4,ortholog_one2one,97.2603,97.2603
ENSCAFG00000002978,,ENSG00000198121,LPAR1,ortholog_one2one,97.2527,97.2527
ENSCAFG00000011741,,ENSG00000100109,TFIP11,ortholog_one2one,97.2521,97.2521
ENSCAFG00000020093,,ENSG00000171169,NAIF1,ortholog_one2one,97.2477,97.2477
ENSCAFG00000001829,,ENSG00000112658,SRF,ortholog_one2one,97.2441,97.2441
ENSCAFG00000004119,,ENSG00000112592,TBP,ortholog_one2one,97.2222,92.9204
ENSCAFG00000003980,,ENSG00000107968,MAP3K8,ortholog_one2one,97.2163,97.2163
ENSCAFG00000007528,,ENSG00000078747,ITCH,ortholog_one2one,97.2158,92.8018
ENSCAFG00000013747,,ENSG00000157625,TAB3,ortholog_one2one,97.2106,97.8933
ENSCAFG00000000783,,ENSG00000204304,PBX2,ortholog_one2one,97.2093,97.2093
ENSCAFG00000006170,,ENSG00000180440,SERTM1,ortholog_one2one,97.1963,97.1963
ENSCAFG00000018175,,ENSG00000077274,CAPN6,ortholog_one2one,97.1919,97.1919
ENSCAFG00000009017,,ENSG00000101445,PPP1R16B,ortholog_one2one,97.1831,97.3545
ENSCAFG00000002001,,ENSG00000163069,SGCB,ortholog_one2one,97.1787,97.4843
ENSCAFG00000029121,,ENSG00000126882,FAM78A,ortholog_one2one,97.1731,97.1731
ENSCAFG00000030569,,ENSG00000132581,SDF2,ortholog_one2one,97.1564,97.1564
ENSCAFG00000012307,,ENSG00000186575,NF2,ortholog_one2one,97.1524,97.479
ENSCAFG00000007671,,ENSG00000131067,GGT7,ortholog_one2one,97.1471,97.7341
ENSCAFG00000005260,,ENSG00000136158,SPRY2,ortholog_one2one,97.1429,97.1429
ENSCAFG00000015209,,ENSG00000127824,TUBA4A,ortholog_one2one,97.1429,91.0714
ENSCAFG00000010393,,ENSG00000148835,TAF5,ortholog_one2one,97.1286,97.25
ENSCAFG00000000086,,ENSG00000101542,CDH20,ortholog_one2one,97.1286,97.1286
ENSCAFG00000001504,,ENSG00000166897,ELFN2,ortholog_one2one,97.1264,82.439
ENSCAFG00000014987,,ENSG00000135925,WNT10A,ortholog_one2one,97.1223,97.1223
ENSCAFG00000028848,,ENSG00000171223,JUNB,ortholog_one2one,97.1182,97.1182
ENSCAFG00000011876,,ENSG00000165868,HSPA12A,ortholog_one2one,97.1098,97.1098
ENSCAFG00000003495,,ENSG00000104960,PTOV1,ortholog_one2one,97.1084,96.875
ENSCAFG00000008339,,ENSG00000059573,ALDH18A1,ortholog_one2one,97.1069,97.1069
ENSCAFG00000017040,,ENSG00000170345,FOS,ortholog_one2one,97.1053,97.1053
ENSCAFG00000013801,,ENSG00000079156,OSBPL6,ortholog_one2one,97.1044,97.9145
ENSCAFG00000000661,,ENSG00000092820,EZR,ortholog_one2one,97.099,97.099
ENSCAFG00000002939,,ENSG00000080493,SLC4A4,ortholog_one2one,97.0803,97.2578
ENSCAFG00000011197,,ENSG00000157227,MMP14,ortholog_one2one,97.079,97.079
ENSCAFG00000023827,,ENSG00000244752,CRYBB2,ortholog_one2one,97.0732,97.0732
ENSCAFG00000005902,,ENSG00000102452,NALCN,ortholog_one2one,97.0721,97.5665
ENSCAFG00000029471,,ENSG00000155962,CLIC2,ortholog_one2one,97.0711,93.9271
ENSCAFG00000032711,,ENSG00000134046,MBD2,ortholog_one2one,97.0711,56.4477
ENSCAFG00000017783,,ENSG00000090060,PAPOLA,ortholog_one2one,97.0628,97.5839
ENSCAFG00000016286,,ENSG00000132002,DNAJB1,ortholog_one2one,97.0588,97.0588
ENSCAFG00000000932,,ENSG00000196376,SLC35F1,ortholog_one2one,97.0588,97.0588
ENSCAFG00000000307,,ENSG00000034693,PEX3,ortholog_one2one,97.0509,97.0509
ENSCAFG00000019586,,ENSG00000071859,FAM50A,ortholog_one2one,97.0501,97.0501
ENSCAFG00000019230,,ENSG00000067842,ATP2B3,ortholog_one2one,97.0492,97.0492
ENSCAFG00000002459,,ENSG00000112210,RAB23,ortholog_one2one,97.0464,97.0464
ENSCAFG00000006789,,ENSG00000088833,NSFL1C,ortholog_one2one,97.043,97.043
ENSCAFG00000020181,,ENSG00000165219,GAPVD1,ortholog_one2one,97.041,97.041
ENSCAFG00000015254,,ENSG00000035403,VCL,ortholog_one2one,97.0357,98.1481
ENSCAFG00000013049,,ENSG00000122877,EGR2,ortholog_one2one,97.0339,96.2185
ENSCAFG00000015597,,ENSG00000072182,ASIC4,ortholog_one2one,97.0315,97.0315
ENSCAFG00000017974,,ENSG00000101746,NOL4,ortholog_one2one,97.0219,97.0219
ENSCAFG00000002821,,ENSG00000083896,YTHDC1,ortholog_one2one,97.019,97.415
ENSCAFG00000000998,,ENSG00000112511,PHF1,ortholog_one2one,97.0093,91.5344
ENSCAFG00000006823,,ENSG00000132975,GPR12,ortholog_one2one,97.006,97.006
ENSCAFG00000008027,,ENSG00000125965,GDF5,ortholog_one2one,96.994,96.6068
ENSCAFG00000017527,,ENSG00000102359,SRPX2,ortholog_one2one,96.9893,96.9893
ENSCAFG00000002550,,ENSG00000170577,SIX2,ortholog_one2one,96.9799,99.3127
ENSCAFG00000000444,,ENSG00000137312,FLOT1,ortholog_one2one,96.9697,97.4239
ENSCAFG00000016732,,ENSG00000197555,SIPA1L1,ortholog_one2one,96.9546,97.0621
ENSCAFG00000013926,,ENSG00000165355,FBXO33,ortholog_one2one,96.9534,97.4775
ENSCAFG00000017368,,ENSG00000196767,POU3F4,ortholog_one2one,96.9529,96.9529
ENSCAFG00000016480,,ENSG00000153012,LGI2,ortholog_one2one,96.9466,93.211
ENSCAFG00000013062,,ENSG00000150760,DOCK1,ortholog_one2one,96.9409,97.4549
ENSCAFG00000005685,,ENSG00000101349,PAK5,ortholog_one2one,96.9402,96.9402
ENSCAFG00000017606,,ENSG00000133958,UNC79,ortholog_one2one,96.9365,96.4622
ENSCAFG00000001565,,ENSG00000146122,DAAM2,ortholog_one2one,96.9331,96.8431
ENSCAFG00000017588,,ENSG00000153485,LYSET,ortholog_one2one,96.9325,96.9325
ENSCAFG00000017651,,ENSG00000079805,DNM2,ortholog_one2one,96.9318,98.046
ENSCAFG00000005450,,ENSG00000149474,KAT14,ortholog_one2one,96.927,96.8031
ENSCAFG00000008755,,ENSG00000197122,SRC,ortholog_one2one,96.9259,98.893
ENSCAFG00000046255,,ENSG00000100403,ZC3H7B,ortholog_one2one,96.9231,96.7247
ENSCAFG00000009068,,ENSG00000171311,EXOSC1,ortholog_one2one,96.9231,96.9231
ENSCAFG00000000669,,ENSG00000204371,EHMT2,ortholog_one2one,96.9219,96.9219
ENSCAFG00000002304,,ENSG00000159921,GNE,ortholog_one2one,96.9128,95.8831
ENSCAFG00000005950,,ENSG00000134900,TPP2,ortholog_one2one,96.9097,96.9097
ENSCAFG00000019020,,ENSG00000101974,ATP11C,ortholog_one2one,96.9081,96.9081
ENSCAFG00000014023,,ENSG00000036473,OTC,ortholog_one2one,96.8927,96.8927
ENSCAFG00000001477,,ENSG00000137200,CMTR1,ortholog_one2one,96.8862,96.8862
ENSCAFG00000001407,,ENSG00000168135,KCNJ4,ortholog_one2one,96.875,97.5281
ENSCAFG00000018354,,ENSG00000142208,AKT1,ortholog_one2one,96.875,96.875
ENSCAFG00000005105,,ENSG00000005810,MYCBP2,ortholog_one2one,96.8704,98.5891
ENSCAFG00000009672,,ENSG00000075290,WNT8B,ortholog_one2one,96.8661,96.8661
ENSCAFG00000013617,,ENSG00000138413,IDH1,ortholog_one2one,96.8599,96.8599
ENSCAFG00000015923,,ENSG00000168421,RHOH,ortholog_one2one,96.8586,96.8586
ENSCAFG00000019257,,ENSG00000177374,HIC1,ortholog_one2one,96.8579,96.7258
ENSCAFG00000015765,,ENSG00000068323,TFE3,ortholog_one2one,96.8476,96.1739
ENSCAFG00000005019,,ENSG00000107485,GATA3,ortholog_one2one,96.8468,96.8468
ENSCAFG00000002990,,ENSG00000136813,ECPAS,ortholog_one2one,96.8461,88.2995
ENSCAFG00000017519,,ENSG00000000005,TNMD,ortholog_one2one,96.8454,96.8454
ENSCAFG00000019762,,ENSG00000148248,SURF4,ortholog_one2one,96.8379,91.0781
ENSCAFG00000016085,,ENSG00000141867,BRD4,ortholog_one2one,96.8359,96.6226
ENSCAFG00000002669,,ENSG00000138081,FBXO11,ortholog_one2one,96.8254,92.1251
ENSCAFG00000023687,,ENSG00000204217,BMPR2,ortholog_one2one,96.8177,96.7245
ENSCAFG00000017458,,ENSG00000165521,EML5,ortholog_one2one,96.8134,96.8134
ENSCAFG00000017202,,ENSG00000131263,RLIM,ortholog_one2one,96.8,96.9551
ENSCAFG00000014940,,ENSG00000020577,SAMD4A,ortholog_one2one,96.7967,96.7967
ENSCAFG00000013309,,ENSG00000114933,INO80D,ortholog_one2one,96.793,96.9815
ENSCAFG00000012464,,ENSG00000138439,FAM117B,ortholog_one2one,96.7905,97.2835
ENSCAFG00000014965,,ENSG00000131979,GCH1,ortholog_one2one,96.7871,96.4
ENSCAFG00000016030,,ENSG00000126804,ZBTB1,ortholog_one2one,96.7697,96.6339
ENSCAFG00000007534,,ENSG00000138190,EXOC6,ortholog_one2one,96.7621,96.6418
ENSCAFG00000002804,,ENSG00000146247,PHIP,ortholog_one2one,96.7616,95.1675
ENSCAFG00000020166,,ENSG00000136859,ANGPTL2,ortholog_one2one,96.7546,96.7546
ENSCAFG00000005896,,ENSG00000196218,RYR1,ortholog_one2one,96.7447,96.7447
ENSCAFG00000015334,,ENSG00000185009,AP3M1,ortholog_one2one,96.7442,99.5215
ENSCAFG00000010696,,ENSG00000148700,ADD3,ortholog_one2one,96.7422,96.7422
ENSCAFG00000018115,,ENSG00000170558,CDH2,ortholog_one2one,96.732,98.0132
ENSCAFG00000001578,,ENSG00000124596,OARD1,ortholog_one2one,96.7105,96.7105
ENSCAFG00000005469,,ENSG00000196235,SUPT5H,ortholog_one2one,96.6964,99.632
ENSCAFG00000015115,,ENSG00000078061,ARAF,ortholog_one2one,96.6942,96.0591
ENSCAFG00000009487,,ENSG00000198018,ENTPD7,ortholog_one2one,96.6887,96.6887
ENSCAFG00000005626,,ENSG00000100888,CHD8,ortholog_one2one,96.6857,98.334
ENSCAFG00000007041,,ENSG00000105695,MAG,ortholog_one2one,96.6722,92.8115
ENSCAFG00000013191,,ENSG00000118257,NRP2,ortholog_one2one,96.6702,96.6702
ENSCAFG00000007502,,ENSG00000152804,HHEX,ortholog_one2one,96.6667,96.6667
ENSCAFG00000030245,,ENSG00000063180,CA11,ortholog_one2one,96.6565,96.9512
ENSCAFG00000004068,,ENSG00000105392,CRX,ortholog_one2one,96.6555,96.6555
ENSCAFG00000005405,,ENSG00000101310,SEC23B,ortholog_one2one,96.6452,97.6532
ENSCAFG00000015950,,ENSG00000121892,PDS5A,ortholog_one2one,96.635,98.8033
ENSCAFG00000015427,,ENSG00000165655,ZNF503,ortholog_one2one,96.6309,97.678
ENSCAFG00000004376,,ENSG00000125755,SYMPK,ortholog_one2one,96.6274,96.7033
ENSCAFG00000030473,,ENSG00000118707,TGIF2,ortholog_one2one,96.6245,96.6245
ENSCAFG00000007232,,ENSG00000197183,NOL4L,ortholog_one2one,96.6176,96.6176
ENSCAFG00000004474,,ENSG00000165995,CACNB2,ortholog_one2one,96.6019,90.4545
ENSCAFG00000016861,,ENSG00000176903,PNMA1,ortholog_one2one,96.6006,96.6006
ENSCAFG00000010367,,ENSG00000148798,INA,ortholog_one2one,96.6,96.7936
ENSCAFG00000019027,,ENSG00000182195,LDOC1,ortholog_one2one,96.5986,97.2603
ENSCAFG00000014891,,ENSG00000130517,PGPEP1,ortholog_one2one,96.5854,94.7368
ENSCAFG00000005168,,ENSG00000125798,FOXA2,ortholog_one2one,96.5812,97.6242
ENSCAFG00000003153,,ENSG00000143952,VPS54,ortholog_one2one,96.5803,95.3941
ENSCAFG00000002288,,ENSG00000001084,GCLC,ortholog_one2one,96.5785,97.1831
ENSCAFG00000005233,,ENSG00000196372,ASB13,ortholog_one2one,96.5779,91.3669
ENSCAFG00000002741,,ENSG00000196586,MYO6,ortholog_one2one,96.5759,95.8301
ENSCAFG00000014767,,ENSG00000065923,SLC9A7,ortholog_one2one,96.5612,96.6942
ENSCAFG00000000251,,ENSG00000197442,MAP3K5,ortholog_one2one,96.5593,95.9971
ENSCAFG00000012230,,ENSG00000100276,RASL10A,ortholog_one2one,96.5517,96.5517
ENSCAFG00000003296,,ENSG00000198380,GFPT1,ortholog_one2one,96.5468,95.9943
ENSCAFG00000000427,,ENSG00000204560,DHX16,ortholog_one2one,96.5451,96.6378
ENSCAFG00000009344,,ENSG00000137266,SLC22A23,ortholog_one2one,96.5432,56.3401
ENSCAFG00000000387,,ENSG00000131023,LATS1,ortholog_one2one,96.5395,96.2832
ENSCAFG00000013943,,ENSG00000165379,LRFN5,ortholog_one2one,96.5374,96.9402
ENSCAFG00000000373,,ENSG00000055208,TAB2,ortholog_one2one,96.5368,96.5368
ENSCAFG00000014251,,ENSG00000215301,DDX3X,ortholog_one2one,96.5309,87.3124
ENSCAFG00000018257,,ENSG00000075413,MARK3,ortholog_one2one,96.5304,97.8643
ENSCAFG00000010115,,ENSG00000144339,TMEFF2,ortholog_one2one,96.5241,96.5241
ENSCAFG00000017636,,ENSG00000119698,PPP4R4,ortholog_one2one,96.5228,92.2108
ENSCAFG00000011619,,ENSG00000197616,MYH6,ortholog_one2one,96.5153,94.2754
ENSCAFG00000017329,,ENSG00000185070,FLRT2,ortholog_one2one,96.5152,96.5152
ENSCAFG00000015270,,ENSG00000130313,PGLS,ortholog_one2one,96.5116,96.5116
ENSCAFG00000018331,,ENSG00000158270,COLEC12,ortholog_one2one,96.5101,96.9003
ENSCAFG00000000618,,ENSG00000175048,ZDHHC14,ortholog_one2one,96.5092,96.3115
ENSCAFG00000017249,,ENSG00000123154,WDR83,ortholog_one2one,96.5079,96.5079
ENSCAFG00000004397,,ENSG00000136758,YME1L1,ortholog_one2one,96.5035,89.2626
ENSCAFG00000020037,,ENSG00000107021,TBC1D13,ortholog_one2one,96.5,96.5
ENSCAFG00000007056,,ENSG00000169826,CSGALNACT2,ortholog_one2one,96.4945,96.4945
ENSCAFG00000018930,,ENSG00000108262,GIT1,ortholog_one2one,96.4935,96.4935
ENSCAFG00000009952,,ENSG00000120049,KCNIP2,ortholog_one2one,96.4912,96.4912
ENSCAFG00000013333,,ENSG00000023228,NDUFS1,ortholog_one2one,96.4912,96.4912
ENSCAFG00000010175,,ENSG00000149654,CDH22,ortholog_one2one,96.4848,96.1353
ENSCAFG00000017551,,ENSG00000101811,CSTF2,ortholog_one2one,96.4824,96.4824
ENSCAFG00000004533,,ENSG00000133112,TPT1,ortholog_one2one,96.4646,96.9543
ENSCAFG00000003858,,ENSG00000104812,GYS1,ortholog_one2one,96.4626,96.2008
ENSCAFG00000003611,,ENSG00000126464,PRR12,ortholog_one2one,96.4567,96.2672
ENSCAFG00000012291,,ENSG00000184117,NIPSNAP1,ortholog_one2one,96.4539,95.7747
ENSCAFG00000017600,,ENSG00000011114,BTBD7,ortholog_one2one,96.4476,95.9364
ENSCAFG00000019639,,ENSG00000155959,VBP1,ortholog_one2one,96.4467,96.4467
ENSCAFG00000014573,,ENSG00000122884,P4HA1,ortholog_one2one,96.4419,96.4419
ENSCAFG00000019286,,ENSG00000067829,IDH3G,ortholog_one2one,96.4286,96.1832
ENSCAFG00000000772,,ENSG00000112531,QKI,ortholog_one2one,96.4179,94.7214
ENSCAFG00000031410,,ENSG00000198252,STYX,ortholog_one2one,96.4126,96.4126
ENSCAFG00000017270,,ENSG00000102144,PGK1,ortholog_one2one,96.4029,96.4029
ENSCAFG00000015269,,ENSG00000131966,ACTR10,ortholog_one2one,96.4029,96.4029
ENSCAFG00000018134,,ENSG00000154611,PSMA8,ortholog_one2one,96.4,94.1406
ENSCAFG00000004620,,ENSG00000130204,TOMM40,ortholog_one2one,96.3989,96.3989
ENSCAFG00000004814,,ENSG00000105427,CNFN,ortholog_one2one,96.3964,95.5357
ENSCAFG00000000066,,ENSG00000119541,VPS4B,ortholog_one2one,96.3964,96.3964
ENSCAFG00000000217,,ENSG00000118515,SGK1,ortholog_one2one,96.3878,96.3878
ENSCAFG00000012057,,ENSG00000107581,EIF3A,ortholog_one2one,96.3704,94.1389
ENSCAFG00000014750,,ENSG00000197930,ERO1A,ortholog_one2one,96.3675,96.3675
ENSCAFG00000007932,,ENSG00000088298,EDEM2,ortholog_one2one,96.3605,96.1938
ENSCAFG00000003248,,ENSG00000243667,DNAAF10,ortholog_one2one,96.3585,96.3585
ENSCAFG00000012823,,ENSG00000196792,STRN3,ortholog_one2one,96.3568,96.2359
ENSCAFG00000018492,,ENSG00000176390,CRLF3,ortholog_one2one,96.347,95.4751
ENSCAFG00000029600,,ENSG00000115507,OTX1,ortholog_one2one,96.338,96.6102
ENSCAFG00000043910,,ENSG00000092051,JPH4,ortholog_one2one,96.3376,96.1844
ENSCAFG00000000133,,ENSG00000091157,WDR7,ortholog_one2one,96.3265,95.0336
ENSCAFG00000002276,,ENSG00000012660,ELOVL5,ortholog_one2one,96.3211,88.3436
ENSCAFG00000016802,,ENSG00000165861,ZFYVE1,ortholog_one2one,96.3198,96.1977
ENSCAFG00000008256,,ENSG00000244462,RBM12,ortholog_one2one,96.3164,95.3863
ENSCAFG00000010984,,ENSG00000151532,VTI1A,ortholog_one2one,96.3134,96.3134
ENSCAFG00000016972,,ENSG00000184634,MED12,ortholog_one2one,96.3101,94.7175
ENSCAFG00000016608,,ENSG00000145147,SLIT2,ortholog_one2one,96.3059,96.3684
ENSCAFG00000012110,,ENSG00000124164,VAPB,ortholog_one2one,96.2963,96.2963
ENSCAFG00000012448,,ENSG00000055044,NOP58,ortholog_one2one,96.2963,98.2987
ENSCAFG00000002762,,ENSG00000214595,EML6,ortholog_one2one,96.2806,92.5434
ENSCAFG00000018885,,ENSG00000108255,CRYBA1,ortholog_one2one,96.2791,96.2791
ENSCAFG00000000100,,ENSG00000166562,SEC11C,ortholog_one2one,96.2733,80.7292
ENSCAFG00000018279,,ENSG00000166170,BAG5,ortholog_one2one,96.2719,89.959
ENSCAFG00000001741,,ENSG00000124713,GNMT,ortholog_one2one,96.2712,96.2712
ENSCAFG00000014153,,ENSG00000105726,ATP13A1,ortholog_one2one,96.2687,96.4286
ENSCAFG00000004174,,ENSG00000077327,SPAG6,ortholog_one2one,96.2672,96.2672
ENSCAFG00000012127,,ENSG00000100938,GMPR2,ortholog_one2one,96.2644,78.4543
ENSCAFG00000010953,,ENSG00000115896,PLCL1,ortholog_one2one,96.2591,96.347
ENSCAFG00000014863,,ENSG00000182872,RBM10,ortholog_one2one,96.2514,87.7387
ENSCAFG00000014196,,ENSG00000128191,DGCR8,ortholog_one2one,96.2484,96.2484
ENSCAFG00000007116,,ENSG00000088356,PDRG1,ortholog_one2one,96.2406,96.2406
ENSCAFG00000004299,,ENSG00000136750,GAD2,ortholog_one2one,96.2393,96.2393
ENSCAFG00000015321,,ENSG00000118564,FBXL5,ortholog_one2one,96.2373,96.2373
ENSCAFG00000012452,,ENSG00000108091,CCDC6,ortholog_one2one,96.2343,97.0464
ENSCAFG00000032436,,ENSG00000286095,SPEGNB,ortholog_one2one,96.2185,96.2185
ENSCAFG00000020001,,ENSG00000167130,DOLPP1,ortholog_one2one,96.2185,96.2185
ENSCAFG00000017669,,ENSG00000010671,BTK,ortholog_one2one,96.2154,95.3824
ENSCAFG00000006841,,ENSG00000132970,WASF3,ortholog_one2one,96.2151,96.2151
ENSCAFG00000000920,,ENSG00000170162,VGLL2,ortholog_one2one,96.2145,96.2145
ENSCAFG00000018590,,ENSG00000141968,VAV1,ortholog_one2one,96.213,96.213
ENSCAFG00000023207,,ENSG00000146457,WTAP,ortholog_one2one,96.2121,96.2121
ENSCAFG00000001942,,ENSG00000135605,TEC,ortholog_one2one,96.1965,96.1965
ENSCAFG00000010131,,ENSG00000107862,GBF1,ortholog_one2one,96.1885,96.0359
ENSCAFG00000001697,,ENSG00000024048,UBR2,ortholog_one2one,96.1823,96.1823
ENSCAFG00000014876,,ENSG00000074582,BCS1L,ortholog_one2one,96.1814,96.1814
ENSCAFG00000011874,,ENSG00000101134,DOK5,ortholog_one2one,96.1806,90.5229
ENSCAFG00000030132,,ENSG00000118402,ELOVL4,ortholog_one2one,96.1783,96.1783
ENSCAFG00000013436,,ENSG00000128713,HOXD11,ortholog_one2one,96.1765,96.7456
ENSCAFG00000019098,,ENSG00000105255,FSD1,ortholog_one2one,96.1694,96.1694
ENSCAFG00000003329,,ENSG00000115998,C2orf42,ortholog_one2one,96.1672,96.1672
ENSCAFG00000012327,,ENSG00000120008,WDR11,ortholog_one2one,96.1601,96.1601
ENSCAFG00000049711,,ENSG00000198523,PLN,ortholog_one2one,96.1538,96.1538
ENSCAFG00000030079,,ENSG00000000419,DPM1,ortholog_one2one,96.1538,84.7458
ENSCAFG00000018201,,ENSG00000101782,RIOK3,ortholog_one2one,96.1464,96.1464
ENSCAFG00000002659,,ENSG00000095002,MSH2,ortholog_one2one,96.1456,96.1456
ENSCAFG00000018741,,ENSG00000134265,NAPG,ortholog_one2one,96.1415,95.8333
ENSCAFG00000006460,,ENSG00000132670,PTPRA,ortholog_one2one,96.1347,96.1347
ENSCAFG00000028510,,ENSG00000119328,ABITRAM,ortholog_one2one,96.1326,96.1326
ENSCAFG00000000388,,ENSG00000204599,TRIM39,ortholog_one2one,96.1315,95.9459
ENSCAFG00000007007,,ENSG00000132932,ATP8A2,ortholog_one2one,96.1279,96.1279
ENSCAFG00000018075,,ENSG00000131323,TRAF3,ortholog_one2one,96.1268,96.1268
ENSCAFG00000002215,,ENSG00000071082,RPL31,ortholog_one2one,96.124,95.3846
ENSCAFG00000016913,,ENSG00000119614,VSX2,ortholog_one2one,96.1219,96.1219
ENSCAFG00000015101,,ENSG00000249581,CLRN2,ortholog_one2one,96.1207,96.1207
ENSCAFG00000005924,,ENSG00000167645,YIF1B,ortholog_one2one,96.1165,94.586
ENSCAFG00000006022,,ENSG00000125266,EFNB2,ortholog_one2one,96.0961,96.0961
ENSCAFG00000013547,,ENSG00000163251,FZD5,ortholog_one2one,96.0951,96.7521
ENSCAFG00000013726,,ENSG00000122912,SLC25A16,ortholog_one2one,96.0843,96.0843
ENSCAFG00000015762,,ENSG00000072958,AP1M1,ortholog_one2one,96.0829,95.8621
ENSCAFG00000000690,,ENSG00000204356,NELFE,ortholog_one2one,96.063,94.5736
ENSCAFG00000017931,,ENSG00000133135,RNF128,ortholog_one2one,96.0557,96.729
ENSCAFG00000020094,,ENSG00000167106,EEIG1,ortholog_one2one,96.0526,95.0521
ENSCAFG00000018024,,ENSG00000153339,TRAPPC8,ortholog_one2one,96.0417,96.3763
ENSCAFG00000010723,,ENSG00000119041,GTF3C3,ortholog_one2one,96.0362,95.7111
ENSCAFG00000012189,,ENSG00000204619,PPP1R11,ortholog_one2one,96.0317,96.0317
ENSCAFG00000031758,,ENSG00000107859,PITX3,ortholog_one2one,96.0265,96.0265
ENSCAFG00000010882,,ENSG00000175470,PPP2R2D,ortholog_one2one,96.0187,90.5077
ENSCAFG00000000353,,ENSG00000164506,STXBP5,ortholog_one2one,96.0136,98.3493
ENSCAFG00000023016,,ENSG00000127452,FBXL12,ortholog_one2one,96.0123,96.0123
ENSCAFG00000014181,,ENSG00000064547,LPAR2,ortholog_one2one,96.0114,96.0114
ENSCAFG00000023258,,ENSG00000178568,ERBB4,ortholog_one2one,95.997,97.1713
ENSCAFG00000031738,,ENSG00000130309,COLGALT1,ortholog_one2one,95.9872,96.1415
ENSCAFG00000016687,,ENSG00000159692,CTBP1,ortholog_one2one,95.9811,92.2727
ENSCAFG00000014721,,ENSG00000180998,GPR137C,ortholog_one2one,95.9811,94.6387
ENSCAFG00000004386,,ENSG00000185800,DMWD,ortholog_one2one,95.9701,95.4006
ENSCAFG00000009570,,ENSG00000096696,DSP,ortholog_one2one,95.9649,76.2104
ENSCAFG00000016897,,ENSG00000141837,CACNA1A,ortholog_one2one,95.9632,95.5812
ENSCAFG00000019984,,ENSG00000148331,ASB6,ortholog_one2one,95.962,95.962
ENSCAFG00000000903,,ENSG00000204248,COL11A2,ortholog_one2one,95.9608,95.7949
ENSCAFG00000000406,,ENSG00000204569,PPP1R10,ortholog_one2one,95.9574,95.9574
ENSCAFG00000023496,,ENSG00000177125,ZBTB34,ortholog_one2one,95.9538,98.8095
ENSCAFG00000016607,,ENSG00000147065,MSN,ortholog_one2one,95.9459,98.4402
ENSCAFG00000031380,,ENSG00000163145,C1QTNF7,ortholog_one2one,95.9459,95.9459
ENSCAFG00000015154,,ENSG00000099949,LZTR1,ortholog_one2one,95.9427,95.7143
ENSCAFG00000006073,,ENSG00000133110,POSTN,ortholog_one2one,95.933,95.933
ENSCAFG00000014837,,ENSG00000204262,COL5A2,ortholog_one2one,95.9306,95.9306
ENSCAFG00000015309,,ENSG00000128228,SDF2L1,ortholog_one2one,95.9276,95.9276
ENSCAFG00000016269,,ENSG00000174145,NWD2,ortholog_one2one,95.9242,95.9242
ENSCAFG00000010265,,ENSG00000080189,SLC35H1,ortholog_one2one,95.9239,89.5939
ENSCAFG00000002922,,ENSG00000132463,GRSF1,ortholog_one2one,95.9119,63.5417
ENSCAFG00000018624,,ENSG00000126861,OMG,ortholog_one2one,95.9091,95.9091
ENSCAFG00000019941,,ENSG00000130713,EXOSC2,ortholog_one2one,95.9044,95.9044
ENSCAFG00000011826,,ENSG00000172292,CERS6,ortholog_one2one,95.8974,95.4082
ENSCAFG00000009280,,ENSG00000196090,PTPRT,ortholog_one2one,95.8923,97.3342
ENSCAFG00000002968,,ENSG00000161677,JOSD2,ortholog_one2one,95.8904,74.4681
ENSCAFG00000002661,,ENSG00000136824,SMC2,ortholog_one2one,95.8858,95.4052
ENSCAFG00000010966,,ENSG00000185960,SHOX,ortholog_one2one,95.8763,95.5479
ENSCAFG00000028591,,ENSG00000132429,POPDC3,ortholog_one2one,95.8763,95.8763
ENSCAFG00000046116,,ENSG00000189060,H1-0,ortholog_one2one,95.8763,95.8763
ENSCAFG00000013221,,ENSG00000183230,CTNNA3,ortholog_one2one,95.8659,95.8659
ENSCAFG00000002175,,ENSG00000090989,EXOC1,ortholog_one2one,95.8651,98.5459
ENSCAFG00000018264,,ENSG00000180772,AGTR2,ortholog_one2one,95.8564,95.5923
ENSCAFG00000002898,,ENSG00000083097,DOP1A,ortholog_one2one,95.8551,96.2036
ENSCAFG00000000329,,ENSG00000112425,EPM2A,ortholog_one2one,95.8549,55.8912
ENSCAFG00000005579,,ENSG00000128011,LRFN1,ortholog_one2one,95.8442,95.7198
ENSCAFG00000019293,,ENSG00000065717,TLE2,ortholog_one2one,95.8277,95.6989
ENSCAFG00000009832,,ENSG00000145990,GFOD1,ortholog_one2one,95.8188,70.5128
ENSCAFG00000003538,,ENSG00000112246,SIM1,ortholog_one2one,95.8175,98.6945
ENSCAFG00000000575,,ENSG00000204463,BAG6,ortholog_one2one,95.8012,95.3112
ENSCAFG00000013402,,ENSG00000174279,EVX2,ortholog_one2one,95.7983,95.7983
ENSCAFG00000019481,,ENSG00000176101,SSNA1,ortholog_one2one,95.7983,95.7983
ENSCAFG00000001125,,ENSG00000100393,EP300,ortholog_one2one,95.7972,91.5907
ENSCAFG00000015764,,ENSG00000126785,RHOJ,ortholog_one2one,95.7944,95.7944
ENSCAFG00000010853,,ENSG00000140092,FBLN5,ortholog_one2one,95.7871,88.3436
ENSCAFG00000016511,,ENSG00000132005,RFX1,ortholog_one2one,95.7862,95.1992
ENSCAFG00000012820,,ENSG00000107938,EDRF1,ortholog_one2one,95.7861,95.4766
ENSCAFG00000000090,,ENSG00000166603,MC4R,ortholog_one2one,95.7831,95.7831
ENSCAFG00000001120,,ENSG00000100395,L3MBTL2,ortholog_one2one,95.7567,96.0284
ENSCAFG00000030099,,ENSG00000197223,C1D,ortholog_one2one,95.7447,75.0
ENSCAFG00000019887,,ENSG00000125484,GTF3C4,ortholog_one2one,95.7421,95.7421
ENSCAFG00000019716,,ENSG00000099822,HCN2,ortholog_one2one,95.7369,88.4139
ENSCAFG00000009398,,ENSG00000138379,MSTN,ortholog_one2one,95.7333,95.7333
ENSCAFG00000003620,,ENSG00000142552,RCN3,ortholog_one2one,95.7317,95.7317
ENSCAFG00000001698,,ENSG00000137055,PLAA,ortholog_one2one,95.7286,95.8491
ENSCAFG00000017179,,ENSG00000067177,PHKA1,ortholog_one2one,95.7224,95.6452
ENSCAFG00000014781,,ENSG00000135913,USP37,ortholog_one2one,95.7187,95.9142
ENSCAFG00000018678,,ENSG00000004139,SARM1,ortholog_one2one,95.7182,95.7182
ENSCAFG00000017054,,ENSG00000133935,ERG28,ortholog_one2one,95.7143,95.7143
ENSCAFG00000004447,,ENSG00000136156,ITM2B,ortholog_one2one,95.7143,75.5639
ENSCAFG00000009381,,ENSG00000112739,PRP4K,ortholog_one2one,95.7115,97.5174
ENSCAFG00000015482,,ENSG00000100038,TOP3B,ortholog_one2one,95.7077,95.7077
ENSCAFG00000006052,,ENSG00000101265,RASSF2,ortholog_one2one,95.7055,95.7055
ENSCAFG00000004034,,ENSG00000142227,EMP3,ortholog_one2one,95.7055,95.7055
ENSCAFG00000002447,,ENSG00000151917,BEND6,ortholog_one2one,95.6989,95.6989
ENSCAFG00000001492,,ENSG00000183826,BTBD9,ortholog_one2one,95.68,97.7124
ENSCAFG00000014996,,ENSG00000171450,CDK5R2,ortholog_one2one,95.6757,96.4578
ENSCAFG00000006116,,ENSG00000102606,ARHGEF7,ortholog_one2one,95.6629,89.5592
ENSCAFG00000012760,,ENSG00000165660,ABRAXAS2,ortholog_one2one,95.6627,95.6627
ENSCAFG00000015146,,ENSG00000008056,SYN1,ortholog_one2one,95.6587,90.6383
ENSCAFG00000018282,,ENSG00000067900,ROCK1,ortholog_one2one,95.6553,97.5628
ENSCAFG00000004226,,ENSG00000090372,STRN4,ortholog_one2one,95.6522,95.5263
ENSCAFG00000016180,,ENSG00000109787,KLF3,ortholog_one2one,95.6522,95.6522
ENSCAFG00000030694,,ENSG00000072954,TMEM38A,ortholog_one2one,95.6522,95.6522
ENSCAFG00000011966,,ENSG00000100911,PSME2,ortholog_one2one,95.6522,95.2756
ENSCAFG00000015616,,ENSG00000127511,SIN3B,ortholog_one2one,95.6444,92.599
ENSCAFG00000005024,,ENSG00000165629,ATP5F1C,ortholog_one2one,95.6376,95.6376
ENSCAFG00000005662,,ENSG00000132639,SNAP25,ortholog_one2one,95.6311,95.6311
ENSCAFG00000005037,,ENSG00000102554,KLF5,ortholog_one2one,95.6236,95.6236
ENSCAFG00000008085,,ENSG00000125991,ERGIC3,ortholog_one2one,95.6186,93.4509
ENSCAFG00000001787,,ENSG00000137171,KLC4,ortholog_one2one,95.6169,92.4647
ENSCAFG00000028715,,ENSG00000029993,HMGB3,ortholog_one2one,95.6098,98.0
ENSCAFG00000020013,,ENSG00000095319,NUP188,ortholog_one2one,95.605,95.769
ENSCAFG00000045731,,ENSG00000123989,CHPF,ortholog_one2one,95.6016,95.3548
ENSCAFG00000019069,,ENSG00000101665,SMAD7,ortholog_one2one,95.5916,96.7136
ENSCAFG00000017701,,ENSG00000100697,DICER1,ortholog_one2one,95.5897,96.9823
ENSCAFG00000019322,,ENSG00000242616,GNG10,ortholog_one2one,95.5882,95.5882
ENSCAFG00000002565,,ENSG00000136891,TEX10,ortholog_one2one,95.5867,95.5867
ENSCAFG00000002796,,ENSG00000115355,CCDC88A,ortholog_one2one,95.5859,97.2207
ENSCAFG00000029949,,ENSG00000142065,ZFP14,ortholog_one2one,95.5823,89.3058
ENSCAFG00000016981,,ENSG00000119596,YLPM1,ortholog_one2one,95.5793,95.713
ENSCAFG00000018733,,ENSG00000101558,VAPA,ortholog_one2one,95.5782,95.5782
ENSCAFG00000002287,,ENSG00000115514,TXNDC9,ortholog_one2one,95.5752,95.5752
ENSCAFG00000018690,,ENSG00000122126,OCRL,ortholog_one2one,95.5732,93.4517
ENSCAFG00000014647,,ENSG00000105662,CRTC1,ortholog_one2one,95.5658,96.1538
ENSCAFG00000009173,,ENSG00000112685,EXOC2,ortholog_one2one,95.5628,95.5628
ENSCAFG00000031894,,ENSG00000112773,TENT5A,ortholog_one2one,95.5556,82.218
ENSCAFG00000003600,,ENSG00000112276,POPDC1,ortholog_one2one,95.5556,95.5556
ENSCAFG00000023570,,ENSG00000187664,HAPLN4,ortholog_one2one,95.5446,96.0199
ENSCAFG00000006930,,ENSG00000125878,TCF15,ortholog_one2one,95.5446,96.9849
ENSCAFG00000012835,,ENSG00000102104,RS1,ortholog_one2one,95.5357,95.5357
ENSCAFG00000003106,,ENSG00000115504,EHBP1,ortholog_one2one,95.5321,95.5321
ENSCAFG00000006162,,ENSG00000120693,SMAD9,ortholog_one2one,95.5224,95.9315
ENSCAFG00000016305,,ENSG00000171723,GPHN,ortholog_one2one,95.5224,98.2097
ENSCAFG00000012688,,ENSG00000102054,RBBP7,ortholog_one2one,95.5224,95.5224
ENSCAFG00000019942,,ENSG00000107164,FUBP3,ortholog_one2one,95.5224,89.5105
ENSCAFG00000014413,,ENSG00000107742,SPOCK2,ortholog_one2one,95.5189,95.5189
ENSCAFG00000011975,,ENSG00000087842,PIR,ortholog_one2one,95.5172,95.5172
ENSCAFG00000015098,,ENSG00000007080,CCDC124,ortholog_one2one,95.5157,95.5157
ENSCAFG00000000828,,ENSG00000071242,RPS6KA2,ortholog_one2one,95.5145,95.5145
ENSCAFG00000013272,,ENSG00000012174,MBTPS2,ortholog_one2one,95.514,98.4586
ENSCAFG00000002688,,ENSG00000162869,PPP1R21,ortholog_one2one,95.5128,95.5128
ENSCAFG00000009361,,ENSG00000144283,PKP4,ortholog_one2one,95.4992,96.606
ENSCAFG00000013808,,ENSG00000198954,KIFBP,ortholog_one2one,95.4911,91.7957
ENSCAFG00000014457,,ENSG00000124479,NDP,ortholog_one2one,95.4887,95.4887
ENSCAFG00000012372,,ENSG00000138398,PPIG,ortholog_one2one,95.4847,95.3581
ENSCAFG00000006278,,ENSG00000088812,ATRN,ortholog_one2one,95.4834,94.6816
ENSCAFG00000000338,,ENSG00000152822,GRM1,ortholog_one2one,95.4812,95.5611
ENSCAFG00000019781,,ENSG00000187616,MYMK,ortholog_one2one,95.4751,95.4751
ENSCAFG00000002281,,ENSG00000122707,RECK,ortholog_one2one,95.4686,95.4686
ENSCAFG00000030738,,ENSG00000197889,MEIG1,ortholog_one2one,95.4545,95.4545
ENSCAFG00000004142,,ENSG00000180592,SKIDA1,ortholog_one2one,95.4486,80.837
ENSCAFG00000012489,,ENSG00000239282,CASTOR1,ortholog_one2one,95.4407,95.4407
ENSCAFG00000011295,,ENSG00000100804,PSMB5,ortholog_one2one,95.4373,95.4373
ENSCAFG00000010652,,ENSG00000081320,STK17B,ortholog_one2one,95.4301,95.4301
ENSCAFG00000016488,,ENSG00000072062,PRKACA,ortholog_one2one,95.4286,95.1567
ENSCAFG00000018426,,ENSG00000125351,UPF3B,ortholog_one2one,95.4262,95.0311
ENSCAFG00000009576,,ENSG00000107566,ERLIN1,ortholog_one2one,95.4023,95.4023
ENSCAFG00000005169,,ENSG00000065675,PRKCQ,ortholog_one2one,95.3846,96.6006
ENSCAFG00000000608,,ENSG00000049618,ARID1B,ortholog_one2one,95.3836,61.8465
ENSCAFG00000004058,,ENSG00000105507,CABP5,ortholog_one2one,95.3757,95.3757
ENSCAFG00000019288,,ENSG00000180879,SSR4,ortholog_one2one,95.3757,95.3757
ENSCAFG00000007146,,ENSG00000151835,SACS,ortholog_one2one,95.3738,94.9989
ENSCAFG00000004001,,ENSG00000182324,KCNJ14,ortholog_one2one,95.3704,94.4954
ENSCAFG00000009920,,ENSG00000137198,GMPR,ortholog_one2one,95.3623,95.3623
ENSCAFG00000019990,,ENSG00000188483,IER5L,ortholog_one2one,95.3545,96.5347
ENSCAFG00000017343,,ENSG00000100433,KCNK10,ortholog_one2one,95.3532,94.4751
ENSCAFG00000004778,,ENSG00000172766,NAA16,ortholog_one2one,95.3516,92.5926
ENSCAFG00000009982,,ENSG00000124160,NCOA5,ortholog_one2one,95.3368,95.3368
ENSCAFG00000017859,,ENSG00000189108,IL1RAPL2,ortholog_one2one,95.3353,95.3353
ENSCAFG00000003467,,ENSG00000112234,FBXL4,ortholog_one2one,95.3301,95.3301
ENSCAFG00000006729,,ENSG00000197444,OGDHL,ortholog_one2one,95.328,94.9505
ENSCAFG00000006973,,ENSG00000177732,SOX12,ortholog_one2one,95.3271,97.1429
ENSCAFG00000009156,,ENSG00000137265,IRF4,ortholog_one2one,95.3271,90.4656
ENSCAFG00000019301,,ENSG00000132361,CLUH,ortholog_one2one,95.3264,95.3264
ENSCAFG00000004784,,ENSG00000183049,CAMK1D,ortholog_one2one,95.3168,89.8701
ENSCAFG00000017884,,ENSG00000153391,INO80C,ortholog_one2one,95.3125,80.2632
ENSCAFG00000007460,,ENSG00000131061,ZNF341,ortholog_one2one,95.3107,95.1991
ENSCAFG00000005026,,ENSG00000105323,HNRNPUL1,ortholog_one2one,95.3036,97.1963
ENSCAFG00000030478,,ENSG00000204574,ABCF1,ortholog_one2one,95.2986,88.6525
ENSCAFG00000004969,,ENSG00000150361,KLHL1,ortholog_one2one,95.2957,94.7861
ENSCAFG00000011788,,ENSG00000020256,ZFP64,ortholog_one2one,95.2941,95.1542
ENSCAFG00000005965,,ENSG00000150907,FOXO1,ortholog_one2one,95.2599,95.1145
ENSCAFG00000014146,,ENSG00000144331,ZNF385B,ortholog_one2one,95.2577,95.0617
ENSCAFG00000002701,,ENSG00000105619,TFPT,ortholog_one2one,95.2569,95.2569
ENSCAFG00000000079,,ENSG00000134444,RELCH,ortholog_one2one,95.2537,93.12
ENSCAFG00000019080,,ENSG00000184828,ZBTB7C,ortholog_one2one,95.2537,94.0226
ENSCAFG00000004190,,ENSG00000160007,ARHGAP35,ortholog_one2one,95.2507,96.3309
ENSCAFG00000014489,,ENSG00000107745,MICU1,ortholog_one2one,95.2479,95.6432
ENSCAFG00000042028,,ENSG00000273703,H2BC14,ortholog_one2one,95.2381,95.2381
ENSCAFG00000003129,,ENSG00000014641,MDH1,ortholog_one2one,95.2096,90.085
ENSCAFG00000017543,,ENSG00000100784,RPS6KA5,ortholog_one2one,95.2081,94.1396
ENSCAFG00000003101,,ENSG00000198833,UBE2J1,ortholog_one2one,95.2077,93.7107
ENSCAFG00000019272,,ENSG00000125912,NCLN,ortholog_one2one,95.2043,95.2043
ENSCAFG00000017809,,ENSG00000127152,BCL11B,ortholog_one2one,95.2017,97.651
ENSCAFG00000007339,,ENSG00000166398,GARRE1,ortholog_one2one,95.1969,92.6168
ENSCAFG00000014357,,ENSG00000173011,TADA2B,ortholog_one2one,95.1952,75.4762
ENSCAFG00000013325,,ENSG00000102174,PHEX,ortholog_one2one,95.1936,95.1936
ENSCAFG00000017133,,ENSG00000105613,MAST1,ortholog_one2one,95.1839,90.6369
ENSCAFG00000003541,,ENSG00000196961,AP2A1,ortholog_one2one,95.1759,96.9294
ENSCAFG00000012360,,ENSG00000003393,ALS2,ortholog_one2one,95.1691,95.1116
ENSCAFG00000019005,,ENSG00000108578,BLMH,ortholog_one2one,95.1648,95.1648
ENSCAFG00000015572,,ENSG00000102145,GATA1,ortholog_one2one,95.1456,94.9153
ENSCAFG00000016276,,ENSG00000099797,TECR,ortholog_one2one,95.1429,96.2428
ENSCAFG00000019431,,ENSG00000165802,NSMF,ortholog_one2one,95.1311,95.8491
ENSCAFG00000000129,,ENSG00000177511,ST8SIA3,ortholog_one2one,95.1282,97.6316
ENSCAFG00000019848,,ENSG00000130635,COL5A1,ortholog_one2one,95.1244,52.0131
ENSCAFG00000015651,,ENSG00000127526,SLC35E1,ortholog_one2one,95.1219,95.1219
ENSCAFG00000002489,,ENSG00000152527,PLEKHH2,ortholog_one2one,95.1105,95.1105
ENSCAFG00000023562,,ENSG00000198947,DMD,ortholog_one2one,95.1087,94.9796
ENSCAFG00000004473,,ENSG00000139684,ESD,ortholog_one2one,95.1049,96.4539
ENSCAFG00000000393,,ENSG00000120265,PCMT1,ortholog_one2one,95.1049,95.4386
ENSCAFG00000017921,,ENSG00000130813,SHFL,ortholog_one2one,95.1049,93.4708
ENSCAFG00000013331,,ENSG00000100883,SRP54,ortholog_one2one,95.0943,100.0
ENSCAFG00000012125,,ENSG00000124222,STX16,ortholog_one2one,95.092,95.3846
ENSCAFG00000004702,,ENSG00000187522,HSPA14,ortholog_one2one,95.0884,95.0884
ENSCAFG00000000795,,ENSG00000112541,PDE10A,ortholog_one2one,95.0882,71.564
ENSCAFG00000001878,,ENSG00000163285,GABRG1,ortholog_one2one,95.0855,95.6989
ENSCAFG00000010012,,ENSG00000100380,ST13,ortholog_one2one,95.082,62.8726
ENSCAFG00000003928,,ENSG00000105516,DBP,ortholog_one2one,95.0769,95.0769
ENSCAFG00000016094,,ENSG00000116120,FARSB,ortholog_one2one,95.0764,95.0764
ENSCAFG00000013163,,ENSG00000184708,EIF4ENIF1,ortholog_one2one,95.0704,95.9391
ENSCAFG00000029379,,ENSG00000108106,UBE2S,ortholog_one2one,95.0673,95.4955
ENSCAFG00000002111,,ENSG00000146085,MMUT,ortholog_one2one,95.0667,95.0667
ENSCAFG00000004526,,ENSG00000136152,COG3,ortholog_one2one,95.0602,95.2899
ENSCAFG00000017746,,ENSG00000129354,AP1M2,ortholog_one2one,95.0588,95.0588
ENSCAFG00000013414,,ENSG00000114948,ADAM23,ortholog_one2one,95.0543,94.7115
ENSCAFG00000013129,,ENSG00000130590,SAMD10,ortholog_one2one,95.0495,95.0495
ENSCAFG00000019161,,ENSG00000011677,GABRA3,ortholog_one2one,95.0495,97.561
ENSCAFG00000012547,,ENSG00000107679,PLEKHA1,ortholog_one2one,95.0495,95.0495
ENSCAFG00000001298,,ENSG00000146197,SCUBE3,ortholog_one2one,95.0446,96.576
ENSCAFG00000006089,,ENSG00000088826,SMOX,ortholog_one2one,95.0427,95.0427
ENSCAFG00000030816,,ENSG00000125875,TBC1D20,ortholog_one2one,95.0372,95.0372
ENSCAFG00000012519,,ENSG00000138442,WDR12,ortholog_one2one,95.0355,95.0355
ENSCAFG00000032020,,ENSG00000173626,TRAPPC3L,ortholog_one2one,95.0276,95.0276
ENSCAFG00000018736,,ENSG00000007202,BLTP2,ortholog_one2one,95.0224,94.8098
ENSCAFG00000007420,,ENSG00000078699,CBFA2T2,ortholog_one2one,95.0166,93.1596
ENSCAFG00000018703,,ENSG00000122122,SASH3,ortholog_one2one,95.0131,95.2632
ENSCAFG00000000570,,ENSG00000213079,SCAF8,ortholog_one2one,95.0078,90.2891
ENSCAFG00000001596,,ENSG00000137166,FOXP4,ortholog_one2one,95.0073,95.1471
ENSCAFG00000000390,,ENSG00000120253,NUP43,ortholog_one2one,95.0,95.0
ENSCAFG00000000096,,ENSG00000166569,CPLX4,ortholog_one2one,95.0,95.0
ENSCAFG00000007067,,ENSG00000139496,NUP58,ortholog_one2one,94.9917,94.9917
ENSCAFG00000008090,,ENSG00000119969,HELLS,ortholog_one2one,94.9821,89.9321
ENSCAFG00000004516,,ENSG00000136738,STAM,ortholog_one2one,94.9814,94.6296
ENSCAFG00000019587,,ENSG00000130827,PLXNA3,ortholog_one2one,94.9786,95.0294
ENSCAFG00000007574,,ENSG00000095596,CYP26A1,ortholog_one2one,94.9698,94.9698
ENSCAFG00000018547,,ENSG00000171155,C1GALT1C1,ortholog_one2one,94.9686,94.9686
ENSCAFG00000002140,,ENSG00000134852,CLOCK,ortholog_one2one,94.9649,95.8629
ENSCAFG00000017093,,ENSG00000179218,CALR,ortholog_one2one,94.964,94.964
ENSCAFG00000007588,,ENSG00000198646,NCOA6,ortholog_one2one,94.9515,94.8134
ENSCAFG00000018262,,ENSG00000032444,PNPLA6,ortholog_one2one,94.9488,94.3273
ENSCAFG00000016675,,ENSG00000133997,MED6,ortholog_one2one,94.9416,94.9416
ENSCAFG00000001307,,ENSG00000023892,DEF6,ortholog_one2one,94.9287,94.9287
ENSCAFG00000013302,,ENSG00000198604,BAZ1A,ortholog_one2one,94.9261,94.9871
ENSCAFG00000009760,,ENSG00000107816,LZTS2,ortholog_one2one,94.9254,95.0673
ENSCAFG00000015524,,ENSG00000071127,WDR1,ortholog_one2one,94.9097,95.3795
ENSCAFG00000006951,,ENSG00000105675,ATP4A,ortholog_one2one,94.9087,95.4589
ENSCAFG00000011809,,ENSG00000196431,CRYBA4,ortholog_one2one,94.898,94.898
ENSCAFG00000030493,,ENSG00000101246,ARFRP1,ortholog_one2one,94.898,92.5373
ENSCAFG00000029334,,ENSG00000101003,GINS1,ortholog_one2one,94.898,94.898
ENSCAFG00000018413,,ENSG00000184887,BTBD6,ortholog_one2one,94.8781,80.2062
ENSCAFG00000002382,,ENSG00000147912,FBXO10,ortholog_one2one,94.8745,94.8745
ENSCAFG00000018372,,ENSG00000101856,PGRMC1,ortholog_one2one,94.8718,94.8718
ENSCAFG00000011830,,ENSG00000180957,PITPNB,ortholog_one2one,94.8529,94.5055
ENSCAFG00000005458,,ENSG00000134873,CLDN10,ortholog_one2one,94.8498,96.9298
ENSCAFG00000010170,,ENSG00000059915,PSD,ortholog_one2one,94.8444,95.2148
ENSCAFG00000014229,,ENSG00000107736,CDH23,ortholog_one2one,94.842,94.842
ENSCAFG00000002019,,ENSG00000128045,RASL11B,ortholog_one2one,94.8413,96.371
ENSCAFG00000019448,,ENSG00000129968,ABHD17A,ortholog_one2one,94.8387,81.4404
ENSCAFG00000002365,,ENSG00000075568,TMEM131,ortholog_one2one,94.8359,93.6272
ENSCAFG00000014843,,ENSG00000073712,FERMT2,ortholog_one2one,94.8195,87.9185
ENSCAFG00000010791,,ENSG00000065413,ANKRD44,ortholog_one2one,94.8162,95.2652
ENSCAFG00000006538,,ENSG00000120694,HSPH1,ortholog_one2one,94.813,91.3953
ENSCAFG00000017081,,ENSG00000147166,ITGB1BP2,ortholog_one2one,94.8127,94.8127
ENSCAFG00000029557,,ENSG00000166166,TRMT61A,ortholog_one2one,94.8097,94.8097
ENSCAFG00000007749,,ENSG00000138119,MYOF,ortholog_one2one,94.8083,94.8083
ENSCAFG00000014451,,ENSG00000069535,MAOB,ortholog_one2one,94.8077,94.8077
ENSCAFG00000018243,,ENSG00000158201,ABHD3,ortholog_one2one,94.802,93.643
ENSCAFG00000009903,,ENSG00000007944,MYLIP,ortholog_one2one,94.7991,90.1124
ENSCAFG00000018254,,ENSG00000141449,GREB1L,ortholog_one2one,94.7971,94.7478
ENSCAFG00000009658,,ENSG00000137203,TFAP2A,ortholog_one2one,94.7964,95.4442
ENSCAFG00000020041,,ENSG00000160446,ZDHHC12,ortholog_one2one,94.7955,90.7473
ENSCAFG00000006738,,ENSG00000125971,DYNLRB1,ortholog_one2one,94.7917,61.4865
ENSCAFG00000001850,,ENSG00000151806,GUF1,ortholog_one2one,94.7883,86.9955
ENSCAFG00000002618,,ENSG00000129991,TNNI3,ortholog_one2one,94.7867,90.4977
ENSCAFG00000017128,,ENSG00000089916,GPATCH2L,ortholog_one2one,94.7808,94.1909
ENSCAFG00000015718,,ENSG00000100644,HIF1A,ortholog_one2one,94.7752,91.7647
ENSCAFG00000000295,,ENSG00000009844,VTA1,ortholog_one2one,94.7712,94.4625
ENSCAFG00000010454,,ENSG00000185933,CALHM1,ortholog_one2one,94.7674,94.2197
ENSCAFG00000000166,,ENSG00000141642,ELAC1,ortholog_one2one,94.7658,94.7658
ENSCAFG00000018540,,ENSG00000142347,MYO1F,ortholog_one2one,94.7615,92.2587
ENSCAFG00000004023,,ENSG00000148516,ZEB1,ortholog_one2one,94.7556,94.7556
ENSCAFG00000003737,,ENSG00000148498,PARD3,ortholog_one2one,94.7536,87.9056
ENSCAFG00000017315,,ENSG00000071537,SEL1L,ortholog_one2one,94.7497,97.733
ENSCAFG00000008696,,ENSG00000080839,RBL1,ortholog_one2one,94.7473,89.5131
ENSCAFG00000004379,,ENSG00000102531,FNDC3A,ortholog_one2one,94.7456,94.8247
ENSCAFG00000001518,,ENSG00000124721,DNAH8,ortholog_one2one,94.7451,89.6325
ENSCAFG00000009426,,ENSG00000124120,TTPAL,ortholog_one2one,94.7368,94.7368
ENSCAFG00000016831,,ENSG00000090889,KIF4A,ortholog_one2one,94.7326,94.8864
ENSCAFG00000017043,,ENSG00000147130,ZMYM3,ortholog_one2one,94.7294,98.2507
ENSCAFG00000019153,,ENSG00000183862,CNGA2,ortholog_one2one,94.7289,94.7289
ENSCAFG00000020175,,ENSG00000167081,PBX3,ortholog_one2one,94.7236,82.8571
ENSCAFG00000019167,,ENSG00000167657,DAPK3,ortholog_one2one,94.7137,94.7137
ENSCAFG00000019693,,ENSG00000011304,PTBP1,ortholog_one2one,94.7099,94.3878
ENSCAFG00000013497,,ENSG00000170144,HNRNPA3,ortholog_one2one,94.709,90.404
ENSCAFG00000017415,,ENSG00000100722,ZC3H14,ortholog_one2one,94.7011,94.7011
ENSCAFG00000011758,,ENSG00000128294,TPST2,ortholog_one2one,94.695,94.695
ENSCAFG00000011633,,ENSG00000151553,FHIP2A,ortholog_one2one,94.6879,93.2026
ENSCAFG00000007423,,ENSG00000107864,CPEB3,ortholog_one2one,94.6853,96.9914
ENSCAFG00000005016,,ENSG00000083520,DIS3,ortholog_one2one,94.6764,94.6764
ENSCAFG00000013684,,ENSG00000115020,PIKFYVE,ortholog_one2one,94.6496,95.2812
ENSCAFG00000018036,,ENSG00000080824,HSP90AA1,ortholog_one2one,94.6494,60.0703
ENSCAFG00000001575,,ENSG00000124701,APOBEC2,ortholog_one2one,94.6429,94.6429
ENSCAFG00000030076,,ENSG00000136944,LMX1B,ortholog_one2one,94.6381,86.9458
ENSCAFG00000019380,,ENSG00000148408,CACNA1B,ortholog_one2one,94.6321,87.3932
ENSCAFG00000001937,,ENSG00000137100,DCTN3,ortholog_one2one,94.6237,94.6237
ENSCAFG00000005014,,ENSG00000105329,TGFB1,ortholog_one2one,94.6154,94.6154
ENSCAFG00000012005,,ENSG00000119973,PRLHR,ortholog_one2one,94.5946,94.5946
ENSCAFG00000048907,,ENSG00000175283,DOLK,ortholog_one2one,94.5896,94.2379
ENSCAFG00000008945,,ENSG00000187122,SLIT1,ortholog_one2one,94.5893,94.5893
ENSCAFG00000013283,,ENSG00000138435,CHRNA1,ortholog_one2one,94.5833,94.1909
ENSCAFG00000009918,,ENSG00000107831,FGF8,ortholog_one2one,94.5813,78.6885
ENSCAFG00000032187,,ENSG00000176641,RNF152,ortholog_one2one,94.5813,94.5813
ENSCAFG00000019194,,ENSG00000167703,SLC43A2,ortholog_one2one,94.5804,94.4154
ENSCAFG00000000036,,ENSG00000170677,SOCS6,ortholog_one2one,94.5794,94.5794
ENSCAFG00000002722,,ENSG00000143942,CHAC2,ortholog_one2one,94.5652,94.5652
ENSCAFG00000024949,,ENSG00000120696,KBTBD7,ortholog_one2one,94.5508,93.8596
ENSCAFG00000044408,,ENSG00000101049,SGK2,ortholog_one2one,94.5504,81.2646
ENSCAFG00000006856,,ENSG00000161265,U2AF1L4,ortholog_one2one,94.5455,94.5455
ENSCAFG00000003246,,ENSG00000148218,ALAD,ortholog_one2one,94.5455,94.5455
ENSCAFG00000000679,,ENSG00000204351,SKIC2,ortholog_one2one,94.5425,94.5425
ENSCAFG00000017671,,ENSG00000213339,QTRT1,ortholog_one2one,94.5409,94.5409
ENSCAFG00000002156,,ENSG00000008196,TFAP2B,ortholog_one2one,94.5378,97.8261
ENSCAFG00000009417,,ENSG00000153046,CDYL,ortholog_one2one,94.5326,89.6321
ENSCAFG00000015744,,ENSG00000068400,GRIPAP1,ortholog_one2one,94.5303,94.5303
ENSCAFG00000001343,,ENSG00000096060,FKBP5,ortholog_one2one,94.5175,94.3107
ENSCAFG00000003446,,ENSG00000112218,GPR63,ortholog_one2one,94.5107,94.5107
ENSCAFG00000017776,,ENSG00000130734,ATG4D,ortholog_one2one,94.5032,94.3038
ENSCAFG00000018285,,ENSG00000126214,KLC1,ortholog_one2one,94.487,96.5571
ENSCAFG00000004858,,ENSG00000079432,CIC,ortholog_one2one,94.4844,94.0334
ENSCAFG00000016027,,ENSG00000089775,ZBTB25,ortholog_one2one,94.4828,94.4828
ENSCAFG00000016901,,ENSG00000119711,ALDH6A1,ortholog_one2one,94.4751,95.8878
ENSCAFG00000012694,,ENSG00000151150,ANK3,ortholog_one2one,94.4749,94.5396
ENSCAFG00000031314,,ENSG00000126247,CAPNS1,ortholog_one2one,94.4649,79.5031
ENSCAFG00000009815,,ENSG00000107819,SFXN3,ortholog_one2one,94.4615,94.4615
ENSCAFG00000012692,,ENSG00000099999,RNF215,ortholog_one2one,94.4591,94.9602
ENSCAFG00000000958,,ENSG00000152661,GJA1,ortholog_one2one,94.4584,98.1675
ENSCAFG00000015877,,ENSG00000178217,SH2D4B,ortholog_one2one,94.4573,94.4573
ENSCAFG00000041249,,ENSG00000163257,DCAF16,ortholog_one2one,94.4444,94.4444
ENSCAFG00000006124,,ENSG00000120697,ALG5,ortholog_one2one,94.4444,94.4444
ENSCAFG00000002023,,ENSG00000172348,RCAN2,ortholog_one2one,94.4444,97.9424
ENSCAFG00000011782,,ENSG00000151892,GFRA1,ortholog_one2one,94.4444,95.0538
ENSCAFG00000015654,,ENSG00000198682,PAPSS2,ortholog_one2one,94.4353,93.2149
ENSCAFG00000002400,,ENSG00000137124,ALDH1B1,ortholog_one2one,94.4231,94.971
ENSCAFG00000017629,,ENSG00000167210,LOXHD1,ortholog_one2one,94.42,94.5447
ENSCAFG00000025390,,ENSG00000092096,SLC22A17,ortholog_one2one,94.4134,80.3487
ENSCAFG00000017676,,ENSG00000152217,SETBP1,ortholog_one2one,94.412,91.0401
ENSCAFG00000011438,,ENSG00000169432,SCN9A,ortholog_one2one,94.4109,94.3159
ENSCAFG00000011879,,ENSG00000130150,MOSPD2,ortholog_one2one,94.4015,94.4015
ENSCAFG00000004145,,ENSG00000078403,MLLT10,ortholog_one2one,94.4015,91.573
ENSCAFG00000019021,,ENSG00000108587,GOSR1,ortholog_one2one,94.4,92.549
ENSCAFG00000031154,,ENSG00000164976,MYORG,ortholog_one2one,94.3978,94.3978
ENSCAFG00000014184,,ENSG00000168282,MGAT2,ortholog_one2one,94.3946,94.1834
ENSCAFG00000014147,,ENSG00000165496,RPL10L,ortholog_one2one,94.3925,94.3925
ENSCAFG00000009231,,ENSG00000115159,GPD2,ortholog_one2one,94.3899,92.5722
ENSCAFG00000018332,,ENSG00000147251,DOCK11,ortholog_one2one,94.389,95.5705
ENSCAFG00000013966,,ENSG00000021826,CPS1,ortholog_one2one,94.3864,96.0159
ENSCAFG00000016540,,ENSG00000131089,ARHGEF9,ortholog_one2one,94.382,89.3617
ENSCAFG00000007111,,ENSG00000153902,LGI4,ortholog_one2one,94.382,93.8548
ENSCAFG00000005523,,ENSG00000139793,MBNL2,ortholog_one2one,94.3734,98.9276
ENSCAFG00000019149,,ENSG00000130032,PRRG3,ortholog_one2one,94.3723,94.3723
ENSCAFG00000003007,,ENSG00000115464,USP34,ortholog_one2one,94.3692,98.308
ENSCAFG00000018204,,ENSG00000072315,TRPC5,ortholog_one2one,94.359,94.5529
ENSCAFG00000031548,,ENSG00000138308,PLA2G12B,ortholog_one2one,94.359,94.359
ENSCAFG00000007592,,ENSG00000121297,TSHZ3,ortholog_one2one,94.3571,94.3571
ENSCAFG00000014804,,ENSG00000100056,ESS2,ortholog_one2one,94.3515,94.7479
ENSCAFG00000006290,,ENSG00000139842,CUL4A,ortholog_one2one,94.3495,94.5982
ENSCAFG00000002162,,ENSG00000071054,MAP4K4,ortholog_one2one,94.3482,94.8485
ENSCAFG00000001130,,ENSG00000096433,ITPR3,ortholog_one2one,94.3473,94.9832
ENSCAFG00000015700,,ENSG00000168818,STX18,ortholog_one2one,94.3452,94.6269
ENSCAFG00000018154,,ENSG00000077264,PAK3,ortholog_one2one,94.3396,94.8276
ENSCAFG00000019150,,ENSG00000167654,ATCAY,ortholog_one2one,94.3396,92.8382
ENSCAFG00000000811,,ENSG00000198818,SFT2D1,ortholog_one2one,94.3396,94.3396
ENSCAFG00000013165,,ENSG00000101161,PRPF6,ortholog_one2one,94.3357,97.3433
ENSCAFG00000012418,,ENSG00000138385,SSB,ortholog_one2one,94.335,93.8726
ENSCAFG00000014441,,ENSG00000148719,DNAJB12,ortholog_one2one,94.335,93.643
ENSCAFG00000018020,,ENSG00000188153,COL4A5,ortholog_one2one,94.3229,94.3229
ENSCAFG00000014727,,ENSG00000105700,KXD1,ortholog_one2one,94.3182,85.1282
ENSCAFG00000013262,,ENSG00000091482,SMPX,ortholog_one2one,94.3182,94.3182
ENSCAFG00000032121,,ENSG00000132819,RBM38,ortholog_one2one,94.3038,62.3431
ENSCAFG00000001816,,ENSG00000124406,ATP8A1,ortholog_one2one,94.3001,96.6495
ENSCAFG00000018287,,ENSG00000131725,WDR44,ortholog_one2one,94.2982,94.195
ENSCAFG00000011490,,ENSG00000124226,RNF114,ortholog_one2one,94.2982,94.2982
ENSCAFG00000017096,,ENSG00000179115,FARSA,ortholog_one2one,94.2913,87.4088
ENSCAFG00000011001,,ENSG00000162971,TYW5,ortholog_one2one,94.2857,94.2857
ENSCAFG00000019460,,ENSG00000188229,TUBB4B,ortholog_one2one,94.2797,100.0
ENSCAFG00000005058,,ENSG00000144285,SCN1A,ortholog_one2one,94.2724,90.9408
ENSCAFG00000017397,,ENSG00000147180,ZNF711,ortholog_one2one,94.2721,97.8934
ENSCAFG00000015183,,ENSG00000126756,UXT,ortholog_one2one,94.2675,87.574
ENSCAFG00000028692,,ENSG00000189369,GSPT2,ortholog_one2one,94.2584,94.1083
ENSCAFG00000031949,,ENSG00000241360,PDXP,ortholog_one2one,94.2568,94.2568
ENSCAFG00000002727,,ENSG00000165029,ABCA1,ortholog_one2one,94.2503,94.167
ENSCAFG00000043597,,ENSG00000184357,H1-5,ortholog_one2one,94.2478,94.2478
ENSCAFG00000010101,,ENSG00000137177,KIF13A,ortholog_one2one,94.245,89.6477
ENSCAFG00000004454,,ENSG00000136143,SUCLA2,ortholog_one2one,94.2263,84.2975
ENSCAFG00000004892,,ENSG00000160570,DEDD2,ortholog_one2one,94.2249,95.092
ENSCAFG00000041073,,ENSG00000115446,UNC50,ortholog_one2one,94.2238,94.5652
ENSCAFG00000014178,,ENSG00000099901,RANBP1,ortholog_one2one,94.2238,93.8849
ENSCAFG00000028867,,ENSG00000165512,ZNF22,ortholog_one2one,94.2222,94.6429
ENSCAFG00000007422,,ENSG00000130876,SLC7A10,ortholog_one2one,94.2197,93.499
ENSCAFG00000030082,,ENSG00000182489,XKRX,ortholog_one2one,94.2094,94.2094
ENSCAFG00000002217,,ENSG00000128059,PPAT,ortholog_one2one,94.1973,94.1973
ENSCAFG00000017704,,ENSG00000102401,ARMCX3,ortholog_one2one,94.1953,94.1953
ENSCAFG00000029593,,ENSG00000126950,TMEM35A,ortholog_one2one,94.186,97.006
ENSCAFG00000032282,,ENSG00000197050,ZNF420,ortholog_one2one,94.186,94.186
ENSCAFG00000047285,,ENSG00000174373,RALGAPA1,ortholog_one2one,94.1825,75.2705
ENSCAFG00000008352,,ENSG00000025293,PHF20,ortholog_one2one,94.1757,94.2688
ENSCAFG00000017478,,ENSG00000165533,TTC8,ortholog_one2one,94.1748,91.3371
ENSCAFG00000004395,,ENSG00000177051,FBXO46,ortholog_one2one,94.1653,96.3516
ENSCAFG00000015357,,ENSG00000156650,KAT6B,ortholog_one2one,94.1627,94.9349
ENSCAFG00000032227,,ENSG00000130558,OLFM1,ortholog_one2one,94.1606,79.7938
ENSCAFG00000000103,,ENSG00000074657,ZNF532,ortholog_one2one,94.1538,94.0815
ENSCAFG00000012293,,ENSG00000129467,ADCY4,ortholog_one2one,94.1504,94.1504
ENSCAFG00000018705,,ENSG00000188706,ZDHHC9,ortholog_one2one,94.1489,97.2527
ENSCAFG00000017685,,ENSG00000152214,RIT2,ortholog_one2one,94.1441,96.3134
ENSCAFG00000024975,,ENSG00000215203,GRXCR1,ortholog_one2one,94.1379,94.1379
ENSCAFG00000007710,,ENSG00000169488,OR4K15,ortholog_one2one,94.1358,87.6437
ENSCAFG00000019428,,ENSG00000172534,HCFC1,ortholog_one2one,94.1345,94.9038
ENSCAFG00000001752,,ENSG00000185666,SYN3,ortholog_one2one,94.1278,93.9655
ENSCAFG00000006458,,ENSG00000185989,RASA3,ortholog_one2one,94.1247,94.1247
ENSCAFG00000001713,,ENSG00000120156,TEK,ortholog_one2one,94.1228,95.4626
ENSCAFG00000031020,,ENSG00000176386,CDC26,ortholog_one2one,94.1176,94.1176
ENSCAFG00000019911,,ENSG00000160539,PLPP7,ortholog_one2one,94.0959,94.0959
ENSCAFG00000008308,,ENSG00000244005,NFS1,ortholog_one2one,94.0919,94.0919
ENSCAFG00000016008,,ENSG00000163682,RPL9,ortholog_one2one,94.0909,94.0909
ENSCAFG00000014209,,ENSG00000197776,KLHDC1,ortholog_one2one,94.0887,94.0887
ENSCAFG00000016552,,ENSG00000139990,DCAF5,ortholog_one2one,94.0866,94.586
ENSCAFG00000011498,,ENSG00000167037,SGSM1,ortholog_one2one,94.0818,94.1638
ENSCAFG00000002612,,ENSG00000112305,SMAP1,ortholog_one2one,94.0803,95.2891
ENSCAFG00000003836,,ENSG00000104848,KCNA7,ortholog_one2one,94.0789,94.0789
ENSCAFG00000001567,,ENSG00000107295,SH3GL2,ortholog_one2one,94.0678,94.6023
ENSCAFG00000003338,,ENSG00000131408,NR1H2,ortholog_one2one,94.0659,93.0435
ENSCAFG00000019642,,ENSG00000185973,TMLHE,ortholog_one2one,94.0618,91.6667
ENSCAFG00000015735,,ENSG00000127527,EPS15L1,ortholog_one2one,94.0605,95.7143
ENSCAFG00000019336,,ENSG00000167723,TRPV3,ortholog_one2one,94.0506,93.9317
ENSCAFG00000009624,,ENSG00000095485,CWF19L1,ortholog_one2one,94.041,93.8662
ENSCAFG00000009433,,ENSG00000123636,BAZ2B,ortholog_one2one,94.0406,96.0793
ENSCAFG00000046609,,ENSG00000143947,RPS27A,ortholog_one2one,94.0397,91.0256
ENSCAFG00000014753,,ENSG00000147119,CHST7,ortholog_one2one,94.0329,94.0329
ENSCAFG00000001377,,ENSG00000100226,GTPBP1,ortholog_one2one,94.0299,94.1704
ENSCAFG00000001227,,ENSG00000124664,SPDEF,ortholog_one2one,94.0299,94.0299
ENSCAFG00000002709,,ENSG00000118407,FILIP1,ortholog_one2one,94.015,93.2399
ENSCAFG00000005242,,ENSG00000139746,RBM26,ortholog_one2one,94.0097,96.4321
ENSCAFG00000014932,,ENSG00000099917,MED15,ortholog_one2one,93.992,89.3401
ENSCAFG00000016815,,ENSG00000080815,PSEN1,ortholog_one2one,93.9914,93.7902
ENSCAFG00000019975,,ENSG00000136878,USP20,ortholog_one2one,93.9891,94.0919
ENSCAFG00000000685,,ENSG00000188130,MAPK12,ortholog_one2one,93.9891,93.733
ENSCAFG00000018842,,ENSG00000109118,PHF12,ortholog_one2one,93.9873,88.745
ENSCAFG00000004514,,ENSG00000215475,SIAH3,ortholog_one2one,93.985,92.9368
ENSCAFG00000011454,,ENSG00000092068,SLC7A8,ortholog_one2one,93.985,93.4579
ENSCAFG00000041052,,ENSG00000227051,C14orf132,ortholog_one2one,93.9759,68.4211
ENSCAFG00000031845,,ENSG00000100532,CGRRF1,ortholog_one2one,93.9759,93.9759
ENSCAFG00000002330,,ENSG00000163453,IGFBP7,ortholog_one2one,93.9716,93.9716
ENSCAFG00000024085,,ENSG00000189114,BLOC1S3,ortholog_one2one,93.9698,92.5743
ENSCAFG00000011849,,ENSG00000100154,TTC28,ortholog_one2one,93.9652,93.5107
ENSCAFG00000012286,,ENSG00000082146,STRADB,ortholog_one2one,93.9613,93.0622
ENSCAFG00000006619,,ENSG00000165606,DRGX,ortholog_one2one,93.9394,94.2966
ENSCAFG00000014245,,ENSG00000115252,PDE1A,ortholog_one2one,93.9227,93.578
ENSCAFG00000018817,,ENSG00000141385,AFG3L2,ortholog_one2one,93.9206,94.9812
ENSCAFG00000000123,,ENSG00000081923,ATP8B1,ortholog_one2one,93.92,93.8449
ENSCAFG00000001506,,ENSG00000100055,CYTH4,ortholog_one2one,93.9086,93.9086
ENSCAFG00000016746,,ENSG00000130054,NALF2,ortholog_one2one,93.9076,94.7034
ENSCAFG00000002708,,ENSG00000112697,CDC50A,ortholog_one2one,93.9058,93.9058
ENSCAFG00000001709,,ENSG00000100297,MCM5,ortholog_one2one,93.9042,88.1471
ENSCAFG00000006269,,ENSG00000126226,PCID2,ortholog_one2one,93.9024,84.989
ENSCAFG00000013254,,ENSG00000163328,GPR155,ortholog_one2one,93.901,93.7931
ENSCAFG00000011603,,ENSG00000100077,GRK3,ortholog_one2one,93.8988,91.7151
ENSCAFG00000024315,,ENSG00000164508,H2AC1,ortholog_one2one,93.8931,93.8931
ENSCAFG00000017529,,ENSG00000102362,SYTL4,ortholog_one2one,93.8897,93.8897
ENSCAFG00000010414,,ENSG00000115263,GCG,ortholog_one2one,93.8889,93.8889
ENSCAFG00000029045,,ENSG00000123983,ACSL3,ortholog_one2one,93.8889,93.8889
ENSCAFG00000017729,,ENSG00000066739,ATG2B,ortholog_one2one,93.8854,93.8402
ENSCAFG00000003006,,ENSG00000059769,DNAJC25,ortholog_one2one,93.8719,93.6111
ENSCAFG00000031079,,ENSG00000152518,ZFP36L2,ortholog_one2one,93.8596,86.6397
ENSCAFG00000010904,,ENSG00000119913,TECTB,ortholog_one2one,93.8596,93.8596
ENSCAFG00000014810,,ENSG00000206203,TSSK2,ortholog_one2one,93.8548,93.8548
ENSCAFG00000030547,,ENSG00000123144,TRIR,ortholog_one2one,93.8548,95.4545
ENSCAFG00000029745,,ENSG00000171119,NRTN,ortholog_one2one,93.8462,92.8934
ENSCAFG00000003475,,ENSG00000204673,AKT1S1,ortholog_one2one,93.8406,93.8406
ENSCAFG00000012191,,ENSG00000100949,RABGGTA,ortholog_one2one,93.8272,93.8272
ENSCAFG00000001581,,ENSG00000178031,ADAMTSL1,ortholog_one2one,93.8174,93.8706
ENSCAFG00000006068,,ENSG00000171873,ADRA1D,ortholog_one2one,93.8172,61.014
ENSCAFG00000006651,,ENSG00000101361,NOP56,ortholog_one2one,93.8023,94.2761
ENSCAFG00000009797,,ENSG00000138378,STAT4,ortholog_one2one,93.7824,96.7914
ENSCAFG00000004116,,ENSG00000008018,PSMB1,ortholog_one2one,93.7759,93.7759
ENSCAFG00000009524,,ENSG00000119929,CUTC,ortholog_one2one,93.7729,93.7729
ENSCAFG00000018008,,ENSG00000141441,GAREM1,ortholog_one2one,93.7725,89.3836
ENSCAFG00000015135,,ENSG00000169744,LDB2,ortholog_one2one,93.7662,96.7828
ENSCAFG00000016688,,ENSG00000079482,OPHN1,ortholog_one2one,93.7656,93.7656
ENSCAFG00000019016,,ENSG00000108582,CPD,ortholog_one2one,93.7636,93.6957
ENSCAFG00000011536,,ENSG00000198315,ZKSCAN8,ortholog_one2one,93.7608,93.5986
ENSCAFG00000017327,,ENSG00000165288,BRWD3,ortholog_one2one,93.7603,95.061
ENSCAFG00000029534,,ENSG00000196072,BLOC1S2,ortholog_one2one,93.75,95.0704
ENSCAFG00000001092,,ENSG00000183864,TOB2,ortholog_one2one,93.75,91.5698
ENSCAFG00000029891,,ENSG00000183918,SH2D1A,ortholog_one2one,93.75,93.75
ENSCAFG00000029965,,ENSG00000203778,FAM229B,ortholog_one2one,93.75,93.75
ENSCAFG00000002233,,ENSG00000159899,NPR2,ortholog_one2one,93.7435,85.8644
ENSCAFG00000015971,,ENSG00000171365,CLCN5,ortholog_one2one,93.7426,97.3039
ENSCAFG00000002960,,ENSG00000213023,SYT3,ortholog_one2one,93.7394,93.8983
ENSCAFG00000002305,,ENSG00000137269,LRRC1,ortholog_one2one,93.7378,91.4122
ENSCAFG00000042154,,ENSG00000251247,ZNF345,ortholog_one2one,93.737,92.0082
ENSCAFG00000017161,,ENSG00000198894,CIPC,ortholog_one2one,93.7343,93.7343
ENSCAFG00000000870,,ENSG00000188636,RTL6,ortholog_one2one,93.7238,93.7238
ENSCAFG00000015083,,ENSG00000118579,MED28,ortholog_one2one,93.7143,92.1348
ENSCAFG00000014289,,ENSG00000077232,DNAJC10,ortholog_one2one,93.7028,93.8209
ENSCAFG00000010623,,ENSG00000156395,SORCS3,ortholog_one2one,93.6982,92.4714
ENSCAFG00000010948,,ENSG00000124126,PREX1,ortholog_one2one,93.6908,89.5118
ENSCAFG00000005955,,ENSG00000102743,SLC25A15,ortholog_one2one,93.6877,93.6877
ENSCAFG00000030397,,ENSG00000148411,NACC2,ortholog_one2one,93.686,93.5264
ENSCAFG00000014856,,ENSG00000063978,RNF4,ortholog_one2one,93.6842,93.6842
ENSCAFG00000014108,,ENSG00000141447,OSBPL1A,ortholog_one2one,93.6831,92.1053
ENSCAFG00000018826,,ENSG00000134602,STK26,ortholog_one2one,93.6795,94.7489
ENSCAFG00000008635,,ENSG00000149639,MTCL2,ortholog_one2one,93.6774,87.4172
ENSCAFG00000032493,,ENSG00000169635,HIC2,ortholog_one2one,93.6688,93.8211
ENSCAFG00000018693,,ENSG00000125652,ALKBH7,ortholog_one2one,93.6652,93.6652
ENSCAFG00000005533,,ENSG00000063322,MED29,ortholog_one2one,93.6652,93.6652
ENSCAFG00000028667,,ENSG00000139899,CBLN3,ortholog_one2one,93.6585,93.6585
ENSCAFG00000010874,,ENSG00000196562,SULF2,ortholog_one2one,93.658,95.0575
ENSCAFG00000015776,,ENSG00000147144,CCDC120,ortholog_one2one,93.6556,89.0805
ENSCAFG00000031230,,ENSG00000120159,CAAP1,ortholog_one2one,93.6464,93.9058
ENSCAFG00000018775,,ENSG00000196365,LONP1,ortholog_one2one,93.6458,93.7435
ENSCAFG00000018297,,ENSG00000076924,XAB2,ortholog_one2one,93.6436,96.4912
ENSCAFG00000002545,,ENSG00000168216,LMBRD1,ortholog_one2one,93.6364,91.637
ENSCAFG00000001277,,ENSG00000064999,ANKS1A,ortholog_one2one,93.6242,93.4673
ENSCAFG00000014598,,ENSG00000215612,HMX1,ortholog_one2one,93.6232,92.8161
ENSCAFG00000008033,,ENSG00000173145,NOC3L,ortholog_one2one,93.617,93.5
ENSCAFG00000030130,,ENSG00000174521,TTC9B,ortholog_one2one,93.617,92.0502
ENSCAFG00000002617,,ENSG00000198785,GRIN3A,ortholog_one2one,93.6114,94.6188
ENSCAFG00000002986,,ENSG00000162927,PUS10,ortholog_one2one,93.609,94.1399
ENSCAFG00000016486,,ENSG00000187601,MAGEH1,ortholog_one2one,93.6073,93.6073
ENSCAFG00000002937,,ENSG00000062822,POLD1,ortholog_one2one,93.5863,91.4387
ENSCAFG00000042795,,ENSG00000184113,CLDN5,ortholog_one2one,93.578,67.3267
ENSCAFG00000005690,,ENSG00000125869,LAMP5,ortholog_one2one,93.5714,93.5714
ENSCAFG00000018639,,ENSG00000173482,PTPRM,ortholog_one2one,93.5696,97.3379
ENSCAFG00000015683,,ENSG00000102096,PIM2,ortholog_one2one,93.5691,93.5691
ENSCAFG00000012553,,ENSG00000184304,PRKD1,ortholog_one2one,93.5558,88.3696
ENSCAFG00000016468,,ENSG00000109618,SEPSECS,ortholog_one2one,93.5484,92.6148
ENSCAFG00000048528,,ENSG00000115415,STAT1,ortholog_one2one,93.5401,91.5297
ENSCAFG00000030701,,ENSG00000181315,ZNF322,ortholog_one2one,93.5323,93.5323
ENSCAFG00000018761,,ENSG00000154864,PIEZO2,ortholog_one2one,93.5318,88.8307
ENSCAFG00000012343,,ENSG00000100319,ZMAT5,ortholog_one2one,93.5294,93.5294
ENSCAFG00000003902,,ENSG00000155111,CDK19,ortholog_one2one,93.5282,89.243
ENSCAFG00000030766,,ENSG00000215183,MSMP,ortholog_one2one,93.5252,93.5252
ENSCAFG00000001115,,ENSG00000198945,L3MBTL3,ortholog_one2one,93.5159,83.2051
ENSCAFG00000004975,,ENSG00000105404,RABAC1,ortholog_one2one,93.5135,93.5135
ENSCAFG00000018932,,ENSG00000022267,FHL1,ortholog_one2one,93.5103,98.1424
ENSCAFG00000014737,,ENSG00000064989,CALCRL,ortholog_one2one,93.5065,93.7093
ENSCAFG00000007045,,ENSG00000125968,ID1,ortholog_one2one,93.5065,92.9032
ENSCAFG00000003015,,ENSG00000119314,PTBP3,ortholog_one2one,93.5039,85.1255
ENSCAFG00000001962,,ENSG00000122733,PHF24,ortholog_one2one,93.5,93.5
ENSCAFG00000011188,,ENSG00000115339,GALNT3,ortholog_one2one,93.4985,95.4186
ENSCAFG00000002664,,ENSG00000116062,MSH6,ortholog_one2one,93.4902,87.6471
ENSCAFG00000000887,,ENSG00000100347,SAMM50,ortholog_one2one,93.4874,94.8827
ENSCAFG00000014045,,ENSG00000172731,LRRC20,ortholog_one2one,93.4783,93.4783
ENSCAFG00000002017,,ENSG00000005238,ATOSB,ortholog_one2one,93.4701,93.1227
ENSCAFG00000002588,,ENSG00000095752,IL11,ortholog_one2one,93.4673,93.4673
ENSCAFG00000048123,,ENSG00000141965,FEM1A,ortholog_one2one,93.4621,94.0209
ENSCAFG00000032754,,ENSG00000156510,HKDC1,ortholog_one2one,93.4569,93.4569
ENSCAFG00000018170,,ENSG00000171105,INSR,ortholog_one2one,93.4566,95.0796
ENSCAFG00000030565,,ENSG00000138166,DUSP5,ortholog_one2one,93.4555,92.9688
ENSCAFG00000009738,,ENSG00000095539,SEMA4G,ortholog_one2one,93.4524,93.1198
ENSCAFG00000032659,,ENSG00000170417,TMEM182,ortholog_one2one,93.4498,93.4498
ENSCAFG00000001972,,ENSG00000075539,FRYL,ortholog_one2one,93.4484,97.0461
ENSCAFG00000002891,,ENSG00000138035,PNPT1,ortholog_one2one,93.4469,91.06
ENSCAFG00000014056,,ENSG00000165175,MID1IP1,ortholog_one2one,93.4426,93.4426
ENSCAFG00000014651,,ENSG00000213551,DNAJC9,ortholog_one2one,93.4363,93.0769
ENSCAFG00000017735,,ENSG00000100744,GSKIP,ortholog_one2one,93.4307,92.0863
ENSCAFG00000010387,,ENSG00000078098,FAP,ortholog_one2one,93.4211,93.4211
ENSCAFG00000019133,,ENSG00000063601,MTMR1,ortholog_one2one,93.4169,88.5587
ENSCAFG00000003592,,ENSG00000085382,HACE1,ortholog_one2one,93.4169,98.3498
ENSCAFG00000017373,,ENSG00000072133,RPS6KA6,ortholog_one2one,93.414,93.2886
ENSCAFG00000017252,,ENSG00000085224,ATRX,ortholog_one2one,93.411,93.2986
ENSCAFG00000002454,,ENSG00000136936,XPA,ortholog_one2one,93.4066,93.4066
ENSCAFG00000009759,,ENSG00000124104,SNX21,ortholog_one2one,93.4066,91.1528
ENSCAFG00000014537,,ENSG00000138315,OIT3,ortholog_one2one,93.4066,93.578
ENSCAFG00000017831,,ENSG00000090061,CCNK,ortholog_one2one,93.4037,61.0345
ENSCAFG00000006579,,ENSG00000102802,MEDAG,ortholog_one2one,93.3993,93.3993
ENSCAFG00000030814,,ENSG00000272636,DOC2B,ortholog_one2one,93.3985,92.7184
ENSCAFG00000003045,,ENSG00000188994,ZNF292,ortholog_one2one,93.3921,93.4264
ENSCAFG00000006798,,ENSG00000122035,RASL11A,ortholog_one2one,93.3884,93.3884
ENSCAFG00000000125,,ENSG00000134440,NARS1,ortholog_one2one,93.381,95.2555
ENSCAFG00000016679,,ENSG00000006432,MAP3K9,ortholog_one2one,93.3788,85.7782
ENSCAFG00000016602,,ENSG00000198732,SMOC1,ortholog_one2one,93.3775,97.2414
ENSCAFG00000019980,,ENSG00000136827,TOR1A,ortholog_one2one,93.3735,93.3735
ENSCAFG00000001614,,ENSG00000112578,BYSL,ortholog_one2one,93.3638,93.3638
ENSCAFG00000019290,,ENSG00000067840,PDZD4,ortholog_one2one,93.3594,92.5161
ENSCAFG00000015697,,ENSG00000102057,KCND1,ortholog_one2one,93.353,97.6816
ENSCAFG00000019208,,ENSG00000105298,CACTIN,ortholog_one2one,93.3511,92.6121
ENSCAFG00000000959,,ENSG00000100227,POLDIP3,ortholog_one2one,93.3492,89.726
ENSCAFG00000019076,,ENSG00000134030,CTIF,ortholog_one2one,93.3442,95.8333
ENSCAFG00000020105,,ENSG00000106992,AK1,ortholog_one2one,93.3333,93.3333
ENSCAFG00000009780,,ENSG00000124257,NEURL2,ortholog_one2one,93.3333,93.3333
ENSCAFG00000044878,,ENSG00000122026,RPL21,ortholog_one2one,93.3333,96.25
ENSCAFG00000010176,,ENSG00000107872,FBXL15,ortholog_one2one,93.3333,93.3333
ENSCAFG00000016398,,ENSG00000132017,DCAF15,ortholog_one2one,93.3222,93.1667
ENSCAFG00000012644,,ENSG00000144426,NBEAL1,ortholog_one2one,93.316,93.2814
ENSCAFG00000007358,,ENSG00000153885,KCTD15,ortholog_one2one,93.311,98.5866
ENSCAFG00000002702,,ENSG00000111799,COL12A1,ortholog_one2one,93.3056,95.1028
ENSCAFG00000004258,,ENSG00000099256,PRTFDC1,ortholog_one2one,93.3014,86.6667
ENSCAFG00000017195,,ENSG00000147100,SLC16A2,ortholog_one2one,93.3002,69.7588
ENSCAFG00000002646,,ENSG00000143933,CALM2,ortholog_one2one,93.2886,70.9184
ENSCAFG00000014160,,ENSG00000163510,CWC22,ortholog_one2one,93.2819,93.2819
ENSCAFG00000009368,,ENSG00000124194,GDAP1L1,ortholog_one2one,93.2796,89.8964
ENSCAFG00000031516,,ENSG00000177370,TIMM22,ortholog_one2one,93.2643,92.7835
ENSCAFG00000001341,,ENSG00000254772,EEF1G,ortholog_one2one,93.2643,82.3799
ENSCAFG00000002058,,ENSG00000107140,TESK1,ortholog_one2one,93.2624,84.0256
ENSCAFG00000029143,,ENSG00000178409,BEND3,ortholog_one2one,93.2611,93.599
ENSCAFG00000046454,,ENSG00000260802,SERTM2,ortholog_one2one,93.2584,93.2584
ENSCAFG00000001605,,ENSG00000214736,TOMM6,ortholog_one2one,93.2432,93.2432
ENSCAFG00000031316,,ENSG00000125816,NKX2-4,ortholog_one2one,93.2367,54.5198
ENSCAFG00000018950,,ENSG00000198720,ANKRD13B,ortholog_one2one,93.2318,88.0192
ENSCAFG00000003874,,ENSG00000104805,NUCB1,ortholog_one2one,93.2166,92.4078
ENSCAFG00000018638,,ENSG00000141068,KSR1,ortholog_one2one,93.2112,93.2112
ENSCAFG00000013828,,ENSG00000128271,ADORA2A,ortholog_one2one,93.2039,93.2039
ENSCAFG00000029492,,ENSG00000254004,ZNF260,ortholog_one2one,93.2039,93.2039
ENSCAFG00000019260,,ENSG00000070366,SMG6,ortholog_one2one,93.2011,92.7414
ENSCAFG00000018306,,ENSG00000076944,STXBP2,ortholog_one2one,93.2007,93.0464
ENSCAFG00000003504,,ENSG00000148219,ASTN2,ortholog_one2one,93.1978,89.0217
ENSCAFG00000007405,,ENSG00000153879,CEBPG,ortholog_one2one,93.1973,91.3333
ENSCAFG00000018419,,ENSG00000125354,SEPTIN6,ortholog_one2one,93.1973,94.7005
ENSCAFG00000001809,,ENSG00000197579,TOPORS,ortholog_one2one,93.1927,93.0144
ENSCAFG00000000639,,ENSG00000204390,HSPA1L,ortholog_one2one,93.1921,96.0998
ENSCAFG00000032654,,ENSG00000077348,EXOSC5,ortholog_one2one,93.1915,93.1915
ENSCAFG00000003663,,ENSG00000148180,GSN,ortholog_one2one,93.188,87.468
ENSCAFG00000002724,,ENSG00000068912,ERLEC1,ortholog_one2one,93.1864,96.2733
ENSCAFG00000019450,,ENSG00000188986,NELFB,ortholog_one2one,93.1854,93.6306
ENSCAFG00000012262,,ENSG00000100296,THOC5,ortholog_one2one,93.185,98.0966
ENSCAFG00000000978,,ENSG00000100207,TCF20,ortholog_one2one,93.183,92.7551
ENSCAFG00000016446,,ENSG00000139988,RDH12,ortholog_one2one,93.1818,90.8228
ENSCAFG00000018990,,ENSG00000108576,SLC6A4,ortholog_one2one,93.1746,93.1746
ENSCAFG00000009827,,ENSG00000145979,TBC1D7,ortholog_one2one,93.1741,93.1741
ENSCAFG00000001631,,ENSG00000048545,GUCA1A,ortholog_one2one,93.1707,95.0249
ENSCAFG00000005969,,ENSG00000089195,TRMT6,ortholog_one2one,93.159,93.159
ENSCAFG00000017573,,ENSG00000167220,HDHD2,ortholog_one2one,93.1559,94.5946
ENSCAFG00000015454,,ENSG00000105393,BABAM1,ortholog_one2one,93.1548,95.1368
ENSCAFG00000032567,,ENSG00000137218,FRS3,ortholog_one2one,93.1452,93.9024
ENSCAFG00000004363,,ENSG00000170608,FOXA3,ortholog_one2one,93.1429,93.1429
ENSCAFG00000016702,,ENSG00000100731,PCNX1,ortholog_one2one,93.1389,92.7809
ENSCAFG00000001725,,ENSG00000112624,BICRAL,ortholog_one2one,93.1382,94.3466
ENSCAFG00000000012,,ENSG00000166377,ATP9B,ortholog_one2one,93.1338,92.2406
ENSCAFG00000019996,,ENSG00000095321,CRAT,ortholog_one2one,93.131,93.131
ENSCAFG00000012932,,ENSG00000072422,RHOBTB1,ortholog_one2one,93.1232,93.3908
ENSCAFG00000012946,,ENSG00000115844,DLX2,ortholog_one2one,93.1138,94.8171
ENSCAFG00000013539,,ENSG00000163249,CCNYL1,ortholog_one2one,93.1129,94.1504
ENSCAFG00000032144,,ENSG00000125841,NRSN2,ortholog_one2one,93.1034,92.6471
ENSCAFG00000002792,,ENSG00000119318,RAD23B,ortholog_one2one,93.1034,92.4205
ENSCAFG00000016620,,ENSG00000213463,SYNJ2BP,ortholog_one2one,93.1034,93.1034
ENSCAFG00000009130,,ENSG00000155229,MMS19,ortholog_one2one,93.1001,93.0097
ENSCAFG00000013280,,ENSG00000108010,GLRX3,ortholog_one2one,93.0931,92.5373
ENSCAFG00000045952,,ENSG00000119508,NR4A3,ortholog_one2one,93.0915,84.6154
ENSCAFG00000006801,,ENSG00000004776,HSPB6,ortholog_one2one,93.0818,92.5
ENSCAFG00000001398,,ENSG00000112078,KCTD20,ortholog_one2one,93.0788,93.0788
ENSCAFG00000015954,,ENSG00000182771,GRID1,ortholog_one2one,93.074,97.225
ENSCAFG00000001652,,ENSG00000188921,HACD4,ortholog_one2one,93.0736,92.6724
ENSCAFG00000001623,,ENSG00000155886,SLC24A2,ortholog_one2one,93.0723,93.4947
ENSCAFG00000000942,,ENSG00000111879,FAM184A,ortholog_one2one,93.0676,94.2105
ENSCAFG00000001970,,ENSG00000135960,EDAR,ortholog_one2one,93.0649,86.6667
ENSCAFG00000002079,,ENSG00000128052,KDR,ortholog_one2one,93.0627,92.9941
ENSCAFG00000017854,,ENSG00000141424,SLC39A6,ortholog_one2one,93.0612,90.596
ENSCAFG00000015883,,ENSG00000185737,NRG3,ortholog_one2one,93.0556,93.0556
ENSCAFG00000001101,,ENSG00000152894,PTPRK,ortholog_one2one,93.0547,98.3016
ENSCAFG00000006143,,ENSG00000126216,TUBGCP3,ortholog_one2one,93.054,93.054
ENSCAFG00000023919,,ENSG00000100678,SLC8A3,ortholog_one2one,93.054,91.0464
ENSCAFG00000017479,,ENSG00000147202,DIAPH2,ortholog_one2one,93.038,93.291
ENSCAFG00000030566,,ENSG00000136940,PDCL,ortholog_one2one,93.0233,93.0233
ENSCAFG00000018336,,ENSG00000177143,CETN1,ortholog_one2one,93.0233,93.0233
ENSCAFG00000001013,,ENSG00000198911,SREBF2,ortholog_one2one,93.015,92.1998
ENSCAFG00000015339,,ENSG00000068438,FTSJ1,ortholog_one2one,93.0091,93.0091
ENSCAFG00000013559,,ENSG00000178385,PLEKHM3,ortholog_one2one,92.9987,92.5099
ENSCAFG00000013418,,ENSG00000100906,NFKBIA,ortholog_one2one,92.9936,92.1136
ENSCAFG00000031195,,ENSG00000240849,PEDS1,ortholog_one2one,92.9889,93.3333
ENSCAFG00000005625,,ENSG00000102572,STK24,ortholog_one2one,92.9825,95.7111
ENSCAFG00000015628,,ENSG00000198964,SGMS1,ortholog_one2one,92.9782,92.9782
ENSCAFG00000005445,,ENSG00000105197,TIMM50,ortholog_one2one,92.9775,72.5877
ENSCAFG00000015887,,ENSG00000163697,APBB2,ortholog_one2one,92.9688,94.0711
ENSCAFG00000015603,,ENSG00000100614,PPM1A,ortholog_one2one,92.967,92.967
ENSCAFG00000015873,,ENSG00000102001,CACNA1F,ortholog_one2one,92.9577,90.1366
ENSCAFG00000004009,,ENSG00000105447,GRWD1,ortholog_one2one,92.9545,91.704
ENSCAFG00000001609,,ENSG00000164663,USP49,ortholog_one2one,92.9515,92.0058
ENSCAFG00000013976,,ENSG00000179476,DORIP1,ortholog_one2one,92.9448,97.7419
ENSCAFG00000012318,,ENSG00000203805,PLPP4,ortholog_one2one,92.9368,92.2509
ENSCAFG00000014842,,ENSG00000177791,MYOZ1,ortholog_one2one,92.9293,92.3077
ENSCAFG00000017163,,ENSG00000167815,PRDX2,ortholog_one2one,92.9293,92.9293
ENSCAFG00000020003,,ENSG00000148343,MIGA2,ortholog_one2one,92.9174,92.9174
ENSCAFG00000031801,,ENSG00000148688,RPP30,ortholog_one2one,92.9104,77.3292
ENSCAFG00000005372,,ENSG00000160392,C19orf47,ortholog_one2one,92.9078,93.128
ENSCAFG00000002064,,ENSG00000115665,SLC5A7,ortholog_one2one,92.9066,92.5862
ENSCAFG00000001382,,ENSG00000156711,MAPK13,ortholog_one2one,92.8962,93.1507
ENSCAFG00000001512,,ENSG00000187045,TMPRSS6,ortholog_one2one,92.8928,90.4126
ENSCAFG00000013541,,ENSG00000138347,MYPN,ortholog_one2one,92.8896,93.0303
ENSCAFG00000006785,,ENSG00000004777,ARHGAP33,ortholog_one2one,92.8836,89.254
ENSCAFG00000023936,,ENSG00000032219,ARID4A,ortholog_one2one,92.8795,94.4312
ENSCAFG00000029167,,ENSG00000196437,ZNF569,ortholog_one2one,92.8779,90.0
ENSCAFG00000005333,,ENSG00000101343,CRNKL1,ortholog_one2one,92.8571,79.717
ENSCAFG00000001964,,ENSG00000145248,SLC10A4,ortholog_one2one,92.8571,50.5721
ENSCAFG00000001848,,ENSG00000086102,NFX1,ortholog_one2one,92.8444,92.6786
ENSCAFG00000002589,,ENSG00000112280,COL9A1,ortholog_one2one,92.8339,92.8339
ENSCAFG00000002105,,ENSG00000115641,FHL2,ortholog_one2one,92.8315,92.8315
ENSCAFG00000010142,,ENSG00000196950,SLC39A10,ortholog_one2one,92.8166,59.0854
ENSCAFG00000013933,,ENSG00000165168,CYBB,ortholog_one2one,92.807,92.807
ENSCAFG00000014626,,ENSG00000139921,TMX1,ortholog_one2one,92.8058,92.1429
ENSCAFG00000002393,,ENSG00000168758,SEMA4C,ortholog_one2one,92.7971,92.7971
ENSCAFG00000003430,,ENSG00000014123,UFL1,ortholog_one2one,92.7939,92.4433
ENSCAFG00000014163,,ENSG00000170035,UBE2E3,ortholog_one2one,92.7928,99.5169
ENSCAFG00000029834,,ENSG00000111850,SMIM8,ortholog_one2one,92.7835,92.7835
ENSCAFG00000000402,,ENSG00000198729,PPP1R14C,ortholog_one2one,92.7711,93.3333
ENSCAFG00000012743,,ENSG00000065154,OAT,ortholog_one2one,92.7711,87.6993
ENSCAFG00000007118,,ENSG00000260903,XKR7,ortholog_one2one,92.7711,93.0915
ENSCAFG00000014546,,ENSG00000170801,HTRA3,ortholog_one2one,92.7614,76.3797
ENSCAFG00000014595,,ENSG00000100504,PYGL,ortholog_one2one,92.7586,95.2775
ENSCAFG00000000509,,ENSG00000198563,DDX39B,ortholog_one2one,92.757,92.757
ENSCAFG00000002300,,ENSG00000124743,KLHL31,ortholog_one2one,92.7445,92.7445
ENSCAFG00000013006,,ENSG00000091409,ITGA6,ortholog_one2one,92.7434,92.7434
ENSCAFG00000001983,,ENSG00000157593,SLC35B2,ortholog_one2one,92.74,91.6667
ENSCAFG00000024883,,ENSG00000124766,SOX4,ortholog_one2one,92.7326,67.2996
ENSCAFG00000018346,,ENSG00000104980,TIMM44,ortholog_one2one,92.7313,93.1416
ENSCAFG00000002528,,ENSG00000106799,TGFBR1,ortholog_one2one,92.7308,93.0966
ENSCAFG00000002391,,ENSG00000107371,EXOSC3,ortholog_one2one,92.7273,92.7273
ENSCAFG00000018850,,ENSG00000171004,HS6ST2,ortholog_one2one,92.7245,92.8682
ENSCAFG00000009269,,ENSG00000123612,ACVR1C,ortholog_one2one,92.7195,87.8296
ENSCAFG00000014226,,ENSG00000165525,NEMF,ortholog_one2one,92.7189,93.4944
ENSCAFG00000005973,,ENSG00000105738,SIPA1L3,ortholog_one2one,92.7149,91.4655
ENSCAFG00000001814,,ENSG00000112655,PTK7,ortholog_one2one,92.7103,92.0223
ENSCAFG00000017060,,ENSG00000160877,NACC1,ortholog_one2one,92.7063,91.6509
ENSCAFG00000002616,,ENSG00000112309,B3GAT2,ortholog_one2one,92.7052,94.4272
ENSCAFG00000031307,,ENSG00000102053,ZC3H12B,ortholog_one2one,92.7033,92.7033
ENSCAFG00000006379,,ENSG00000139597,N4BP2L1,ortholog_one2one,92.7007,52.2634
ENSCAFG00000000861,,ENSG00000056487,PHF21B,ortholog_one2one,92.6991,78.9077
ENSCAFG00000015251,,ENSG00000139977,NAA30,ortholog_one2one,92.6829,94.4751
ENSCAFG00000014099,,ENSG00000183337,BCOR,ortholog_one2one,92.6746,92.9915
ENSCAFG00000005834,,ENSG00000139800,ZIC5,ortholog_one2one,92.6647,93.3635
ENSCAFG00000009205,,ENSG00000241935,HOGA1,ortholog_one2one,92.6606,92.6606
ENSCAFG00000004733,,ENSG00000102780,DGKH,ortholog_one2one,92.6606,91.0656
ENSCAFG00000018329,,ENSG00000258986,TMEM179,ortholog_one2one,92.6606,86.6953
ENSCAFG00000002785,,ENSG00000109163,GNRHR,ortholog_one2one,92.6606,92.3781
ENSCAFG00000003407,,ENSG00000075340,ADD2,ortholog_one2one,92.6593,92.1488
ENSCAFG00000031294,,ENSG00000100335,MIEF1,ortholog_one2one,92.6566,89.749
ENSCAFG00000005373,,ENSG00000185052,SLC24A3,ortholog_one2one,92.6523,80.2795
ENSCAFG00000017282,,ENSG00000173198,CYSLTR1,ortholog_one2one,92.6471,93.4718
ENSCAFG00000001416,,ENSG00000178445,GLDC,ortholog_one2one,92.6357,93.7255
ENSCAFG00000030599,,ENSG00000204498,NFKBIL1,ortholog_one2one,92.6316,92.3885
ENSCAFG00000017183,,ENSG00000095066,HOOK2,ortholog_one2one,92.6287,92.6287
ENSCAFG00000032538,,ENSG00000165476,REEP3,ortholog_one2one,92.6229,88.6274
ENSCAFG00000012416,,ENSG00000047230,CTPS2,ortholog_one2one,92.6108,96.2457
ENSCAFG00000002250,,ENSG00000137103,TMEM8B,ortholog_one2one,92.5926,89.2857
ENSCAFG00000013030,,ENSG00000131828,PDHA1,ortholog_one2one,92.5926,87.6168
ENSCAFG00000000253,,ENSG00000112357,PEX7,ortholog_one2one,92.5697,92.5697
ENSCAFG00000004817,,ENSG00000120690,ELF1,ortholog_one2one,92.5687,92.5687
ENSCAFG00000018322,,ENSG00000171017,LRRC8E,ortholog_one2one,92.5599,92.2111
ENSCAFG00000001314,,ENSG00000100346,CACNA1I,ortholog_one2one,92.5571,91.1831
ENSCAFG00000006746,,ENSG00000139515,PDX1,ortholog_one2one,92.5532,92.2262
ENSCAFG00000006534,,ENSG00000215305,VPS16,ortholog_one2one,92.5508,97.7354
ENSCAFG00000007151,,ENSG00000152778,IFIT5,ortholog_one2one,92.5466,92.7386
ENSCAFG00000003488,,ENSG00000182752,PAPPA,ortholog_one2one,92.5403,84.6343
ENSCAFG00000007266,,ENSG00000165338,HECTD2,ortholog_one2one,92.5354,92.1795
ENSCAFG00000018395,,ENSG00000080986,NDC80,ortholog_one2one,92.5234,92.5234
ENSCAFG00000016249,,ENSG00000169299,PGM2,ortholog_one2one,92.5203,92.9739
ENSCAFG00000004978,,ENSG00000276644,DACH1,ortholog_one2one,92.511,55.409
ENSCAFG00000006588,,ENSG00000132635,PCED1A,ortholog_one2one,92.511,92.511
ENSCAFG00000023086,,ENSG00000136931,NR5A1,ortholog_one2one,92.5059,85.6833
ENSCAFG00000012374,,ENSG00000066468,FGFR2,ortholog_one2one,92.5029,97.5669
ENSCAFG00000004597,,ENSG00000104856,RELB,ortholog_one2one,92.5,89.4646
ENSCAFG00000009466,,ENSG00000120053,GOT1,ortholog_one2one,92.4939,92.4939
ENSCAFG00000000931,,ENSG00000153989,NUS1,ortholog_one2one,92.4915,92.4915
ENSCAFG00000011572,,ENSG00000026559,KCNG1,ortholog_one2one,92.4855,93.5673
ENSCAFG00000029603,,ENSG00000170802,FOXN2,ortholog_one2one,92.4829,94.1995
ENSCAFG00000014490,,ENSG00000115457,IGFBP2,ortholog_one2one,92.4731,52.9231
ENSCAFG00000007504,,ENSG00000101444,AHCY,ortholog_one2one,92.4706,90.9722
ENSCAFG00000031900,,ENSG00000152193,OBI1,ortholog_one2one,92.4686,91.3223
ENSCAFG00000014172,,ENSG00000099904,ZDHHC8,ortholog_one2one,92.4649,93.0591
ENSCAFG00000010155,,ENSG00000077150,NFKB2,ortholog_one2one,92.436,92.3333
ENSCAFG00000001956,,ENSG00000109171,SLAIN2,ortholog_one2one,92.4268,92.4268
ENSCAFG00000030748,,ENSG00000132640,BTBD3,ortholog_one2one,92.4214,95.7854
ENSCAFG00000011573,,ENSG00000100053,CRYBB3,ortholog_one2one,92.4171,92.4171
ENSCAFG00000016582,,ENSG00000100647,SUSD6,ortholog_one2one,92.4092,92.4092
ENSCAFG00000015223,,ENSG00000135924,DNAJB2,ortholog_one2one,92.4092,86.4198
ENSCAFG00000032533,,ENSG00000169906,S100G,ortholog_one2one,92.4051,92.4051
ENSCAFG00000017263,,ENSG00000165240,ATP7A,ortholog_one2one,92.3949,92.3333
ENSCAFG00000011146,,ENSG00000100439,ABHD4,ortholog_one2one,92.3944,95.9064
ENSCAFG00000013773,,ENSG00000186716,BCR,ortholog_one2one,92.393,91.7388
ENSCAFG00000019191,,ENSG00000173976,RAX2,ortholog_one2one,92.3913,92.3913
ENSCAFG00000044291,,ENSG00000218891,ZNF579,ortholog_one2one,92.3875,95.0178
ENSCAFG00000043071,,ENSG00000101220,ADISSP,ortholog_one2one,92.3858,91.4573
ENSCAFG00000009319,,ENSG00000101052,IFT52,ortholog_one2one,92.3767,94.2792
ENSCAFG00000010812,,ENSG00000124151,NCOA3,ortholog_one2one,92.3729,91.8539
ENSCAFG00000006062,,ENSG00000187498,COL4A1,ortholog_one2one,92.3707,87.7771
ENSCAFG00000003554,,ENSG00000112249,ASCC3,ortholog_one2one,92.3706,92.3706
ENSCAFG00000002097,,ENSG00000124818,OPN5,ortholog_one2one,92.3684,91.8848
ENSCAFG00000029130,,ENSG00000107821,KAZALD1,ortholog_one2one,92.3588,91.4474
ENSCAFG00000015046,,ENSG00000126775,ATG14,ortholog_one2one,92.3529,95.7317
ENSCAFG00000000105,,ENSG00000172175,MALT1,ortholog_one2one,92.3483,84.9515
ENSCAFG00000017305,,ENSG00000165417,GTF2A1,ortholog_one2one,92.3469,96.2766
ENSCAFG00000007929,,ENSG00000148690,FRA10AC1,ortholog_one2one,92.3323,91.746
ENSCAFG00000000300,,ENSG00000010818,HIVEP2,ortholog_one2one,92.3203,91.9052
ENSCAFG00000005595,,ENSG00000152767,FARP1,ortholog_one2one,92.3151,89.3123
ENSCAFG00000019205,,ENSG00000186111,PIP5K1C,ortholog_one2one,92.3077,86.5629
ENSCAFG00000011427,,ENSG00000100813,ACIN1,ortholog_one2one,92.3077,92.17
ENSCAFG00000015967,,ENSG00000100714,MTHFD1,ortholog_one2one,92.2995,89.5228
ENSCAFG00000018952,,ENSG00000129675,ARHGEF6,ortholog_one2one,92.2973,88.0155
ENSCAFG00000005141,,ENSG00000160410,SHKBP1,ortholog_one2one,92.2971,94.9081
ENSCAFG00000007377,,ENSG00000124299,PEPD,ortholog_one2one,92.2921,87.1647
ENSCAFG00000015200,,ENSG00000115661,STK16,ortholog_one2one,92.2857,92.2857
ENSCAFG00000018739,,ENSG00000031823,RANBP3,ortholog_one2one,92.2801,90.6526
ENSCAFG00000001075,,ENSG00000100412,ACO2,ortholog_one2one,92.2794,93.5404
ENSCAFG00000012182,,ENSG00000092295,TGM1,ortholog_one2one,92.2794,92.1665
ENSCAFG00000043712,,ENSG00000121390,PSPC1,ortholog_one2one,92.2772,89.1013
ENSCAFG00000010628,,ENSG00000108018,SORCS1,ortholog_one2one,92.2751,74.6575
ENSCAFG00000000043,,ENSG00000166479,TMX3,ortholog_one2one,92.2737,92.0705
ENSCAFG00000002348,,ENSG00000124749,COL21A1,ortholog_one2one,92.2675,92.2675
ENSCAFG00000001046,,ENSG00000100418,DESI1,ortholog_one2one,92.2619,92.2619
ENSCAFG00000011887,,ENSG00000124089,MC3R,ortholog_one2one,92.2601,92.2601
ENSCAFG00000019538,,ENSG00000118046,STK11,ortholog_one2one,92.2551,93.5335
ENSCAFG00000002086,,ENSG00000198467,TPM2,ortholog_one2one,92.2535,92.2535
ENSCAFG00000000326,,ENSG00000152818,UTRN,ortholog_one2one,92.2494,92.2225
ENSCAFG00000032608,,ENSG00000153714,LURAP1L,ortholog_one2one,92.2414,93.8596
ENSCAFG00000002117,,ENSG00000135974,C2orf49,ortholog_one2one,92.2414,92.2414
ENSCAFG00000000386,,ENSG00000118520,ARG1,ortholog_one2one,92.236,90.0
ENSCAFG00000013995,,ENSG00000099991,CABIN1,ortholog_one2one,92.2232,90.8108
ENSCAFG00000016387,,ENSG00000168214,RBPJ,ortholog_one2one,92.2027,94.6
ENSCAFG00000029484,,ENSG00000144401,METTL21A,ortholog_one2one,92.2018,85.1695
ENSCAFG00000001722,,ENSG00000112619,PRPH2,ortholog_one2one,92.1965,92.1965
ENSCAFG00000004738,,ENSG00000131116,ZNF428,ortholog_one2one,92.1875,81.1927
ENSCAFG00000014025,,ENSG00000155657,TTN,ortholog_one2one,92.1873,69.4062
ENSCAFG00000015891,,ENSG00000165678,GHITM,ortholog_one2one,92.1739,92.1739
ENSCAFG00000002657,,ENSG00000167614,TTYH1,ortholog_one2one,92.1739,92.1739
ENSCAFG00000049487,,ENSG00000137404,NRM,ortholog_one2one,92.1642,94.2748
ENSCAFG00000016550,,ENSG00000198881,ASB12,ortholog_one2one,92.163,92.4528
ENSCAFG00000032722,,ENSG00000175785,PRIMA1,ortholog_one2one,92.1569,92.1569
ENSCAFG00000017214,,ENSG00000131269,ABCB7,ortholog_one2one,92.1543,91.5456
ENSCAFG00000014275,,ENSG00000100485,SOS2,ortholog_one2one,92.1455,95.1201
ENSCAFG00000001018,,ENSG00000100147,CCDC134,ortholog_one2one,92.1397,92.1397
ENSCAFG00000003597,,ENSG00000126461,SCAF1,ortholog_one2one,92.1152,92.6067
ENSCAFG00000001736,,ENSG00000137161,CNPY3,ortholog_one2one,92.1147,92.446
ENSCAFG00000001557,,ENSG00000164989,CCDC171,ortholog_one2one,92.1053,92.3831
ENSCAFG00000002838,,ENSG00000163001,CFAP36,ortholog_one2one,92.1053,85.8311
ENSCAFG00000012560,,ENSG00000128683,GAD1,ortholog_one2one,92.1008,92.2559
ENSCAFG00000018854,,ENSG00000063015,SEZ6,ortholog_one2one,92.0973,91.4487
ENSCAFG00000014571,,ENSG00000093009,CDC45,ortholog_one2one,92.0914,87.6254
ENSCAFG00000000330,,ENSG00000118496,FBXO30,ortholog_one2one,92.0912,92.2148
ENSCAFG00000005931,,ENSG00000188766,SPRED3,ortholog_one2one,92.0879,92.2907
ENSCAFG00000005984,,ENSG00000134901,POGLUT2,ortholog_one2one,92.0849,95.0199
ENSCAFG00000012217,,ENSG00000115993,TRAK2,ortholog_one2one,92.0792,91.5755
ENSCAFG00000018707,,ENSG00000017797,RALBP1,ortholog_one2one,92.0777,94.0458
ENSCAFG00000013026,,ENSG00000129493,HEATR5A,ortholog_one2one,92.0681,92.4731
ENSCAFG00000005218,,ENSG00000134452,FBH1,ortholog_one2one,92.065,88.0256
ENSCAFG00000000765,,ENSG00000026652,AGPAT4,ortholog_one2one,92.0635,92.0635
ENSCAFG00000013081,,ENSG00000171988,JMJD1C,ortholog_one2one,92.0629,92.2441
ENSCAFG00000005121,,ENSG00000198879,SFMBT2,ortholog_one2one,92.0582,92.0582
ENSCAFG00000015723,,ENSG00000114923,SLC4A3,ortholog_one2one,92.0445,91.8983
ENSCAFG00000004421,,ENSG00000102543,CDADC1,ortholog_one2one,92.0388,92.2179
ENSCAFG00000015805,,ENSG00000102003,SYP,ortholog_one2one,92.0382,92.3323
ENSCAFG00000031936,,ENSG00000148572,NRBF2,ortholog_one2one,92.0139,92.3345
ENSCAFG00000012384,,ENSG00000138395,CDK15,ortholog_one2one,92.0091,92.6437
ENSCAFG00000023358,,ENSG00000146477,SLC22A3,ortholog_one2one,92.0,91.0072
ENSCAFG00000011688,,ENSG00000165832,TRUB1,ortholog_one2one,92.0,92.2636
ENSCAFG00000012768,,ENSG00000019995,ZRANB1,ortholog_one2one,91.9948,99.0113
ENSCAFG00000005918,,ENSG00000198542,ITGBL1,ortholog_one2one,91.984,92.915
ENSCAFG00000014897,,ENSG00000100526,CDKN3,ortholog_one2one,91.9811,91.9811
ENSCAFG00000029925,,ENSG00000158813,EDA,ortholog_one2one,91.9689,90.7928
ENSCAFG00000014951,,ENSG00000109685,NSD2,ortholog_one2one,91.9643,90.5495
ENSCAFG00000004389,,ENSG00000100997,ABHD12,ortholog_one2one,91.9598,90.5941
ENSCAFG00000013755,,ENSG00000139874,SSTR1,ortholog_one2one,91.9512,96.4194
ENSCAFG00000012440,,ENSG00000165449,SLC16A9,ortholog_one2one,91.945,91.945
ENSCAFG00000002130,,ENSG00000115616,SLC9A2,ortholog_one2one,91.9399,82.8818
ENSCAFG00000003094,,ENSG00000170340,B3GNT2,ortholog_one2one,91.9395,91.9395
ENSCAFG00000003116,,ENSG00000112182,BACH2,ortholog_one2one,91.9393,93.5791
ENSCAFG00000019154,,ENSG00000105229,PIAS4,ortholog_one2one,91.9386,93.9216
ENSCAFG00000012772,,ENSG00000149658,YTHDF1,ortholog_one2one,91.9355,91.771
ENSCAFG00000016130,,ENSG00000105135,HACL2,ortholog_one2one,91.9304,91.9304
ENSCAFG00000004182,,ENSG00000130749,ZC3H4,ortholog_one2one,91.9279,90.023
ENSCAFG00000014341,,ENSG00000064490,RFXANK,ortholog_one2one,91.9231,91.9231
ENSCAFG00000015095,,ENSG00000002549,LAP3,ortholog_one2one,91.9075,91.9075
ENSCAFG00000000977,,ENSG00000236104,ZBTB22,ortholog_one2one,91.9056,85.9621
ENSCAFG00000016885,,ENSG00000119723,COQ6,ortholog_one2one,91.8977,92.094
ENSCAFG00000010384,,ENSG00000118997,DNAH7,ortholog_one2one,91.8966,91.8738
ENSCAFG00000019026,,ENSG00000134595,SOX3,ortholog_one2one,91.8919,91.4798
ENSCAFG00000010232,,ENSG00000171206,TRIM8,ortholog_one2one,91.8919,98.7296
ENSCAFG00000002543,,ENSG00000138078,PREPL,ortholog_one2one,91.8809,93.3975
ENSCAFG00000001172,,ENSG00000100359,SGSM3,ortholog_one2one,91.8775,92.1228
ENSCAFG00000010226,,ENSG00000145996,CDKAL1,ortholog_one2one,91.8685,91.7098
ENSCAFG00000011284,,ENSG00000100802,C14orf93,ortholog_one2one,91.8669,92.3792
ENSCAFG00000002610,,ENSG00000171132,PRKCE,ortholog_one2one,91.8667,93.4871
ENSCAFG00000002598,,ENSG00000136872,ALDOB,ortholog_one2one,91.8635,96.1538
ENSCAFG00000013678,,ENSG00000151332,MBIP,ortholog_one2one,91.8605,91.8605
ENSCAFG00000011103,,ENSG00000197893,NRAP,ortholog_one2one,91.8403,91.6811
ENSCAFG00000011627,,ENSG00000169933,FRMPD4,ortholog_one2one,91.8306,68.2022
ENSCAFG00000003105,,ENSG00000135299,ANKRD6,ortholog_one2one,91.8256,92.7098
ENSCAFG00000000379,,ENSG00000131013,PPIL4,ortholog_one2one,91.8251,98.1707
ENSCAFG00000004511,,ENSG00000123200,ZC3H13,ortholog_one2one,91.8246,92.87
ENSCAFG00000011631,,ENSG00000129460,NGDN,ortholog_one2one,91.8239,92.6984
ENSCAFG00000009236,,ENSG00000124177,CHD6,ortholog_one2one,91.8232,91.8232
ENSCAFG00000002492,,ENSG00000165138,ANKS6,ortholog_one2one,91.8224,90.2411
ENSCAFG00000030472,,ENSG00000021645,NRXN3,ortholog_one2one,91.8182,96.4354
ENSCAFG00000004534,,ENSG00000283632,EXOC3L2,ortholog_one2one,91.8067,54.4888
ENSCAFG00000002416,,ENSG00000196116,TDRD7,ortholog_one2one,91.8033,91.8033
ENSCAFG00000009343,,ENSG00000138449,SLC40A1,ortholog_one2one,91.791,86.1646
ENSCAFG00000016579,,ENSG00000267909,CCDC177,ortholog_one2one,91.773,91.5134
ENSCAFG00000017507,,ENSG00000130158,DOCK6,ortholog_one2one,91.7658,94.1866
ENSCAFG00000013917,,ENSG00000156515,HK1,ortholog_one2one,91.7647,93.1596
ENSCAFG00000004682,,ENSG00000148468,FAM171A1,ortholog_one2one,91.7633,88.8764
ENSCAFG00000017380,,ENSG00000165259,HDX,ortholog_one2one,91.763,92.029
ENSCAFG00000023363,,ENSG00000133313,CNDP2,ortholog_one2one,91.7548,91.3684
ENSCAFG00000001740,,ENSG00000133424,LARGE1,ortholog_one2one,91.75,97.09
ENSCAFG00000016120,,ENSG00000070182,SPTB,ortholog_one2one,91.7455,91.6667
ENSCAFG00000007350,,ENSG00000257103,LSM14A,ortholog_one2one,91.7411,88.7689
ENSCAFG00000002840,,ENSG00000260230,FRRS1L,ortholog_one2one,91.7391,72.0136
ENSCAFG00000000445,,ENSG00000131018,SYNE1,ortholog_one2one,91.7358,91.7358
ENSCAFG00000001748,,ENSG00000124587,PEX6,ortholog_one2one,91.7347,91.7347
ENSCAFG00000017786,,ENSG00000134775,FHOD3,ortholog_one2one,91.732,79.3465
ENSCAFG00000015315,,ENSG00000130304,SLC27A1,ortholog_one2one,91.7305,92.7245
ENSCAFG00000014682,,ENSG00000197386,HTT,ortholog_one2one,91.7252,91.3749
ENSCAFG00000020101,,ENSG00000136840,ST6GALNAC4,ortholog_one2one,91.7219,91.7219
ENSCAFG00000012861,,ENSG00000133422,MORC2,ortholog_one2one,91.7209,95.5426
ENSCAFG00000007966,,ENSG00000125966,MMP24,ortholog_one2one,91.7208,87.5969
ENSCAFG00000002334,,ENSG00000165304,MELK,ortholog_one2one,91.7051,91.7051
ENSCAFG00000002767,,ENSG00000106701,FSD1L,ortholog_one2one,91.6988,89.6226
ENSCAFG00000019467,,ENSG00000212864,RNF208,ortholog_one2one,91.6981,93.1034
ENSCAFG00000007132,,ENSG00000027001,MIPEP,ortholog_one2one,91.6918,85.1332
ENSCAFG00000003103,,ENSG00000025039,RRAGD,ortholog_one2one,91.6883,88.25
ENSCAFG00000002096,,ENSG00000115652,UXS1,ortholog_one2one,91.6865,90.8235
ENSCAFG00000003398,,ENSG00000104973,MED25,ortholog_one2one,91.6824,60.9296
ENSCAFG00000003778,,ENSG00000135537,AFG1L,ortholog_one2one,91.6667,91.4761
ENSCAFG00000010941,,ENSG00000140090,SLC24A4,ortholog_one2one,91.6667,86.6559
ENSCAFG00000009740,,ENSG00000111837,MAK,ortholog_one2one,91.6667,91.6667
ENSCAFG00000002394,,ENSG00000122741,DCAF10,ortholog_one2one,91.6667,92.4866
ENSCAFG00000018728,,ENSG00000087903,RFX2,ortholog_one2one,91.6667,94.3292
ENSCAFG00000019938,,ENSG00000097007,ABL1,ortholog_one2one,91.6522,91.7319
ENSCAFG00000015499,,ENSG00000151208,DLG5,ortholog_one2one,91.6495,92.6524
ENSCAFG00000002357,,ENSG00000196092,PAX5,ortholog_one2one,91.6456,92.5831
ENSCAFG00000001068,,ENSG00000118518,RNF146,ortholog_one2one,91.6435,91.6435
ENSCAFG00000001612,,ENSG00000137145,DENND4C,ortholog_one2one,91.6286,92.237
ENSCAFG00000012273,,ENSG00000126010,GRPR,ortholog_one2one,91.6244,94.0104
ENSCAFG00000017259,,ENSG00000102158,MAGT1,ortholog_one2one,91.6216,92.3706
ENSCAFG00000028821,,ENSG00000107789,MINPP1,ortholog_one2one,91.6058,51.54
ENSCAFG00000004823,,ENSG00000165416,SUGT1,ortholog_one2one,91.5916,83.5616
ENSCAFG00000016782,,ENSG00000133256,PDE6B,ortholog_one2one,91.5888,91.8033
ENSCAFG00000000983,,ENSG00000183172,SMDT1,ortholog_one2one,91.5888,91.5888
ENSCAFG00000030931,,ENSG00000128342,LIF,ortholog_one2one,91.5842,91.5842
ENSCAFG00000001488,,ENSG00000112139,MDGA1,ortholog_one2one,91.58,90.5447
ENSCAFG00000016277,,ENSG00000072506,HSD17B10,ortholog_one2one,91.5709,91.5709
ENSCAFG00000013002,,ENSG00000141580,WDR45B,ortholog_one2one,91.5698,91.5698
ENSCAFG00000003219,,ENSG00000198369,SPRED2,ortholog_one2one,91.5691,90.5093
ENSCAFG00000017045,,ENSG00000104915,STX10,ortholog_one2one,91.5663,91.5663
ENSCAFG00000011823,,ENSG00000169184,MN1,ortholog_one2one,91.5525,91.1364
ENSCAFG00000010460,,ENSG00000107954,NEURL1,ortholog_one2one,91.5517,92.5087
ENSCAFG00000015255,,ENSG00000151812,SLC35F4,ortholog_one2one,91.5464,85.2207
ENSCAFG00000009000,,ENSG00000101442,ACTR5,ortholog_one2one,91.5447,92.7512
ENSCAFG00000012912,,ENSG00000089876,DHX32,ortholog_one2one,91.5436,91.79
ENSCAFG00000018484,,ENSG00000101892,ATP1B4,ortholog_one2one,91.5301,93.8375
ENSCAFG00000009515,,ENSG00000014919,COX15,ortholog_one2one,91.5254,92.1951
ENSCAFG00000012361,,ENSG00000100325,ASCC2,ortholog_one2one,91.5232,91.2814
ENSCAFG00000003085,,ENSG00000118432,CNR1,ortholog_one2one,91.5152,95.9746
ENSCAFG00000001842,,ENSG00000146215,CRIP3,ortholog_one2one,91.5094,89.4009
ENSCAFG00000003271,,ENSG00000163217,BMP10,ortholog_one2one,91.5094,91.5094
ENSCAFG00000012274,,ENSG00000122873,CISD1,ortholog_one2one,91.5094,89.8148
ENSCAFG00000016145,,ENSG00000109790,KLHL5,ortholog_one2one,91.5082,95.3765
ENSCAFG00000006374,,ENSG00000088854,DNAAF9,ortholog_one2one,91.5038,91.5038
ENSCAFG00000005618,,ENSG00000183760,ACP7,ortholog_one2one,91.4943,90.8676
ENSCAFG00000017906,,ENSG00000140105,WARS1,ortholog_one2one,91.4938,93.6306
ENSCAFG00000016864,,ENSG00000156030,MIDEAS,ortholog_one2one,91.4932,91.9927
ENSCAFG00000013521,,ENSG00000101868,POLA1,ortholog_one2one,91.4792,91.4169
ENSCAFG00000002049,,ENSG00000198853,RUSC2,ortholog_one2one,91.4683,91.2269
ENSCAFG00000005041,,ENSG00000167601,AXL,ortholog_one2one,91.4676,89.9329
ENSCAFG00000001571,,ENSG00000156564,LRFN2,ortholog_one2one,91.4663,96.4512
ENSCAFG00000019298,,ENSG00000007168,PAFAH1B1,ortholog_one2one,91.4607,95.0935
ENSCAFG00000017992,,ENSG00000080561,MID2,ortholog_one2one,91.4586,94.6939
ENSCAFG00000000413,,ENSG00000120254,MTHFD1L,ortholog_one2one,91.453,87.4362
ENSCAFG00000014308,,ENSG00000158578,ALAS2,ortholog_one2one,91.4498,83.816
ENSCAFG00000001635,,ENSG00000171843,MLLT3,ortholog_one2one,91.4474,97.8873
ENSCAFG00000006231,,ENSG00000133083,DCLK1,ortholog_one2one,91.4474,93.9189
ENSCAFG00000003942,,ENSG00000009413,REV3L,ortholog_one2one,91.4451,91.1821
ENSCAFG00000015503,,ENSG00000072195,SPEG,ortholog_one2one,91.4425,91.5825
ENSCAFG00000010210,,ENSG00000138107,ACTR1A,ortholog_one2one,91.4358,96.5426
ENSCAFG00000013475,,ENSG00000148634,HERC4,ortholog_one2one,91.4339,92.9044
ENSCAFG00000000073,,ENSG00000141664,ZCCHC2,ortholog_one2one,91.4319,66.129
ENSCAFG00000041938,,ENSG00000285025,MIURF,ortholog_one2one,91.4286,91.4286
ENSCAFG00000024559,,ENSG00000233493,TMEM238,ortholog_one2one,91.4286,90.9091
ENSCAFG00000006660,,ENSG00000139514,SLC7A1,ortholog_one2one,91.4149,91.4149
ENSCAFG00000001154,,ENSG00000196588,MRTFA,ortholog_one2one,91.4146,90.8826
ENSCAFG00000020098,,ENSG00000167103,PIP5KL1,ortholog_one2one,91.4141,91.8782
ENSCAFG00000001381,,ENSG00000147854,UHRF2,ortholog_one2one,91.4072,91.5212
ENSCAFG00000004608,,ENSG00000104853,CLPTM1,ortholog_one2one,91.3963,96.861
ENSCAFG00000006764,,ENSG00000227345,PARG,ortholog_one2one,91.3934,91.3934
ENSCAFG00000002223,,ENSG00000170485,NPAS2,ortholog_one2one,91.3815,87.5
ENSCAFG00000001834,,ENSG00000112659,CUL9,ortholog_one2one,91.3595,91.5773
ENSCAFG00000023746,,ENSG00000083544,TDRD3,ortholog_one2one,91.358,79.5699
ENSCAFG00000031979,,ENSG00000185532,PRKG1,ortholog_one2one,91.3562,89.3586
ENSCAFG00000015581,,ENSG00000148584,A1CF,ortholog_one2one,91.3559,89.5349
ENSCAFG00000004902,,ENSG00000139734,DIAPH3,ortholog_one2one,91.3518,91.1987
ENSCAFG00000000652,,ENSG00000130338,TULP4,ortholog_one2one,91.3437,91.6397
ENSCAFG00000012783,,ENSG00000188158,NHS,ortholog_one2one,91.3391,90.0666
ENSCAFG00000018034,,ENSG00000101890,GUCY2F,ortholog_one2one,91.3357,91.3357
ENSCAFG00000002844,,ENSG00000105370,LIM2,ortholog_one2one,91.3295,73.4884
ENSCAFG00000018417,,ENSG00000179364,PACS2,ortholog_one2one,91.3288,89.7124
ENSCAFG00000000915,,ENSG00000185002,RFX6,ortholog_one2one,91.3232,90.7328
ENSCAFG00000018905,,ENSG00000173275,ZNF449,ortholog_one2one,91.3127,91.3127
ENSCAFG00000016615,,ENSG00000037757,MRI1,ortholog_one2one,91.3043,91.0569
ENSCAFG00000014821,,ENSG00000130988,RGN,ortholog_one2one,91.3043,91.3043
ENSCAFG00000014597,,ENSG00000138448,ITGAV,ortholog_one2one,91.2875,89.9809
ENSCAFG00000019440,,ENSG00000169057,MECP2,ortholog_one2one,91.2871,92.5703
ENSCAFG00000045969,,ENSG00000147117,ZNF157,ortholog_one2one,91.2871,91.1067
ENSCAFG00000003072,,ENSG00000146282,RARS2,ortholog_one2one,91.2821,92.3875
ENSCAFG00000023297,,ENSG00000105146,AURKC,ortholog_one2one,91.2727,81.2298
ENSCAFG00000016876,,ENSG00000119725,ZNF410,ortholog_one2one,91.2698,89.1473
ENSCAFG00000007224,,ENSG00000148680,HTR7,ortholog_one2one,91.2664,87.2651
ENSCAFG00000013072,,ENSG00000101150,TPD52L2,ortholog_one2one,91.2664,91.2664
ENSCAFG00000003156,,ENSG00000105357,MYH14,ortholog_one2one,91.2645,92.8782
ENSCAFG00000019222,,ENSG00000105325,FZR1,ortholog_one2one,91.2621,94.7581
ENSCAFG00000010826,,ENSG00000115524,SF3B1,ortholog_one2one,91.2526,100.0
ENSCAFG00000028851,,ENSG00000163449,TMEM169,ortholog_one2one,91.2458,91.2458
ENSCAFG00000012420,,ENSG00000100330,MTMR3,ortholog_one2one,91.2429,80.8848
ENSCAFG00000009082,,ENSG00000124181,PLCG1,ortholog_one2one,91.242,88.7684
ENSCAFG00000029200,,ENSG00000273802,H2BC8,ortholog_one2one,91.2409,99.2064
ENSCAFG00000042671,,ENSG00000196383,OR4Q2,ortholog_one2one,91.2338,91.5309
ENSCAFG00000002206,,ENSG00000204634,TBC1D8,ortholog_one2one,91.2281,90.0433
ENSCAFG00000014027,,ENSG00000115365,LANCL1,ortholog_one2one,91.2281,91.2281
ENSCAFG00000007158,,ENSG00000152779,SLC16A12,ortholog_one2one,91.2245,86.6279
ENSCAFG00000020032,,ENSG00000198917,SPOUT1,ortholog_one2one,91.2234,91.2234
ENSCAFG00000014292,,ENSG00000100490,CDKL1,ortholog_one2one,91.2181,89.9441
ENSCAFG00000019414,,ENSG00000104897,SF3A2,ortholog_one2one,91.2134,93.9655
ENSCAFG00000002774,,ENSG00000148143,ZNF462,ortholog_one2one,91.2062,93.5355
ENSCAFG00000006733,,ENSG00000152520,PAN3,ortholog_one2one,91.2042,98.1962
ENSCAFG00000002862,,ENSG00000005700,IBTK,ortholog_one2one,91.1982,91.1308
ENSCAFG00000004827,,ENSG00000181192,DHTKD1,ortholog_one2one,91.1957,91.2949
ENSCAFG00000019694,,ENSG00000160360,GPSM1,ortholog_one2one,91.1932,90.8062
ENSCAFG00000011408,,ENSG00000124201,ZNFX1,ortholog_one2one,91.1887,91.1887
ENSCAFG00000012620,,ENSG00000086712,TXLNG,ortholog_one2one,91.1877,90.1515
ENSCAFG00000002322,,ENSG00000137251,TINAG,ortholog_one2one,91.1765,91.1765
ENSCAFG00000009707,,ENSG00000166135,HIF1AN,ortholog_one2one,91.1528,97.4212
ENSCAFG00000017419,,ENSG00000126733,DACH2,ortholog_one2one,91.1519,91.1519
ENSCAFG00000005032,,ENSG00000083535,PIBF1,ortholog_one2one,91.1493,91.1493
ENSCAFG00000011602,,ENSG00000125363,AMELX,ortholog_one2one,91.1458,85.3659
ENSCAFG00000004656,,ENSG00000077943,ITGA8,ortholog_one2one,91.138,85.1364
ENSCAFG00000013429,,ENSG00000170178,HOXD12,ortholog_one2one,91.1111,91.1111
ENSCAFG00000009464,,ENSG00000136536,MARCHF7,ortholog_one2one,91.1017,91.6193
ENSCAFG00000013287,,ENSG00000141639,MAPK4,ortholog_one2one,91.0924,92.3339
ENSCAFG00000013261,,ENSG00000203880,PCMTD2,ortholog_one2one,91.0863,90.5817
ENSCAFG00000001917,,ENSG00000198515,CNGA1,ortholog_one2one,91.0791,92.2741
ENSCAFG00000009809,,ENSG00000112137,PHACTR1,ortholog_one2one,91.0494,97.0395
ENSCAFG00000019991,,ENSG00000119383,PTPA,ortholog_one2one,91.0405,87.9888
ENSCAFG00000015284,,ENSG00000185651,UBE2L3,ortholog_one2one,91.0377,91.0377
ENSCAFG00000031296,,ENSG00000198440,ZNF583,ortholog_one2one,91.0369,91.0369
ENSCAFG00000010455,,ENSG00000183128,CALHM3,ortholog_one2one,91.0145,91.2791
ENSCAFG00000001786,,ENSG00000122729,ACO1,ortholog_one2one,91.01,92.2385
ENSCAFG00000011513,,ENSG00000099204,ABLIM1,ortholog_one2one,91.0072,91.0072
ENSCAFG00000014966,,ENSG00000136699,SMPD4,ortholog_one2one,91.0035,91.1085
ENSCAFG00000016006,,ENSG00000011451,WIZ,ortholog_one2one,91.0005,91.0005
ENSCAFG00000009043,,ENSG00000052749,RRP12,ortholog_one2one,91.0,91.2105
ENSCAFG00000006159,,ENSG00000125843,AP5S1,ortholog_one2one,91.0,91.0
ENSCAFG00000006031,,ENSG00000174405,LIG4,ortholog_one2one,90.9989,90.9989
ENSCAFG00000002868,,ENSG00000070159,PTPN3,ortholog_one2one,90.9958,94.0854
ENSCAFG00000000517,,ENSG00000232810,TNF,ortholog_one2one,90.9871,90.9871
ENSCAFG00000012487,,ENSG00000071909,MYO3B,ortholog_one2one,90.9836,91.0515
ENSCAFG00000003010,,ENSG00000148154,UGCG,ortholog_one2one,90.9774,92.132
ENSCAFG00000018799,,ENSG00000147255,IGSF1,ortholog_one2one,90.9701,90.9023
ENSCAFG00000016214,,ENSG00000135900,MRPL44,ortholog_one2one,90.9639,90.9639
ENSCAFG00000018191,,ENSG00000141452,RMC1,ortholog_one2one,90.9584,76.5601
ENSCAFG00000016566,,ENSG00000132024,CC2D1A,ortholog_one2one,90.9569,90.9569
ENSCAFG00000031870,,ENSG00000101695,RNF125,ortholog_one2one,90.9483,90.9483
ENSCAFG00000012270,,ENSG00000107651,SEC23IP,ortholog_one2one,90.9453,91.4
ENSCAFG00000002941,,ENSG00000065833,ME1,ortholog_one2one,90.9414,89.5105
ENSCAFG00000005917,,ENSG00000101311,FERMT1,ortholog_one2one,90.9352,93.353
ENSCAFG00000012205,,ENSG00000198825,INPP5F,ortholog_one2one,90.9329,92.1378
ENSCAFG00000000318,,ENSG00000118495,PLAGL1,ortholog_one2one,90.9287,90.9287
ENSCAFG00000015627,,ENSG00000100625,SIX4,ortholog_one2one,90.9204,93.598
ENSCAFG00000002164,,ENSG00000163440,PDCL2,ortholog_one2one,90.9091,91.2863
ENSCAFG00000009533,,ENSG00000124783,SSR1,ortholog_one2one,90.9091,93.9597
ENSCAFG00000007403,,ENSG00000101391,CDK5RAP1,ortholog_one2one,90.9091,88.1864
ENSCAFG00000032071,,ENSG00000173674,EIF1AX,ortholog_one2one,90.9091,97.2222
ENSCAFG00000012438,,ENSG00000138382,METTL5,ortholog_one2one,90.9091,77.8689
ENSCAFG00000006501,,ENSG00000133105,RXFP2,ortholog_one2one,90.9091,88.8594
ENSCAFG00000007690,,ENSG00000100568,VTI1B,ortholog_one2one,90.9091,81.8966
ENSCAFG00000014492,,ENSG00000118245,TNP1,ortholog_one2one,90.9091,90.9091
ENSCAFG00000028669,,ENSG00000144369,FAM171B,ortholog_one2one,90.8969,82.2034
ENSCAFG00000006782,,ENSG00000139517,LNX2,ortholog_one2one,90.896,91.1594
ENSCAFG00000004359,,ENSG00000104967,NOVA2,ortholog_one2one,90.8915,84.3525
ENSCAFG00000008621,,ENSG00000095587,TLL2,ortholog_one2one,90.8913,91.4286
ENSCAFG00000032667,,ENSG00000142408,CACNG8,ortholog_one2one,90.8867,86.8235
ENSCAFG00000016147,,ENSG00000105137,SYDE1,ortholog_one2one,90.8844,90.8844
ENSCAFG00000015011,,ENSG00000168936,TMEM129,ortholog_one2one,90.884,90.884
ENSCAFG00000009574,,ENSG00000168566,SNRNP48,ortholog_one2one,90.8824,91.1504
ENSCAFG00000002371,,ENSG00000115085,ZAP70,ortholog_one2one,90.8784,86.9144
ENSCAFG00000023631,,ENSG00000177485,ZBTB33,ortholog_one2one,90.8696,93.3036
ENSCAFG00000018763,,ENSG00000109111,SUPT6H,ortholog_one2one,90.8611,99.6524
ENSCAFG00000001324,,ENSG00000128272,ATF4,ortholog_one2one,90.8571,90.5983
ENSCAFG00000017892,,ENSG00000130816,DNMT1,ortholog_one2one,90.846,86.7913
ENSCAFG00000003692,,ENSG00000148175,STOM,ortholog_one2one,90.8451,89.5833
ENSCAFG00000029765,,ENSG00000204442,NALF1,ortholog_one2one,90.8451,84.4978
ENSCAFG00000002323,,ENSG00000071073,MGAT4A,ortholog_one2one,90.8451,96.4486
ENSCAFG00000013859,,ENSG00000092208,GEMIN2,ortholog_one2one,90.8425,88.5714
ENSCAFG00000016228,,ENSG00000135919,SERPINE2,ortholog_one2one,90.8416,89.731
ENSCAFG00000011239,,ENSG00000165813,CCDC186,ortholog_one2one,90.8389,91.6481
ENSCAFG00000001706,,ENSG00000096872,IFT74,ortholog_one2one,90.8333,90.8333
ENSCAFG00000019432,,ENSG00000133243,BTBD2,ortholog_one2one,90.8333,62.2857
ENSCAFG00000003995,,ENSG00000010810,FYN,ortholog_one2one,90.8319,99.6276
ENSCAFG00000004973,,ENSG00000048740,CELF2,ortholog_one2one,90.8257,92.8705
ENSCAFG00000018709,,ENSG00000109101,FOXN1,ortholog_one2one,90.8243,90.1235
ENSCAFG00000019954,,ENSG00000148358,GPR107,ortholog_one2one,90.8146,87.3333
ENSCAFG00000005890,,ENSG00000101323,HAO1,ortholog_one2one,90.8108,90.8108
ENSCAFG00000048940,,ENSG00000187186,LOC730098,ortholog_one2one,90.8046,90.8046
ENSCAFG00000005068,,ENSG00000178695,KCTD12,ortholog_one2one,90.8046,97.2308
ENSCAFG00000009526,,ENSG00000101098,RIMS4,ortholog_one2one,90.8046,87.7778
ENSCAFG00000004660,,ENSG00000213892,CEACAM16,ortholog_one2one,90.8019,90.5882
ENSCAFG00000031803,,ENSG00000163293,NIPAL1,ortholog_one2one,90.799,91.4634
ENSCAFG00000016534,,ENSG00000072110,ACTN1,ortholog_one2one,90.795,93.3333
ENSCAFG00000009480,,ENSG00000168734,PKIG,ortholog_one2one,90.7895,90.7895
ENSCAFG00000013555,,ENSG00000179774,ATOH7,ortholog_one2one,90.7895,90.7895
ENSCAFG00000002835,,ENSG00000119326,CTNNAL1,ortholog_one2one,90.7821,88.5559
ENSCAFG00000005519,,ENSG00000047056,WDR37,ortholog_one2one,90.7692,81.9444
ENSCAFG00000018686,,ENSG00000178127,NDUFV2,ortholog_one2one,90.7631,89.6825
ENSCAFG00000012578,,ENSG00000101180,HRH3,ortholog_one2one,90.7609,75.0562
ENSCAFG00000013239,,ENSG00000144306,SCRN3,ortholog_one2one,90.7583,90.3302
ENSCAFG00000003838,,ENSG00000225950,NTF4,ortholog_one2one,90.7407,93.3333
ENSCAFG00000003180,,ENSG00000115902,SLC1A4,ortholog_one2one,90.7372,90.2256
ENSCAFG00000012258,,ENSG00000087495,PHACTR3,ortholog_one2one,90.7308,91.0555
ENSCAFG00000035589,,ENSG00000237765,ZBED11,ortholog_one2one,90.7295,90.8676
ENSCAFG00000019359,,ENSG00000108405,P2RX1,ortholog_one2one,90.7268,90.7268
ENSCAFG00000003089,,ENSG00000111880,RNGTT,ortholog_one2one,90.7264,98.325
ENSCAFG00000005345,,ENSG00000197019,SERTAD1,ortholog_one2one,90.7173,91.1017
ENSCAFG00000009670,,ENSG00000124232,RBPJL,ortholog_one2one,90.7157,90.7157
ENSCAFG00000017944,,ENSG00000133138,TBC1D8B,ortholog_one2one,90.7143,90.7143
ENSCAFG00000009325,,ENSG00000115368,WDR75,ortholog_one2one,90.7117,90.6024
ENSCAFG00000013971,,ENSG00000074370,ATP2A3,ortholog_one2one,90.7021,90.8745
ENSCAFG00000001913,,ENSG00000170448,NFXL1,ortholog_one2one,90.7002,90.9989
ENSCAFG00000001234,,ENSG00000065060,BLTP3A,ortholog_one2one,90.6993,90.0694
ENSCAFG00000002531,,ENSG00000063245,EPN1,ortholog_one2one,90.6854,77.9456
ENSCAFG00000017660,,ENSG00000152223,EPG5,ortholog_one2one,90.676,90.5002
ENSCAFG00000014278,,ENSG00000144452,ABCA12,ortholog_one2one,90.6656,91.3295
ENSCAFG00000011015,,ENSG00000196141,SPATS2L,ortholog_one2one,90.6621,90.8163
ENSCAFG00000019411,,ENSG00000104904,OAZ1,ortholog_one2one,90.6593,72.3684
ENSCAFG00000002561,,ENSG00000179943,FIZ1,ortholog_one2one,90.6561,91.9355
ENSCAFG00000032312,,ENSG00000197016,ZNF470,ortholog_one2one,90.6555,90.6555
ENSCAFG00000004751,,ENSG00000176472,ZNF575,ortholog_one2one,90.6504,64.8256
ENSCAFG00000009904,,ENSG00000166171,DPCD,ortholog_one2one,90.6404,90.6404
ENSCAFG00000016179,,ENSG00000124313,IQSEC2,ortholog_one2one,90.6399,63.7769
ENSCAFG00000016656,,ENSG00000169083,AR,ortholog_one2one,90.6284,89.3478
ENSCAFG00000001547,,ENSG00000112164,GLP1R,ortholog_one2one,90.6179,85.5292
ENSCAFG00000014736,,ENSG00000070371,CLTCL1,ortholog_one2one,90.6157,92.439
ENSCAFG00000005044,,ENSG00000136111,TBC1D4,ortholog_one2one,90.6051,87.6733
ENSCAFG00000010742,,ENSG00000197121,PGAP1,ortholog_one2one,90.6048,90.9978
ENSCAFG00000014414,,ENSG00000144583,MARCHF4,ortholog_one2one,90.6024,91.7073
ENSCAFG00000000015,,ENSG00000166573,GALR1,ortholog_one2one,90.5983,91.1175
ENSCAFG00000002994,,ENSG00000135318,NT5E,ortholog_one2one,90.5782,73.6934
ENSCAFG00000001869,,ENSG00000165271,NOL6,ortholog_one2one,90.5759,90.5759
ENSCAFG00000000761,,ENSG00000213676,ATF6B,ortholog_one2one,90.5689,86.0597
ENSCAFG00000014410,,ENSG00000122863,CHST3,ortholog_one2one,90.566,90.1879
ENSCAFG00000031778,,ENSG00000007255,TRAPPC6A,ortholog_one2one,90.566,83.237
ENSCAFG00000004764,,ENSG00000102763,VWA8,ortholog_one2one,90.5651,91.706
ENSCAFG00000029445,,ENSG00000146047,H2BC1,ortholog_one2one,90.5512,90.5512
ENSCAFG00000015009,,ENSG00000099308,MAST3,ortholog_one2one,90.5488,90.7563
ENSCAFG00000007250,,ENSG00000032742,IFT88,ortholog_one2one,90.5455,89.6759
ENSCAFG00000000170,,ENSG00000185231,MC2R,ortholog_one2one,90.5405,90.2357
ENSCAFG00000001447,,ENSG00000128310,GALR3,ortholog_one2one,90.5405,91.0326
ENSCAFG00000029146,,ENSG00000119938,PPP1R3C,ortholog_one2one,90.5363,90.5363
ENSCAFG00000007410,,ENSG00000101400,SNTA1,ortholog_one2one,90.535,87.1287
ENSCAFG00000003533,,ENSG00000152034,MCHR2,ortholog_one2one,90.5325,90.0
ENSCAFG00000014602,,ENSG00000184160,ADRA2C,ortholog_one2one,90.5286,88.961
ENSCAFG00000001049,,ENSG00000100417,PMM1,ortholog_one2one,90.5263,65.6489
ENSCAFG00000015204,,ENSG00000070269,TMEM260,ortholog_one2one,90.5233,90.5233
ENSCAFG00000005730,,ENSG00000088387,DOCK9,ortholog_one2one,90.5204,92.7178
ENSCAFG00000019877,,ENSG00000165702,GFI1B,ortholog_one2one,90.5199,81.768
ENSCAFG00000028541,,ENSG00000120784,ZFP30,ortholog_one2one,90.5123,91.9075
ENSCAFG00000016465,,ENSG00000102316,MAGED2,ortholog_one2one,90.5009,86.4686
ENSCAFG00000003821,,ENSG00000150093,ITGB1,ortholog_one2one,90.4878,89.9394
ENSCAFG00000031608,,ENSG00000164978,NUDT2,ortholog_one2one,90.4762,90.4762
ENSCAFG00000023757,,ENSG00000197859,ADAMTSL2,ortholog_one2one,90.4712,81.5094
ENSCAFG00000000742,,ENSG00000130368,MAS1,ortholog_one2one,90.4615,90.4615
ENSCAFG00000018715,,ENSG00000087111,PIGS,ortholog_one2one,90.4504,90.4504
ENSCAFG00000018341,,ENSG00000176890,TYMS,ortholog_one2one,90.4459,90.7348
ENSCAFG00000000533,,ENSG00000204469,PRRC2A,ortholog_one2one,90.4412,91.2378
ENSCAFG00000018236,,ENSG00000130224,LRCH2,ortholog_one2one,90.4412,96.4706
ENSCAFG00000030725,,ENSG00000240065,PSMB9,ortholog_one2one,90.4306,86.3014
ENSCAFG00000017206,,ENSG00000050030,NEXMIF,ortholog_one2one,90.4227,90.3034
ENSCAFG00000013075,,ENSG00000147010,SH3KBP1,ortholog_one2one,90.4225,96.5414
ENSCAFG00000019330,,ENSG00000108381,ASPA,ortholog_one2one,90.4153,90.4153
ENSCAFG00000000017,,ENSG00000130856,ZNF236,ortholog_one2one,90.4139,89.8755
ENSCAFG00000006834,,ENSG00000125818,PSMF1,ortholog_one2one,90.4059,90.4059
ENSCAFG00000012031,,ENSG00000054796,SPO11,ortholog_one2one,90.404,90.404
ENSCAFG00000003110,,ENSG00000186889,TMEM17,ortholog_one2one,90.404,90.404
ENSCAFG00000001642,,ENSG00000124496,TRERF1,ortholog_one2one,90.3955,91.8033
ENSCAFG00000011991,,ENSG00000107560,RAB11FIP2,ortholog_one2one,90.3955,90.2256
ENSCAFG00000011260,,ENSG00000124207,CSE1L,ortholog_one2one,90.3918,99.794
ENSCAFG00000018668,,ENSG00000244045,VMA12,ortholog_one2one,90.3846,90.3846
ENSCAFG00000006524,,ENSG00000189042,ZNF567,ortholog_one2one,90.3817,91.4992
ENSCAFG00000000579,,ENSG00000100288,CHKB,ortholog_one2one,90.3797,90.3797
ENSCAFG00000018864,,ENSG00000147257,GPC3,ortholog_one2one,90.3752,91.874
ENSCAFG00000003564,,ENSG00000100316,RPL3,ortholog_one2one,90.3646,86.1042
ENSCAFG00000020118,,ENSG00000095370,SH2D3C,ortholog_one2one,90.3376,90.2326
ENSCAFG00000011217,,ENSG00000100461,RBM23,ortholog_one2one,90.3371,91.5718
ENSCAFG00000002655,,ENSG00000135297,MTO1,ortholog_one2one,90.3274,82.9235
ENSCAFG00000019582,,ENSG00000071553,ATP6AP1,ortholog_one2one,90.3226,89.3617
ENSCAFG00000030441,,ENSG00000128268,MGAT3,ortholog_one2one,90.3052,94.3715
ENSCAFG00000018691,,ENSG00000101745,ANKRD12,ortholog_one2one,90.3015,87.1484
ENSCAFG00000006032,,ENSG00000139826,ABHD13,ortholog_one2one,90.2703,99.1098
ENSCAFG00000019124,,ENSG00000167699,GLOD4,ortholog_one2one,90.2685,53.5857
ENSCAFG00000009725,,ENSG00000119906,SLF2,ortholog_one2one,90.2564,89.0388
ENSCAFG00000000267,,ENSG00000118503,TNFAIP3,ortholog_one2one,90.2532,90.2532
ENSCAFG00000002090,,ENSG00000128039,SRD5A3,ortholog_one2one,90.2516,90.2516
ENSCAFG00000042353,,ENSG00000213906,LTB4R2,ortholog_one2one,90.2507,83.2905
ENSCAFG00000001919,,ENSG00000164970,FAM219A,ortholog_one2one,90.2439,80.0
ENSCAFG00000018218,,ENSG00000126016,AMOT,ortholog_one2one,90.2304,90.3137
ENSCAFG00000032250,,ENSG00000176294,OR4N2,ortholog_one2one,90.228,90.228
ENSCAFG00000014453,,ENSG00000196526,AFAP1,ortholog_one2one,90.22,90.6634
ENSCAFG00000007356,,ENSG00000186191,BPIFB4,ortholog_one2one,90.2192,72.6902
ENSCAFG00000019605,,ENSG00000269335,IKBKG,ortholog_one2one,90.2148,77.6181
ENSCAFG00000002919,,ENSG00000115380,EFEMP1,ortholog_one2one,90.2111,95.3347
ENSCAFG00000005515,,ENSG00000165621,OXGR1,ortholog_one2one,90.2077,90.2077
ENSCAFG00000029579,,ENSG00000187792,ZNF70,ortholog_one2one,90.2004,90.8072
ENSCAFG00000002698,,ENSG00000170820,FSHR,ortholog_one2one,90.1989,91.3669
ENSCAFG00000006630,,ENSG00000187714,SLC18A3,ortholog_one2one,90.1961,86.4662
ENSCAFG00000002425,,ENSG00000114982,KANSL3,ortholog_one2one,90.1961,91.5929
ENSCAFG00000011486,,ENSG00000158480,SPATA2,ortholog_one2one,90.1923,90.1923
ENSCAFG00000010516,,ENSG00000065613,SLK,ortholog_one2one,90.1771,90.6883
ENSCAFG00000002189,,ENSG00000174799,CEP135,ortholog_one2one,90.1668,90.0877
ENSCAFG00000001134,,ENSG00000196236,XPNPEP3,ortholog_one2one,90.1575,90.3353
ENSCAFG00000002127,,ENSG00000203972,GLYATL3,ortholog_one2one,90.1408,88.8889
ENSCAFG00000019187,,ENSG00000007264,MATK,ortholog_one2one,90.1381,89.9606
ENSCAFG00000024064,,ENSG00000130477,UNC13A,ortholog_one2one,90.1348,85.4239
ENSCAFG00000004094,,ENSG00000198719,DLL1,ortholog_one2one,90.1306,85.8921
ENSCAFG00000023938,,ENSG00000151025,GPR158,ortholog_one2one,90.1255,88.642
ENSCAFG00000019296,,ENSG00000127804,METTL16,ortholog_one2one,90.1213,92.5267
ENSCAFG00000015159,,ENSG00000105639,JAK3,ortholog_one2one,90.1179,88.4342
ENSCAFG00000013983,,ENSG00000197467,COL13A1,ortholog_one2one,90.1114,88.8736
ENSCAFG00000000718,,ENSG00000100425,BRD1,ortholog_one2one,90.1046,94.1968
ENSCAFG00000002627,,ENSG00000116016,EPAS1,ortholog_one2one,90.0922,89.8851
ENSCAFG00000030575,,ENSG00000171827,ZNF570,ortholog_one2one,90.0885,85.9797
ENSCAFG00000016521,,ENSG00000132000,PODNL1,ortholog_one2one,90.087,90.2439
ENSCAFG00000011973,,ENSG00000183579,ZNRF3,ortholog_one2one,90.0846,79.594
ENSCAFG00000004391,,ENSG00000236444,UBE2L5,ortholog_one2one,90.0826,70.7792
ENSCAFG00000007157,,ENSG00000089351,GRAMD1A,ortholog_one2one,90.0726,92.1933
ENSCAFG00000020131,,ENSG00000136830,NIBAN2,ortholog_one2one,90.0671,89.9464
ENSCAFG00000018777,,ENSG00000165675,ENOX2,ortholog_one2one,90.0612,96.5574
ENSCAFG00000011107,,ENSG00000165752,STK32C,ortholog_one2one,90.0553,67.0782
ENSCAFG00000019425,,ENSG00000065000,AP3D1,ortholog_one2one,90.0493,90.1235
ENSCAFG00000001239,,ENSG00000064995,TAF11,ortholog_one2one,90.0474,90.0474
ENSCAFG00000011592,,ENSG00000123607,TTC21B,ortholog_one2one,90.0456,90.0456
ENSCAFG00000004584,,ENSG00000102804,TSC22D1,ortholog_one2one,90.0372,90.1212
ENSCAFG00000023975,,ENSG00000165996,HACD1,ortholog_one2one,90.0344,90.9722
ENSCAFG00000018726,,ENSG00000085185,BCORL1,ortholog_one2one,90.0336,93.9801
ENSCAFG00000005800,,ENSG00000125245,GPR18,ortholog_one2one,90.0302,90.0302
ENSCAFG00000001143,,ENSG00000128285,MCHR1,ortholog_one2one,90.0277,77.0142
ENSCAFG00000002264,,ENSG00000112146,FBXO9,ortholog_one2one,90.0217,92.8412
ENSCAFG00000018960,,ENSG00000167549,CORO6,ortholog_one2one,90.0196,97.4576
ENSCAFG00000005476,,ENSG00000125888,BANF2,ortholog_one2one,90.0,83.5052
ENSCAFG00000002793,,ENSG00000146243,IRAK1BP1,ortholog_one2one,90.0,90.0
ENSCAFG00000016485,,ENSG00000182185,RAD51B,ortholog_one2one,90.0,74.1176
ENSCAFG00000045412,,ENSG00000124440,HIF3A,ortholog_one2one,89.9844,85.9492
ENSCAFG00000023267,,ENSG00000146143,PRIM2,ortholog_one2one,89.9804,76.9748
ENSCAFG00000006701,,ENSG00000102755,FLT1,ortholog_one2one,89.9776,89.9103
ENSCAFG00000013390,,ENSG00000144320,LNPK,ortholog_one2one,89.9767,84.0959
ENSCAFG00000000889,,ENSG00000178033,CALHM5,ortholog_one2one,89.9676,89.9676
ENSCAFG00000000430,,ENSG00000091831,ESR1,ortholog_one2one,89.9666,90.4202
ENSCAFG00000006507,,ENSG00000198824,CHAMP1,ortholog_one2one,89.9619,87.1921
ENSCAFG00000000827,,ENSG00000077935,SMC1B,ortholog_one2one,89.9595,89.9595
ENSCAFG00000019378,,ENSG00000172009,THOP1,ortholog_one2one,89.9563,89.6952
ENSCAFG00000017681,,ENSG00000132872,SYT4,ortholog_one2one,89.9543,92.7059
ENSCAFG00000017392,,ENSG00000130175,PRKCSH,ortholog_one2one,89.9441,90.2804
ENSCAFG00000017797,,ENSG00000172465,TCEAL1,ortholog_one2one,89.9371,89.9371
ENSCAFG00000000699,,ENSG00000073150,PANX2,ortholog_one2one,89.9351,81.8316
ENSCAFG00000014331,,ENSG00000184162,NR2C2AP,ortholog_one2one,89.9281,74.8503
ENSCAFG00000000720,,ENSG00000120437,ACAT2,ortholog_one2one,89.9244,89.9244
ENSCAFG00000019672,,ENSG00000165688,PMPCA,ortholog_one2one,89.924,90.0952
ENSCAFG00000024647,,ENSG00000206075,SERPINB5,ortholog_one2one,89.9225,92.8
ENSCAFG00000000021,,ENSG00000180011,PTGR3,ortholog_one2one,89.9204,89.9204
ENSCAFG00000015249,,ENSG00000053770,AP5M1,ortholog_one2one,89.9194,88.4921
ENSCAFG00000000907,,ENSG00000159307,SCUBE1,ortholog_one2one,89.9101,91.0931
ENSCAFG00000010868,,ENSG00000119927,GPAM,ortholog_one2one,89.9093,95.7729
ENSCAFG00000018309,,ENSG00000101557,USP14,ortholog_one2one,89.9083,99.1903
ENSCAFG00000002677,,ENSG00000204246,OR13C3,ortholog_one2one,89.9054,82.1326
ENSCAFG00000018610,,ENSG00000125733,TRIP10,ortholog_one2one,89.9054,94.8419
ENSCAFG00000003723,,ENSG00000130348,QRSL1,ortholog_one2one,89.899,50.5682
ENSCAFG00000014944,,ENSG00000130985,UBA1,ortholog_one2one,89.8876,90.7372
ENSCAFG00000032183,,ENSG00000126821,SGPP1,ortholog_one2one,89.8876,90.7029
ENSCAFG00000000807,,ENSG00000164458,TBXT,ortholog_one2one,89.8851,89.6789
ENSCAFG00000030216,,ENSG00000129480,DTD2,ortholog_one2one,89.881,89.881
ENSCAFG00000019981,,ENSG00000136816,TOR1B,ortholog_one2one,89.881,89.881
ENSCAFG00000029722,,ENSG00000160606,TLCD1,ortholog_one2one,89.8785,89.8785
ENSCAFG00000005838,,ENSG00000175198,PCCA,ortholog_one2one,89.8769,90.2473
ENSCAFG00000013362,,ENSG00000183671,CMKLR2,ortholog_one2one,89.8592,89.8592
ENSCAFG00000005571,,ENSG00000101247,NDUFAF5,ortholog_one2one,89.8551,89.8551
ENSCAFG00000010661,,ENSG00000108039,XPNPEP1,ortholog_one2one,89.8551,93.0931
ENSCAFG00000005251,,ENSG00000188559,RALGAPA2,ortholog_one2one,89.849,92.1516
ENSCAFG00000014989,,ENSG00000198554,WDHD1,ortholog_one2one,89.8459,87.7768
ENSCAFG00000002020,,ENSG00000001561,ENPP4,ortholog_one2one,89.8455,89.8455
ENSCAFG00000017953,,ENSG00000133131,MORC4,ortholog_one2one,89.8396,89.6478
ENSCAFG00000019094,,ENSG00000155966,AFF2,ortholog_one2one,89.8396,89.7025
ENSCAFG00000002404,,ENSG00000158158,CNNM4,ortholog_one2one,89.8241,92.2581
ENSCAFG00000004265,,ENSG00000185875,THNSL1,ortholog_one2one,89.8236,89.0983
ENSCAFG00000002699,,ENSG00000088038,CNOT3,ortholog_one2one,89.8089,93.6255
ENSCAFG00000017525,,ENSG00000165914,TTC7B,ortholog_one2one,89.8053,93.0012
ENSCAFG00000000612,,ENSG00000100241,SBF1,ortholog_one2one,89.7998,75.8056
ENSCAFG00000005338,,ENSG00000090013,BLVRB,ortholog_one2one,89.7959,89.7959
ENSCAFG00000002494,,ENSG00000119514,GALNT12,ortholog_one2one,89.7924,89.3287
ENSCAFG00000005957,,ENSG00000011332,DPF1,ortholog_one2one,89.7849,80.6763
ENSCAFG00000012891,,ENSG00000116117,PARD3B,ortholog_one2one,89.784,89.7095
ENSCAFG00000031350,,ENSG00000217442,SYCE3,ortholog_one2one,89.7727,89.7727
ENSCAFG00000042407,,ENSG00000267534,S1PR2,ortholog_one2one,89.7727,89.5184
ENSCAFG00000002487,,ENSG00000136928,GABBR2,ortholog_one2one,89.7704,91.3921
ENSCAFG00000011384,,ENSG00000124228,DDX27,ortholog_one2one,89.7698,88.191
ENSCAFG00000012612,,ENSG00000115806,GORASP2,ortholog_one2one,89.7603,91.1504
ENSCAFG00000044970,,ENSG00000129355,CDKN2D,ortholog_one2one,89.759,89.759
ENSCAFG00000006187,,ENSG00000125817,CENPB,ortholog_one2one,89.7561,92.1536
ENSCAFG00000014833,,ENSG00000070413,DGCR2,ortholog_one2one,89.7526,92.3636
ENSCAFG00000017377,,ENSG00000070778,PTPN21,ortholog_one2one,89.7436,89.4378
ENSCAFG00000000294,,ENSG00000135577,NMBR,ortholog_one2one,89.7436,89.7436
ENSCAFG00000004045,,ENSG00000165322,ARHGAP12,ortholog_one2one,89.7436,95.1537
ENSCAFG00000000070,,ENSG00000081913,PHLPP1,ortholog_one2one,89.7418,74.8981
ENSCAFG00000030409,,ENSG00000100603,SNW1,ortholog_one2one,89.7388,84.2382
ENSCAFG00000040985,,ENSG00000112038,OPRM1,ortholog_one2one,89.7375,76.2677
ENSCAFG00000007985,,ENSG00000138193,PLCE1,ortholog_one2one,89.7358,90.0087
ENSCAFG00000010177,,ENSG00000165097,KDM1B,ortholog_one2one,89.7347,94.5322
ENSCAFG00000001498,,ENSG00000107186,MPDZ,ortholog_one2one,89.7315,91.4108
ENSCAFG00000001572,,ENSG00000124602,UNC5CL,ortholog_one2one,89.7287,89.3822
ENSCAFG00000009977,,ENSG00000112186,CAP2,ortholog_one2one,89.7275,89.7275
ENSCAFG00000009185,,ENSG00000165887,ANKRD2,ortholog_one2one,89.7222,89.7222
ENSCAFG00000000272,,ENSG00000112379,ARFGEF3,ortholog_one2one,89.7192,90.9968
ENSCAFG00000002196,,ENSG00000112118,MCM3,ortholog_one2one,89.7185,85.932
ENSCAFG00000047105,,ENSG00000179772,FOXS1,ortholog_one2one,89.697,89.697
ENSCAFG00000010608,,ENSG00000120051,CFAP58,ortholog_one2one,89.6907,89.7936
ENSCAFG00000002278,,ENSG00000158417,EIF5B,ortholog_one2one,89.6764,95.4098
ENSCAFG00000017948,,ENSG00000078304,PPP2R5C,ortholog_one2one,89.6673,92.2523
ENSCAFG00000007114,,ENSG00000165733,BMS1,ortholog_one2one,89.6659,90.0156
ENSCAFG00000018914,,ENSG00000165359,INTS6L,ortholog_one2one,89.6592,84.9666
ENSCAFG00000014240,,ENSG00000150722,PPP1R1C,ortholog_one2one,89.6552,89.6552
ENSCAFG00000017223,,ENSG00000102383,ZDHHC15,ortholog_one2one,89.645,89.911
ENSCAFG00000018747,,ENSG00000156709,AIFM1,ortholog_one2one,89.644,89.0675
ENSCAFG00000001562,,ENSG00000173068,BNC2,ortholog_one2one,89.6315,95.1774
ENSCAFG00000019633,,ENSG00000148400,NOTCH1,ortholog_one2one,89.6296,89.9804
ENSCAFG00000028758,,ENSG00000163738,MTHFD2L,ortholog_one2one,89.6254,89.6254
ENSCAFG00000009833,,ENSG00000107807,TLX1,ortholog_one2one,89.6142,91.5152
ENSCAFG00000003757,,ENSG00000081087,OSTM1,ortholog_one2one,89.6024,87.7245
ENSCAFG00000010536,,ENSG00000079691,CARMIL1,ortholog_one2one,89.6022,93.6543
ENSCAFG00000046076,,ENSG00000179083,FAM133A,ortholog_one2one,89.6,90.3226
ENSCAFG00000018408,,ENSG00000185024,BRF1,ortholog_one2one,89.5935,81.3885
ENSCAFG00000007578,,ENSG00000078804,TP53INP2,ortholog_one2one,89.5928,90.0
ENSCAFG00000003109,,ENSG00000112159,MDN1,ortholog_one2one,89.5923,89.5282
ENSCAFG00000017200,,ENSG00000039987,BEST2,ortholog_one2one,89.5874,89.5874
ENSCAFG00000017918,,ENSG00000186812,ZNF397,ortholog_one2one,89.5833,88.5768
ENSCAFG00000009663,,ENSG00000099194,SCD,ortholog_one2one,89.5775,88.5794
ENSCAFG00000031627,,ENSG00000196990,FAM163B,ortholog_one2one,89.5705,87.9518
ENSCAFG00000002240,,ENSG00000137133,HINT2,ortholog_one2one,89.5705,89.5705
ENSCAFG00000001553,,ENSG00000100348,TXN2,ortholog_one2one,89.5705,87.9518
ENSCAFG00000029700,,ENSG00000139679,LPAR6,ortholog_one2one,89.5652,89.8256
ENSCAFG00000024397,,ENSG00000165204,OR1K1,ortholog_one2one,89.557,89.557
ENSCAFG00000018159,,ENSG00000198752,CDC42BPB,ortholog_one2one,89.5522,91.1748
ENSCAFG00000017302,,ENSG00000165409,TSHR,ortholog_one2one,89.5288,89.5288
ENSCAFG00000006019,,ENSG00000150893,FREM2,ortholog_one2one,89.5202,89.492
ENSCAFG00000002927,,ENSG00000055813,CCDC85A,ortholog_one2one,89.5161,80.2893
ENSCAFG00000018737,,ENSG00000154856,APCDD1,ortholog_one2one,89.5146,89.6887
ENSCAFG00000007186,,ENSG00000101346,POFUT1,ortholog_one2one,89.5141,90.2062
ENSCAFG00000029848,,ENSG00000101084,RAB5IF,ortholog_one2one,89.5105,89.5105
ENSCAFG00000013203,,ENSG00000129518,EAPP,ortholog_one2one,89.5105,89.8246
ENSCAFG00000000239,,ENSG00000171408,PDE7B,ortholog_one2one,89.505,90.0398
ENSCAFG00000002805,,ENSG00000198092,TMPRSS11F,ortholog_one2one,89.4977,89.4977
ENSCAFG00000011972,,ENSG00000165650,PDZD8,ortholog_one2one,89.4782,90.6413
ENSCAFG00000006605,,ENSG00000105261,OVOL3,ortholog_one2one,89.4737,79.4393
ENSCAFG00000019390,,ENSG00000181090,EHMT1,ortholog_one2one,89.4737,89.0601
ENSCAFG00000002546,,ENSG00000143919,CAMKMT,ortholog_one2one,89.4737,89.4737
ENSCAFG00000018071,,ENSG00000130803,ZNF317,ortholog_one2one,89.4649,89.916
ENSCAFG00000006425,,ENSG00000185019,UBOX5,ortholog_one2one,89.464,89.464
ENSCAFG00000018888,,ENSG00000108256,NUFIP2,ortholog_one2one,89.4591,92.8058
ENSCAFG00000019371,,ENSG00000074356,NCBP3,ortholog_one2one,89.4569,90.3226
ENSCAFG00000012049,,ENSG00000196497,IPO4,ortholog_one2one,89.45,91.7669
ENSCAFG00000012774,,ENSG00000169891,REPS2,ortholog_one2one,89.4495,88.6364
ENSCAFG00000015641,,ENSG00000124006,OBSL1,ortholog_one2one,89.4491,90.77
ENSCAFG00000028579,,ENSG00000185924,RTN4RL1,ortholog_one2one,89.4382,90.2494
ENSCAFG00000028858,,ENSG00000112214,FHL5,ortholog_one2one,89.4366,89.4366
ENSCAFG00000011980,,ENSG00000073734,ABCB11,ortholog_one2one,89.434,89.7048
ENSCAFG00000000184,,ENSG00000079931,MOXD1,ortholog_one2one,89.4309,89.7227
ENSCAFG00000005355,,ENSG00000160396,HIPK4,ortholog_one2one,89.4309,89.2857
ENSCAFG00000012375,,ENSG00000100968,NFATC4,ortholog_one2one,89.4292,87.7593
ENSCAFG00000012834,,ENSG00000100036,SLC35E4,ortholog_one2one,89.4286,89.4286
ENSCAFG00000013791,,ENSG00000165732,DDX21,ortholog_one2one,89.4268,89.6552
ENSCAFG00000014671,,ENSG00000167487,KLHL26,ortholog_one2one,89.426,96.2602
ENSCAFG00000003828,,ENSG00000112365,ZBTB24,ortholog_one2one,89.4203,88.5222
ENSCAFG00000012201,,ENSG00000169249,ZRSR2,ortholog_one2one,89.4168,85.8921
ENSCAFG00000019109,,ENSG00000105251,SHD,ortholog_one2one,89.4118,89.4118
ENSCAFG00000013271,,ENSG00000115935,WIPF1,ortholog_one2one,89.4118,89.4118
ENSCAFG00000018859,,ENSG00000105426,PTPRS,ortholog_one2one,89.4063,78.8501
ENSCAFG00000018855,,ENSG00000128789,PSMG2,ortholog_one2one,89.3939,89.3939
ENSCAFG00000010832,,ENSG00000165929,TC2N,ortholog_one2one,89.3878,89.3878
ENSCAFG00000030208,,ENSG00000128242,GAL3ST1,ortholog_one2one,89.3868,89.5981
ENSCAFG00000001802,,ENSG00000188848,BEND4,ortholog_one2one,89.3827,67.7903
ENSCAFG00000000094,,ENSG00000074695,LMAN1,ortholog_one2one,89.3822,90.7843
ENSCAFG00000000860,,ENSG00000130396,AFDN,ortholog_one2one,89.3777,90.8397
ENSCAFG00000015326,,ENSG00000017483,SLC38A5,ortholog_one2one,89.3764,81.9915
ENSCAFG00000025256,,ENSG00000188352,FOCAD,ortholog_one2one,89.3688,89.6169
ENSCAFG00000005634,,ENSG00000104825,NFKBIB,ortholog_one2one,89.3557,89.6067
ENSCAFG00000019236,,ENSG00000167716,WDR81,ortholog_one2one,89.3361,88.0474
ENSCAFG00000017980,,ENSG00000141431,ASXL3,ortholog_one2one,89.3291,88.2562
ENSCAFG00000009469,,ENSG00000119919,NKX2-3,ortholog_one2one,89.3151,89.5604
ENSCAFG00000002678,,ENSG00000148136,OR13C4,ortholog_one2one,89.3082,89.3082
ENSCAFG00000019882,,ENSG00000165699,TSC1,ortholog_one2one,89.3071,89.6907
ENSCAFG00000005015,,ENSG00000142039,CCDC97,ortholog_one2one,89.3064,90.0875
ENSCAFG00000005909,,ENSG00000171777,RASGRP4,ortholog_one2one,89.3016,89.3016
ENSCAFG00000011839,,ENSG00000019186,CYP24A1,ortholog_one2one,89.2996,89.2996
ENSCAFG00000002112,,ENSG00000135966,TGFBRAP1,ortholog_one2one,89.2899,89.186
ENSCAFG00000013388,,ENSG00000123130,ACOT9,ortholog_one2one,89.2857,89.2857
ENSCAFG00000049427,,ENSG00000213741,RPS29,ortholog_one2one,89.2857,57.4713
ENSCAFG00000019898,,ENSG00000196358,NTNG2,ortholog_one2one,89.272,87.9245
ENSCAFG00000009467,,ENSG00000198130,HIBCH,ortholog_one2one,89.267,88.342
ENSCAFG00000001853,,ENSG00000124574,ABCC10,ortholog_one2one,89.2617,89.1421
ENSCAFG00000009411,,ENSG00000101076,HNF4A,ortholog_one2one,89.2562,91.1392
ENSCAFG00000020089,,ENSG00000148334,PTGES2,ortholog_one2one,89.2473,88.0637
ENSCAFG00000006728,,ENSG00000126259,KIRREL2,ortholog_one2one,89.2351,88.983
ENSCAFG00000024189,,ENSG00000132386,SERPINF1,ortholog_one2one,89.2345,89.2345
ENSCAFG00000007908,,ENSG00000095464,PDE6C,ortholog_one2one,89.2308,87.8788
ENSCAFG00000023943,,ENSG00000196357,ZNF565,ortholog_one2one,89.2308,86.0853
ENSCAFG00000018943,,ENSG00000102239,BRS3,ortholog_one2one,89.2231,89.2231
ENSCAFG00000029842,,ENSG00000185022,MAFF,ortholog_one2one,89.2216,90.8537
ENSCAFG00000012660,,ENSG00000115827,DCAF17,ortholog_one2one,89.2193,92.3077
ENSCAFG00000044126,,ENSG00000115541,HSPE1,ortholog_one2one,89.2157,89.2157
ENSCAFG00000007590,,ENSG00000168813,ZNF507,ortholog_one2one,89.2147,89.0282
ENSCAFG00000023061,,ENSG00000153201,RANBP2,ortholog_one2one,89.2061,88.1824
ENSCAFG00000005194,,ENSG00000170525,PFKFB3,ortholog_one2one,89.1993,84.331
ENSCAFG00000015412,,ENSG00000109705,NKX3-2,ortholog_one2one,89.1892,89.1892
ENSCAFG00000030705,,ENSG00000130640,TUBGCP2,ortholog_one2one,89.1862,86.0215
ENSCAFG00000009885,,ENSG00000008083,JARID2,ortholog_one2one,89.1851,93.9807
ENSCAFG00000032369,,ENSG00000177108,ZDHHC22,ortholog_one2one,89.1791,90.8745
ENSCAFG00000006209,,ENSG00000132622,HSPA12B,ortholog_one2one,89.1746,96.0641
ENSCAFG00000006672,,ENSG00000070748,CHAT,ortholog_one2one,89.1729,79.2781
ENSCAFG00000002031,,ENSG00000184178,SCFD2,ortholog_one2one,89.1654,89.0351
ENSCAFG00000003894,,ENSG00000150054,MPP7,ortholog_one2one,89.1586,95.6597
ENSCAFG00000003678,,ENSG00000108100,CCNY,ortholog_one2one,89.1566,86.8035
ENSCAFG00000018466,,ENSG00000184060,ADAP2,ortholog_one2one,89.1473,89.1473
ENSCAFG00000016453,,ENSG00000072071,ADGRL1,ortholog_one2one,89.1411,98.5753
ENSCAFG00000006878,,ENSG00000272333,KMT2B,ortholog_one2one,89.1329,88.2136
ENSCAFG00000029506,,ENSG00000124767,GLO1,ortholog_one2one,89.1304,89.1304
ENSCAFG00000029120,,ENSG00000147246,HTR2C,ortholog_one2one,89.1213,93.0131
ENSCAFG00000012819,,ENSG00000008086,CDKL5,ortholog_one2one,89.1109,86.6019
ENSCAFG00000017618,,ENSG00000102385,DRP2,ortholog_one2one,89.0909,92.163
ENSCAFG00000004130,,ENSG00000078114,NEBL,ortholog_one2one,89.0855,89.3491
ENSCAFG00000000282,,ENSG00000112406,HECA,ortholog_one2one,89.0688,81.0313
ENSCAFG00000000607,,ENSG00000204427,ABHD16A,ortholog_one2one,89.0653,90.5018
ENSCAFG00000006098,,ENSG00000102710,SUPT20H,ortholog_one2one,89.057,94.328
ENSCAFG00000005289,,ENSG00000184564,SLITRK6,ortholog_one2one,89.0536,92.8656
ENSCAFG00000030997,,ENSG00000151468,CCDC3,ortholog_one2one,89.0511,90.3704
ENSCAFG00000019339,,ENSG00000196689,TRPV1,ortholog_one2one,89.0476,88.0
ENSCAFG00000011872,,ENSG00000152254,G6PC2,ortholog_one2one,89.0449,89.2958
ENSCAFG00000016186,,ENSG00000171951,SCG2,ortholog_one2one,89.0435,82.9822
ENSCAFG00000005997,,ENSG00000125772,GPCPD1,ortholog_one2one,89.019,90.4762
ENSCAFG00000006901,,ENSG00000127870,RNF6,ortholog_one2one,89.019,88.7591
ENSCAFG00000000312,,ENSG00000112419,PHACTR2,ortholog_one2one,89.0093,89.1473
ENSCAFG00000014406,,ENSG00000171657,GPR82,ortholog_one2one,88.9881,88.9881
ENSCAFG00000000981,,ENSG00000204209,DAXX,ortholog_one2one,88.9796,88.3784
ENSCAFG00000013039,,ENSG00000138311,ZNF365,ortholog_one2one,88.9706,89.1892
ENSCAFG00000002554,,ENSG00000068784,SRBD1,ortholog_one2one,88.9662,89.9497
ENSCAFG00000009350,,ENSG00000119943,PYROXD2,ortholog_one2one,88.9655,88.8124
ENSCAFG00000028962,,ENSG00000183032,SLC25A21,ortholog_one2one,88.9632,88.9632
ENSCAFG00000025368,,ENSG00000184394,OR4N5,ortholog_one2one,88.961,88.961
ENSCAFG00000014267,,ENSG00000167491,GATAD2A,ortholog_one2one,88.9561,92.7445
ENSCAFG00000031204,,ENSG00000148908,RGS10,ortholog_one2one,88.9503,88.9503
ENSCAFG00000005022,,ENSG00000165632,TAF3,ortholog_one2one,88.9485,89.2357
ENSCAFG00000001106,,ENSG00000196569,LAMA2,ortholog_one2one,88.946,88.6611
ENSCAFG00000005998,,ENSG00000183722,LHFPL6,ortholog_one2one,88.9401,96.5
ENSCAFG00000002608,,ENSG00000105063,PPP6R1,ortholog_one2one,88.9396,88.5358
ENSCAFG00000005187,,ENSG00000136160,EDNRB,ortholog_one2one,88.939,74.0602
ENSCAFG00000006608,,ENSG00000088882,CPXM1,ortholog_one2one,88.9344,88.6921
ENSCAFG00000025002,,ENSG00000197635,DPP4,ortholog_one2one,88.9344,84.9869
ENSCAFG00000009563,,ENSG00000124784,RIOK1,ortholog_one2one,88.9279,89.0845
ENSCAFG00000017070,,ENSG00000104907,TRMT1,ortholog_one2one,88.9226,88.9226
ENSCAFG00000006199,,ENSG00000068650,ATP11A,ortholog_one2one,88.9167,89.5886
ENSCAFG00000016041,,ENSG00000135903,PAX3,ortholog_one2one,88.9105,90.495
ENSCAFG00000004409,,ENSG00000125746,EML2,ortholog_one2one,88.9013,93.2941
ENSCAFG00000015071,,ENSG00000198925,ATG9A,ortholog_one2one,88.9009,98.3313
ENSCAFG00000007025,,ENSG00000188508,KRTDAP,ortholog_one2one,88.8889,88.8889
ENSCAFG00000043258,,ENSG00000232838,PET117,ortholog_one2one,88.8889,88.8889
ENSCAFG00000014887,,ENSG00000163481,RNF25,ortholog_one2one,88.8889,88.8889
ENSCAFG00000000256,,ENSG00000182747,SLC35D3,ortholog_one2one,88.8889,90.3846
ENSCAFG00000017434,,ENSG00000105518,TMEM205,ortholog_one2one,88.8889,88.8889
ENSCAFG00000009819,,ENSG00000064601,CTSA,ortholog_one2one,88.8668,89.759
ENSCAFG00000000636,,ENSG00000204394,VARS1,ortholog_one2one,88.8636,92.8006
ENSCAFG00000014319,,ENSG00000107731,UNC5B,ortholog_one2one,88.8557,94.4974
ENSCAFG00000002704,,ENSG00000130433,CACNG6,ortholog_one2one,88.8462,88.8462
ENSCAFG00000014872,,ENSG00000196968,POFUT4,ortholog_one2one,88.8438,89.0244
ENSCAFG00000019566,,ENSG00000165716,DIPK1B,ortholog_one2one,88.8372,88.6311
ENSCAFG00000006189,,ENSG00000133101,CCNA1,ortholog_one2one,88.8361,80.4301
ENSCAFG00000029466,,ENSG00000180251,SLC9A4,ortholog_one2one,88.8331,88.7218
ENSCAFG00000018751,,ENSG00000187650,VMAC,ortholog_one2one,88.8235,89.3491
ENSCAFG00000000448,,ENSG00000204580,DDR1,ortholog_one2one,88.8211,95.1034
ENSCAFG00000001774,,ENSG00000044090,CUL7,ortholog_one2one,88.8099,84.1751
ENSCAFG00000003598,,ENSG00000187772,LIN28B,ortholog_one2one,88.8031,89.1473
ENSCAFG00000019249,,ENSG00000132383,RPA1,ortholog_one2one,88.7987,88.7987
ENSCAFG00000017366,,ENSG00000197256,KANK2,ortholog_one2one,88.7981,88.5914
ENSCAFG00000015807,,ENSG00000151224,MAT1A,ortholog_one2one,88.785,96.2025
ENSCAFG00000018814,,ENSG00000130254,SAFB2,ortholog_one2one,88.7841,88.8772
ENSCAFG00000028746,,ENSG00000188385,JAKMIP3,ortholog_one2one,88.7838,66.3636
ENSCAFG00000046909,,ENSG00000188000,OR7D2,ortholog_one2one,88.7821,88.7821
ENSCAFG00000017951,,ENSG00000134769,DTNA,ortholog_one2one,88.7793,96.9044
ENSCAFG00000016306,,ENSG00000047365,ARAP2,ortholog_one2one,88.7742,80.7512
ENSCAFG00000018934,,ENSG00000276043,UHRF1,ortholog_one2one,88.7626,82.0303
ENSCAFG00000002119,,ENSG00000135973,GPR45,ortholog_one2one,88.7399,88.9785
ENSCAFG00000023155,,ENSG00000160888,IER2,ortholog_one2one,88.7387,88.3408
ENSCAFG00000015966,,ENSG00000062650,WAPL,ortholog_one2one,88.7335,95.9664
ENSCAFG00000016633,,ENSG00000089472,HEPH,ortholog_one2one,88.7276,85.7261
ENSCAFG00000017204,,ENSG00000151445,VIPAS39,ortholog_one2one,88.716,87.8613
ENSCAFG00000032750,,ENSG00000173559,NABP1,ortholog_one2one,88.7097,53.9216
ENSCAFG00000015161,,ENSG00000148660,CAMK2G,ortholog_one2one,88.707,97.1326
ENSCAFG00000017308,,ENSG00000140022,STON2,ortholog_one2one,88.7043,81.9857
ENSCAFG00000000784,,ENSG00000075234,TTC38,ortholog_one2one,88.6994,88.6994
ENSCAFG00000001114,,ENSG00000146376,ARHGAP18,ortholog_one2one,88.697,85.2187
ENSCAFG00000003351,,ENSG00000157693,TMEM268,ortholog_one2one,88.6957,89.2128
ENSCAFG00000007465,,ENSG00000131941,RHPN2,ortholog_one2one,88.6905,86.8805
ENSCAFG00000018735,,ENSG00000102034,ELF4,ortholog_one2one,88.6878,88.6878
ENSCAFG00000009684,,ENSG00000244274,DBNDD2,ortholog_one2one,88.6792,54.4402
ENSCAFG00000002089,,ENSG00000198087,CD2AP,ortholog_one2one,88.6677,90.6103
ENSCAFG00000011075,,ENSG00000214717,ZBED1,ortholog_one2one,88.6657,89.049
ENSCAFG00000007119,,ENSG00000101331,CCM2L,ortholog_one2one,88.6562,88.9667
ENSCAFG00000023249,,ENSG00000160161,CILP2,ortholog_one2one,88.65,88.7263
ENSCAFG00000000874,,ENSG00000186340,THBS2,ortholog_one2one,88.6325,88.1054
ENSCAFG00000018442,,ENSG00000101577,LPIN2,ortholog_one2one,88.6291,93.0804
ENSCAFG00000002065,,ENSG00000157404,KIT,ortholog_one2one,88.6154,88.5246
ENSCAFG00000012765,,ENSG00000119004,CYP20A1,ortholog_one2one,88.5965,85.9574
ENSCAFG00000020054,,ENSG00000136811,ODF2,ortholog_one2one,88.5965,97.4668
ENSCAFG00000023821,,ENSG00000197446,CYP2F1,ortholog_one2one,88.5947,88.5947
ENSCAFG00000000583,,ENSG00000171217,CLDN20,ortholog_one2one,88.5845,88.5845
ENSCAFG00000004755,,ENSG00000105755,ETHE1,ortholog_one2one,88.5827,86.5385
ENSCAFG00000003260,,ENSG00000115956,PLEK,ortholog_one2one,88.5794,90.8571
ENSCAFG00000004563,,ENSG00000104866,PPP1R37,ortholog_one2one,88.5714,89.725
ENSCAFG00000016265,,ENSG00000181826,RELL1,ortholog_one2one,88.5609,88.5609
ENSCAFG00000006384,,ENSG00000198176,TFDP1,ortholog_one2one,88.5583,94.3902
ENSCAFG00000008947,,ENSG00000170471,RALGAPB,ortholog_one2one,88.5524,97.8581
ENSCAFG00000012594,,ENSG00000169895,SYAP1,ortholog_one2one,88.5475,90.0568
ENSCAFG00000009582,,ENSG00000239264,TXNDC5,ortholog_one2one,88.5449,66.2037
ENSCAFG00000014913,,ENSG00000185818,ASPNAT,ortholog_one2one,88.5449,94.702
ENSCAFG00000018673,,ENSG00000102038,SMARCA1,ortholog_one2one,88.5417,87.3832
ENSCAFG00000006616,,ENSG00000102781,KATNAL1,ortholog_one2one,88.5338,96.1225
ENSCAFG00000019125,,ENSG00000171100,MTM1,ortholog_one2one,88.5321,96.0199
ENSCAFG00000002296,,ENSG00000047315,POLR2B,ortholog_one2one,88.5283,99.9148
ENSCAFG00000015728,,ENSG00000139973,SYT16,ortholog_one2one,88.5271,88.5271
ENSCAFG00000002626,,ENSG00000125503,PPP1R12C,ortholog_one2one,88.5224,85.8056
ENSCAFG00000011030,,ENSG00000066455,GOLGA5,ortholog_one2one,88.518,90.6977
ENSCAFG00000017077,,ENSG00000119685,TTLL5,ortholog_one2one,88.5135,92.0375
ENSCAFG00000030320,,ENSG00000180730,SHISA2,ortholog_one2one,88.5135,88.8136
ENSCAFG00000001941,,ENSG00000137216,TMEM63B,ortholog_one2one,88.5111,90.7452
ENSCAFG00000001965,,ENSG00000137094,DNAJB5,ortholog_one2one,88.5033,97.1429
ENSCAFG00000010641,,ENSG00000112337,SLC17A2,ortholog_one2one,88.4937,88.4937
ENSCAFG00000013969,,ENSG00000147041,SYTL5,ortholog_one2one,88.4921,88.9628
ENSCAFG00000012817,,ENSG00000138443,ABI2,ortholog_one2one,88.488,95.0184
ENSCAFG00000018311,,ENSG00000156414,TDRD9,ortholog_one2one,88.4731,85.5282
ENSCAFG00000002327,,ENSG00000168143,SACK1B,ortholog_one2one,88.4729,88.8229
ENSCAFG00000023535,,ENSG00000176253,OR4K13,ortholog_one2one,88.4615,90.7895
ENSCAFG00000000335,,ENSG00000146414,SHPRH,ortholog_one2one,88.4594,92.2347
ENSCAFG00000004436,,ENSG00000139687,RB1,ortholog_one2one,88.4574,88.3621
ENSCAFG00000002297,,ENSG00000144182,LIPT1,ortholog_one2one,88.4514,90.3485
ENSCAFG00000018829,,ENSG00000165694,FRMD7,ortholog_one2one,88.4507,87.9552
ENSCAFG00000019377,,ENSG00000004660,CAMKK1,ortholog_one2one,88.4314,84.7744
ENSCAFG00000015669,,ENSG00000108175,ZMIZ1,ortholog_one2one,88.4157,97.2821
ENSCAFG00000041227,,ENSG00000213920,MDP1,ortholog_one2one,88.4146,82.3864
ENSCAFG00000002562,,ENSG00000082293,COL19A1,ortholog_one2one,88.4109,88.1786
ENSCAFG00000016107,,ENSG00000074181,NOTCH3,ortholog_one2one,88.4078,81.8182
ENSCAFG00000002818,,ENSG00000070061,ELP1,ortholog_one2one,88.4069,87.8158
ENSCAFG00000000581,,ENSG00000029639,TFB1M,ortholog_one2one,88.4058,88.1503
ENSCAFG00000017101,,ENSG00000119699,TGFB3,ortholog_one2one,88.4026,98.0583
ENSCAFG00000009922,,ENSG00000153250,RBMS1,ortholog_one2one,88.3991,93.8424
ENSCAFG00000013878,,ENSG00000100941,PNN,ortholog_one2one,88.3963,94.5607
ENSCAFG00000005170,,ENSG00000125813,PAX1,ortholog_one2one,88.3929,74.1573
ENSCAFG00000000647,,ENSG00000122335,SERAC1,ortholog_one2one,88.3929,90.8257
ENSCAFG00000032256,,ENSG00000171425,ZNF581,ortholog_one2one,88.3838,88.8325
ENSCAFG00000025088,,ENSG00000144362,PHOSPHO2,ortholog_one2one,88.3817,88.3817
ENSCAFG00000001456,,ENSG00000100116,GCAT,ortholog_one2one,88.3721,85.3933
ENSCAFG00000011712,,ENSG00000186648,CARMIL3,ortholog_one2one,88.369,96.3557
ENSCAFG00000002581,,ENSG00000170681,CAVIN4,ortholog_one2one,88.3657,87.6374
ENSCAFG00000019172,,ENSG00000147383,NSDHL,ortholog_one2one,88.3657,85.5228
ENSCAFG00000003462,,ENSG00000104946,TBC1D17,ortholog_one2one,88.3481,92.4383
ENSCAFG00000029513,,ENSG00000185869,ZNF829,ortholog_one2one,88.345,73.8791
ENSCAFG00000009837,,ENSG00000100979,PLTP,ortholog_one2one,88.3365,93.712
ENSCAFG00000003119,,ENSG00000143951,WDPCP,ortholog_one2one,88.3333,85.2547
ENSCAFG00000017146,,ENSG00000186810,CXCR3,ortholog_one2one,88.3152,78.3133
ENSCAFG00000049281,,ENSG00000165898,ISCA2,ortholog_one2one,88.3117,88.3117
ENSCAFG00000015991,,ENSG00000121897,LIAS,ortholog_one2one,88.3117,91.3979
ENSCAFG00000011177,,ENSG00000155465,SLC7A7,ortholog_one2one,88.3064,85.7143
ENSCAFG00000018041,,ENSG00000140153,WDR20,ortholog_one2one,88.296,83.8235
ENSCAFG00000014175,,ENSG00000115232,ITGA4,ortholog_one2one,88.278,82.4612
ENSCAFG00000004422,,ENSG00000241058,NSUN6,ortholog_one2one,88.2729,88.2729
ENSCAFG00000018792,,ENSG00000160602,NEK8,ortholog_one2one,88.2674,93.4971
ENSCAFG00000017153,,ENSG00000125931,CITED1,ortholog_one2one,88.2353,89.0411
ENSCAFG00000014811,,ENSG00000102221,JADE3,ortholog_one2one,88.2353,89.3074
ENSCAFG00000014999,,ENSG00000163499,CRYBA2,ortholog_one2one,88.2353,91.3706
ENSCAFG00000004728,,ENSG00000151474,FRMD4A,ortholog_one2one,88.23,94.514
ENSCAFG00000019817,,ENSG00000169925,BRD3,ortholog_one2one,88.2195,90.7713
ENSCAFG00000002989,,ENSG00000162929,SANBR,ortholog_one2one,88.2195,91.7827
ENSCAFG00000012805,,ENSG00000115840,SLC25A12,ortholog_one2one,88.2195,97.1976
ENSCAFG00000003238,,ENSG00000148225,WDR31,ortholog_one2one,88.2192,87.7384
ENSCAFG00000014683,,ENSG00000156042,CFAP70,ortholog_one2one,88.2143,88.1356
ENSCAFG00000001717,,ENSG00000100284,TOM1,ortholog_one2one,88.2122,91.0751
ENSCAFG00000015585,,ENSG00000131951,LRRC9,ortholog_one2one,88.2038,88.0857
ENSCAFG00000015244,,ENSG00000054356,PTPRN,ortholog_one2one,88.2,90.0919
ENSCAFG00000014116,,ENSG00000182220,ATP6AP2,ortholog_one2one,88.1868,91.7143
ENSCAFG00000008880,,ENSG00000155629,PIK3AP1,ortholog_one2one,88.1851,89.9379
ENSCAFG00000030401,,ENSG00000170929,OR1M1,ortholog_one2one,88.1789,88.1789
ENSCAFG00000001812,,ENSG00000137074,APTX,ortholog_one2one,88.169,91.5205
ENSCAFG00000006948,,ENSG00000012779,ALOX5,ortholog_one2one,88.162,83.9763
ENSCAFG00000000366,,ENSG00000111961,SASH1,ortholog_one2one,88.1464,88.8532
ENSCAFG00000011646,,ENSG00000136367,ZFHX2,ortholog_one2one,88.1415,88.1415
ENSCAFG00000000168,,ENSG00000082212,ME2,ortholog_one2one,88.1384,91.6096
ENSCAFG00000031073,,ENSG00000235608,NKX1-1,ortholog_one2one,88.1356,81.25
ENSCAFG00000013335,,ENSG00000151327,FAM177A1,ortholog_one2one,88.1356,88.1356
ENSCAFG00000044089,,ENSG00000171433,GLOD5,ortholog_one2one,88.125,88.125
ENSCAFG00000019794,,ENSG00000123453,SARDH,ortholog_one2one,88.123,90.5229
ENSCAFG00000006294,,ENSG00000133121,STARD13,ortholog_one2one,88.1162,89.9371
ENSCAFG00000012414,,ENSG00000148541,FAM13C,ortholog_one2one,88.0992,87.9538
ENSCAFG00000017612,,ENSG00000100628,ASB2,ortholog_one2one,88.0952,87.4016
ENSCAFG00000010411,,ENSG00000148843,PDCD11,ortholog_one2one,88.094,88.141
ENSCAFG00000019695,,ENSG00000107187,LHX3,ortholog_one2one,88.0893,88.3085
ENSCAFG00000001560,,ENSG00000164627,KIF6,ortholog_one2one,88.089,82.6781
ENSCAFG00000032734,,ENSG00000152315,KCNK13,ortholog_one2one,88.0779,88.7255
ENSCAFG00000001117,,ENSG00000164484,TMEM200A,ortholog_one2one,88.0716,90.224
ENSCAFG00000000296,,ENSG00000112414,ADGRG6,ortholog_one2one,88.0632,89.12
ENSCAFG00000014383,,ENSG00000012983,MAP4K5,ortholog_one2one,88.0447,93.1442
ENSCAFG00000012096,,ENSG00000155744,HYCC2,ortholog_one2one,88.0342,97.1698
ENSCAFG00000011591,,ENSG00000004961,HCCS,ortholog_one2one,88.0309,85.0746
ENSCAFG00000009491,,ENSG00000124785,NRN1,ortholog_one2one,88.0282,74.4048
ENSCAFG00000017688,,ENSG00000241343,RPL36A,ortholog_one2one,88.0282,88.0282
ENSCAFG00000018537,,ENSG00000158290,CUL4B,ortholog_one2one,88.0275,98.2475
ENSCAFG00000002913,,ENSG00000132467,UTP3,ortholog_one2one,88.0252,87.4739
ENSCAFG00000041466,,ENSG00000118680,MYL12B,ortholog_one2one,88.0239,85.4651
ENSCAFG00000028936,,ENSG00000157343,ARMC12,ortholog_one2one,88.0109,88.0109
ENSCAFG00000018132,,ENSG00000141384,TAF4B,ortholog_one2one,88.0046,88.0046
ENSCAFG00000013710,,ENSG00000138346,DNA2,ortholog_one2one,88.0039,84.434
ENSCAFG00000000614,,ENSG00000204421,LY6G6C,ortholog_one2one,88.0,88.0
ENSCAFG00000018862,,ENSG00000175354,PTPN2,ortholog_one2one,87.9902,86.506
ENSCAFG00000019129,,ENSG00000167695,TLCD3A,ortholog_one2one,87.9845,88.3269
ENSCAFG00000000425,,ENSG00000146476,DCPH1,ortholog_one2one,87.9819,87.9819
ENSCAFG00000002039,,ENSG00000072201,LNX1,ortholog_one2one,87.9781,88.4615
ENSCAFG00000013167,,ENSG00000151320,AKAP6,ortholog_one2one,87.9689,87.9689
ENSCAFG00000015364,,ENSG00000100023,PPIL2,ortholog_one2one,87.9541,87.2865
ENSCAFG00000012696,,ENSG00000077380,DYNC1I2,ortholog_one2one,87.9501,99.5298
ENSCAFG00000000212,,ENSG00000146411,SLC2A12,ortholog_one2one,87.9479,87.5203
ENSCAFG00000006008,,ENSG00000125255,SLC10A2,ortholog_one2one,87.931,87.931
ENSCAFG00000002641,,ENSG00000068724,TTC7A,ortholog_one2one,87.9108,84.9206
ENSCAFG00000000926,,ENSG00000100271,TTLL1,ortholog_one2one,87.8995,91.0165
ENSCAFG00000014101,,ENSG00000165762,OR4K2,ortholog_one2one,87.8981,87.8981
ENSCAFG00000015435,,ENSG00000102312,PORCN,ortholog_one2one,87.8968,96.0954
ENSCAFG00000010151,,ENSG00000187566,NHLRC1,ortholog_one2one,87.8947,84.557
ENSCAFG00000000247,,ENSG00000135525,MAP7,ortholog_one2one,87.8906,86.6496
ENSCAFG00000009573,,ENSG00000101104,PABPC1L,ortholog_one2one,87.8887,86.7528
ENSCAFG00000013096,,ENSG00000091428,RAPGEF4,ortholog_one2one,87.8885,81.1078
ENSCAFG00000003675,,ENSG00000142538,PTH2,ortholog_one2one,87.8788,87.0
ENSCAFG00000009753,,ENSG00000107815,TWNK,ortholog_one2one,87.8655,87.8655
ENSCAFG00000000416,,ENSG00000204564,C6orf136,ortholog_one2one,87.8594,55.4436
ENSCAFG00000007010,,ENSG00000107551,RASSF4,ortholog_one2one,87.8505,87.8505
ENSCAFG00000004264,,ENSG00000151023,ENKUR,ortholog_one2one,87.8431,87.5
ENSCAFG00000018179,,ENSG00000077279,DCX,ortholog_one2one,87.8412,96.7213
ENSCAFG00000031859,,ENSG00000079150,FKBP7,ortholog_one2one,87.8378,87.8378
ENSCAFG00000000187,,ENSG00000135569,TAAR5,ortholog_one2one,87.8338,87.8338
ENSCAFG00000004332,,ENSG00000148459,PDSS1,ortholog_one2one,87.8307,80.0
ENSCAFG00000016531,,ENSG00000152990,ADGRA3,ortholog_one2one,87.8303,83.0432
ENSCAFG00000029919,,ENSG00000169583,CLIC3,ortholog_one2one,87.8151,88.5593
ENSCAFG00000007888,,ENSG00000186188,FFAR4,ortholog_one2one,87.8116,84.0849
ENSCAFG00000014871,,ENSG00000100523,DDHD1,ortholog_one2one,87.8023,92.7778
ENSCAFG00000004201,,ENSG00000105281,SLC1A5,ortholog_one2one,87.8004,87.8004
ENSCAFG00000017144,,ENSG00000071246,VASH1,ortholog_one2one,87.7984,90.6849
ENSCAFG00000011426,,ENSG00000124212,PTGIS,ortholog_one2one,87.7895,83.4
ENSCAFG00000029145,,ENSG00000169618,PROKR1,ortholog_one2one,87.7863,87.7863
ENSCAFG00000018122,,ENSG00000154080,CHST9,ortholog_one2one,87.7828,87.5846
ENSCAFG00000003090,,ENSG00000173163,COMMD1,ortholog_one2one,87.766,86.8421
ENSCAFG00000007302,,ENSG00000107854,TNKS2,ortholog_one2one,87.766,99.0566
ENSCAFG00000024101,,ENSG00000124302,CHST8,ortholog_one2one,87.7647,87.9717
ENSCAFG00000006675,,ENSG00000149488,TMC2,ortholog_one2one,87.7618,87.8587
ENSCAFG00000000740,,ENSG00000146453,PNLDC1,ortholog_one2one,87.7589,87.7589
ENSCAFG00000014494,,ENSG00000065548,ZC3H15,ortholog_one2one,87.7462,94.1315
ENSCAFG00000014314,,ENSG00000105705,SUGP1,ortholog_one2one,87.7458,89.9225
ENSCAFG00000015801,,ENSG00000012211,PRICKLE3,ortholog_one2one,87.7419,88.4553
ENSCAFG00000012331,,ENSG00000122870,BICC1,ortholog_one2one,87.7406,88.9117
ENSCAFG00000032399,,ENSG00000159873,CCDC117,ortholog_one2one,87.7256,87.0968
ENSCAFG00000009776,,ENSG00000168612,ZSWIM1,ortholog_one2one,87.7193,82.4742
ENSCAFG00000004377,,ENSG00000107897,ACBD5,ortholog_one2one,87.7127,86.8914
ENSCAFG00000023076,,ENSG00000130711,PRDM12,ortholog_one2one,87.7049,87.4659
ENSCAFG00000004706,,ENSG00000185267,CDNF,ortholog_one2one,87.7005,87.7005
ENSCAFG00000012969,,ENSG00000185133,INPP5J,ortholog_one2one,87.6984,87.8728
ENSCAFG00000005433,,ENSG00000125257,ABCC4,ortholog_one2one,87.6712,86.9434
ENSCAFG00000009639,,ENSG00000124134,KCNS1,ortholog_one2one,87.666,87.8327
ENSCAFG00000000052,,ENSG00000071991,CDH19,ortholog_one2one,87.6623,87.4352
ENSCAFG00000007038,,ENSG00000101294,HM13,ortholog_one2one,87.6485,86.6197
ENSCAFG00000001753,,ENSG00000112640,PPP2R5D,ortholog_one2one,87.6471,99.0033
ENSCAFG00000006001,,ENSG00000120685,PROSER1,ortholog_one2one,87.6452,87.9237
ENSCAFG00000002493,,ENSG00000118482,PHF3,ortholog_one2one,87.6404,87.9843
ENSCAFG00000002021,,ENSG00000112796,ENPP5,ortholog_one2one,87.631,87.631
ENSCAFG00000019640,,ENSG00000155961,RAB39B,ortholog_one2one,87.619,86.385
ENSCAFG00000010457,,ENSG00000111913,RIPOR2,ortholog_one2one,87.6173,87.4532
ENSCAFG00000014625,,ENSG00000127837,AAMP,ortholog_one2one,87.6068,94.2529
ENSCAFG00000009336,,ENSG00000101057,MYBL2,ortholog_one2one,87.6033,90.8571
ENSCAFG00000015201,,ENSG00000099940,SNAP29,ortholog_one2one,87.5969,87.5969
ENSCAFG00000015785,,ENSG00000196998,WDR45,ortholog_one2one,87.5931,95.1482
ENSCAFG00000007636,,ENSG00000169021,UQCRFS1,ortholog_one2one,87.5912,87.5912
ENSCAFG00000024873,,ENSG00000205143,ARID3C,ortholog_one2one,87.5912,87.3786
ENSCAFG00000017568,,ENSG00000007952,NOX1,ortholog_one2one,87.5887,87.5887
ENSCAFG00000012106,,ENSG00000186998,EMID1,ortholog_one2one,87.5862,85.618
ENSCAFG00000017883,,ENSG00000123572,NRK,ortholog_one2one,87.5821,84.2604
ENSCAFG00000012459,,ENSG00000176635,HORMAD2,ortholog_one2one,87.5817,87.2964
ENSCAFG00000018682,,ENSG00000076351,SLC46A1,ortholog_one2one,87.5817,87.5817
ENSCAFG00000004459,,ENSG00000104881,PPP1R13L,ortholog_one2one,87.5776,51.087
ENSCAFG00000012387,,ENSG00000154479,CFAP210,ortholog_one2one,87.5676,88.0435
ENSCAFG00000016136,,ENSG00000099954,CECR2,ortholog_one2one,87.5672,76.8868
ENSCAFG00000005311,,ENSG00000179399,GPC5,ortholog_one2one,87.5657,87.4126
ENSCAFG00000007207,,ENSG00000150457,LATS2,ortholog_one2one,87.5576,87.3162
ENSCAFG00000001997,,ENSG00000109182,CWH43,ortholog_one2one,87.5549,85.5508
ENSCAFG00000005428,,ENSG00000105204,DYRK1B,ortholog_one2one,87.5543,96.1844
ENSCAFG00000000760,,ENSG00000085511,MAP3K4,ortholog_one2one,87.5521,91.4179
ENSCAFG00000020140,,ENSG00000136856,SLC2A8,ortholog_one2one,87.5519,88.4696
ENSCAFG00000015287,,ENSG00000100567,PSMA3,ortholog_one2one,87.5486,88.2353
ENSCAFG00000009373,,ENSG00000151687,ANKAR,ortholog_one2one,87.5458,83.3333
ENSCAFG00000031849,,ENSG00000163002,NUP35,ortholog_one2one,87.5354,94.7853
ENSCAFG00000012006,,ENSG00000196290,NIF3L1,ortholog_one2one,87.5332,87.5332
ENSCAFG00000014083,,ENSG00000138316,ADAMTS14,ortholog_one2one,87.5306,87.602
ENSCAFG00000001509,,ENSG00000278195,SSTR3,ortholog_one2one,87.5294,88.9952
ENSCAFG00000007533,,ENSG00000105186,ANKRD27,ortholog_one2one,87.5256,81.5238
ENSCAFG00000000020,,ENSG00000179981,TSHZ1,ortholog_one2one,87.5228,89.2293
ENSCAFG00000001444,,ENSG00000146192,FGD2,ortholog_one2one,87.519,87.7863
ENSCAFG00000011398,,ENSG00000139880,CDH24,ortholog_one2one,87.515,89.011
ENSCAFG00000002235,,ENSG00000115526,CHST10,ortholog_one2one,87.5,92.4157
ENSCAFG00000018378,,ENSG00000077713,SLC25A43,ortholog_one2one,87.5,88.2698
ENSCAFG00000014129,,ENSG00000185753,CXorf38,ortholog_one2one,87.5,87.7743
ENSCAFG00000031443,,ENSG00000124882,EREG,ortholog_one2one,87.5,82.8402
ENSCAFG00000017914,,ENSG00000147231,RADX,ortholog_one2one,87.471,88.1871
ENSCAFG00000017925,,ENSG00000185559,DLK1,ortholog_one2one,87.4674,87.4674
ENSCAFG00000011694,,ENSG00000100095,SEZ6L,ortholog_one2one,87.4528,90.5273
ENSCAFG00000002721,,ENSG00000115239,ASB3,ortholog_one2one,87.4525,88.8031
ENSCAFG00000012876,,ENSG00000163599,CTLA4,ortholog_one2one,87.4439,87.4439
ENSCAFG00000014845,,ENSG00000125386,FAM193A,ortholog_one2one,87.4317,84.4884
ENSCAFG00000009742,,ENSG00000055950,MRPL43,ortholog_one2one,87.4214,53.2567
ENSCAFG00000011595,,ENSG00000047648,ARHGAP6,ortholog_one2one,87.4189,69.1992
ENSCAFG00000012437,,ENSG00000100445,SDR39U1,ortholog_one2one,87.415,87.7133
ENSCAFG00000017406,,ENSG00000188419,CHM,ortholog_one2one,87.4052,88.2083
ENSCAFG00000015413,,ENSG00000165644,COMTD1,ortholog_one2one,87.4046,87.4046
ENSCAFG00000013182,,ENSG00000129521,EGLN3,ortholog_one2one,87.4046,95.8159
ENSCAFG00000019083,,ENSG00000141985,SH3GL1,ortholog_one2one,87.4036,92.3913
ENSCAFG00000017229,,ENSG00000100601,ALKBH1,ortholog_one2one,87.4036,87.4036
ENSCAFG00000001732,,ENSG00000100281,HMGXB4,ortholog_one2one,87.4028,93.5108
ENSCAFG00000028577,,ENSG00000047597,XK,ortholog_one2one,87.3874,87.3874
ENSCAFG00000005668,,ENSG00000132623,ANKEF1,ortholog_one2one,87.3711,87.3711
ENSCAFG00000000549,,ENSG00000112031,MTRF1L,ortholog_one2one,87.3684,87.3684
ENSCAFG00000023802,,ENSG00000126947,ARMCX1,ortholog_one2one,87.3638,88.521
ENSCAFG00000013836,,ENSG00000144445,KANSL1L,ortholog_one2one,87.361,87.538
ENSCAFG00000004930,,ENSG00000105737,GRIK5,ortholog_one2one,87.3598,87.3598
ENSCAFG00000001910,,ENSG00000170734,POLH,ortholog_one2one,87.3596,87.237
ENSCAFG00000004074,,ENSG00000178980,SELENOW,ortholog_one2one,87.3563,86.3636
ENSCAFG00000013506,,ENSG00000116044,NFE2L2,ortholog_one2one,87.3544,86.7769
ENSCAFG00000005133,,ENSG00000090006,LTBP4,ortholog_one2one,87.3542,87.6232
ENSCAFG00000002920,,ENSG00000142513,ACP4,ortholog_one2one,87.3536,87.5587
ENSCAFG00000005040,,ENSG00000118922,KLF12,ortholog_one2one,87.3479,89.3035
ENSCAFG00000028527,,ENSG00000165275,TRMT10B,ortholog_one2one,87.3418,87.3418
ENSCAFG00000017672,,ENSG00000132874,SLC14A2,ortholog_one2one,87.3391,88.4783
ENSCAFG00000003938,,ENSG00000142233,NTN5,ortholog_one2one,87.3211,87.3211
ENSCAFG00000015938,,ENSG00000049769,PPP1R3F,ortholog_one2one,87.3153,88.7359
ENSCAFG00000001989,,ENSG00000124608,AARS2,ortholog_one2one,87.3096,87.3096
ENSCAFG00000001503,,ENSG00000100060,MFNG,ortholog_one2one,87.3016,85.6698
ENSCAFG00000001828,,ENSG00000183783,KCTD8,ortholog_one2one,87.2881,87.1036
ENSCAFG00000011531,,ENSG00000196396,PTPN1,ortholog_one2one,87.2881,71.0345
ENSCAFG00000018117,,ENSG00000101938,CHRDL1,ortholog_one2one,87.2798,97.3799
ENSCAFG00000012083,,ENSG00000139908,TSSK4,ortholog_one2one,87.2781,87.2781
ENSCAFG00000015946,,ENSG00000107771,CCSER2,ortholog_one2one,87.2727,87.106
ENSCAFG00000000221,,ENSG00000118514,ALDH8A1,ortholog_one2one,87.269,87.269
ENSCAFG00000049944,,ENSG00000179922,ZNF784,ortholog_one2one,87.2671,86.9969
ENSCAFG00000013522,,ENSG00000018510,AGPS,ortholog_one2one,87.2621,90.5775
ENSCAFG00000017744,,ENSG00000140057,AK7,ortholog_one2one,87.2576,87.1369
ENSCAFG00000000568,,ENSG00000008735,MAPK8IP2,ortholog_one2one,87.2573,87.2573
ENSCAFG00000000642,,ENSG00000204386,NEU1,ortholog_one2one,87.2289,87.2289
ENSCAFG00000012582,,ENSG00000092140,G2E3,ortholog_one2one,87.2253,86.2772
ENSCAFG00000030846,,ENSG00000175874,CREG2,ortholog_one2one,87.2222,54.1379
ENSCAFG00000017555,,ENSG00000119714,GPR68,ortholog_one2one,87.2222,86.0274
ENSCAFG00000018577,,ENSG00000101966,XIAP,ortholog_one2one,87.2211,86.5191
ENSCAFG00000006393,,ENSG00000185974,GRK1,ortholog_one2one,87.2114,87.2114
ENSCAFG00000015722,,ENSG00000023608,SNAPC1,ortholog_one2one,87.2,88.8587
ENSCAFG00000032642,,ENSG00000221944,TIGD1,ortholog_one2one,87.1838,87.4789
ENSCAFG00000015513,,ENSG00000053501,USE1,ortholog_one2one,87.1795,91.8919
ENSCAFG00000018927,,ENSG00000198689,SLC9A6,ortholog_one2one,87.1728,91.1081
ENSCAFG00000032289,,ENSG00000153162,BMP6,ortholog_one2one,87.1642,56.9201
ENSCAFG00000025349,,ENSG00000119986,AVPI1,ortholog_one2one,87.1622,87.7551
ENSCAFG00000025153,,ENSG00000133985,TTC9,ortholog_one2one,87.156,85.5856
ENSCAFG00000015859,,ENSG00000152969,JAKMIP1,ortholog_one2one,87.1477,93.0205
ENSCAFG00000000869,,ENSG00000186654,PRR5,ortholog_one2one,87.1465,82.4818
ENSCAFG00000011000,,ENSG00000178074,C2orf69,ortholog_one2one,87.1391,86.2338
ENSCAFG00000002758,,ENSG00000070214,SLC44A1,ortholog_one2one,87.1369,95.8904
ENSCAFG00000016402,,ENSG00000091490,SEL1L3,ortholog_one2one,87.1304,88.5159
ENSCAFG00000007268,,ENSG00000088305,DNMT3B,ortholog_one2one,87.1264,88.8628
ENSCAFG00000014117,,ENSG00000099953,MMP11,ortholog_one2one,87.1166,87.2951
ENSCAFG00000001622,,ENSG00000137413,TAF8,ortholog_one2one,87.0968,79.8817
ENSCAFG00000017445,,ENSG00000102271,KLHL4,ortholog_one2one,87.0968,82.5
ENSCAFG00000015915,,ENSG00000174343,CHRNA9,ortholog_one2one,87.0722,95.6159
ENSCAFG00000014835,,ENSG00000166348,USP54,ortholog_one2one,87.072,87.5891
ENSCAFG00000014808,,ENSG00000087274,ADD1,ortholog_one2one,87.0303,93.4896
ENSCAFG00000016931,,ENSG00000183379,SYNDIG1L,ortholog_one2one,87.0293,87.395
ENSCAFG00000014001,,ENSG00000198718,TOGARAM1,ortholog_one2one,87.0208,89.6221
ENSCAFG00000008191,,ENSG00000061656,SPAG4,ortholog_one2one,87.0159,87.4142
ENSCAFG00000013439,,ENSG00000100170,SLC5A1,ortholog_one2one,87.0091,86.747
ENSCAFG00000009930,,ENSG00000198408,OGA,ortholog_one2one,87.004,95.7424
ENSCAFG00000011738,,ENSG00000101115,SALL4,ortholog_one2one,87.0019,87.0845
ENSCAFG00000019541,,ENSG00000127191,TRAF2,ortholog_one2one,86.9981,90.8184
ENSCAFG00000018841,,ENSG00000076770,MBNL3,ortholog_one2one,86.9919,90.678
ENSCAFG00000015378,,ENSG00000130299,GTPBP3,ortholog_one2one,86.9919,81.6794
ENSCAFG00000019499,,ENSG00000176884,GRIN1,ortholog_one2one,86.9803,82.8988
ENSCAFG00000023370,,ENSG00000176219,OR11H6,ortholog_one2one,86.9697,86.9697
ENSCAFG00000002406,,ENSG00000114988,LMAN2L,ortholog_one2one,86.9674,96.6574
ENSCAFG00000016410,,ENSG00000054690,PLEKHH1,ortholog_one2one,86.9598,85.5572
ENSCAFG00000012333,,ENSG00000132825,PPP1R3D,ortholog_one2one,86.9565,86.9565
ENSCAFG00000017958,,ENSG00000080573,COL5A3,ortholog_one2one,86.9565,88.2522
ENSCAFG00000004545,,ENSG00000107614,TRDMT1,ortholog_one2one,86.9565,86.9565
ENSCAFG00000018478,,ENSG00000101605,MYOM1,ortholog_one2one,86.949,88.9614
ENSCAFG00000000589,,ENSG00000074771,NOX3,ortholog_one2one,86.9489,86.7958
ENSCAFG00000019719,,ENSG00000141933,TPGS1,ortholog_one2one,86.9416,87.2414
ENSCAFG00000003070,,ENSG00000182585,EPGN,ortholog_one2one,86.9281,86.3636
ENSCAFG00000000150,,ENSG00000101751,POLI,ortholog_one2one,86.8946,82.4324
ENSCAFG00000000935,,ENSG00000111860,CEP85L,ortholog_one2one,86.8932,88.6139
ENSCAFG00000019059,,ENSG00000167671,UBXN6,ortholog_one2one,86.8895,76.644
ENSCAFG00000028694,,ENSG00000188227,ZNF793,ortholog_one2one,86.8812,86.4532
ENSCAFG00000029769,,ENSG00000227729,RD3L,ortholog_one2one,86.8687,86.8687
ENSCAFG00000018411,,ENSG00000186416,NKRF,ortholog_one2one,86.8622,96.5957
ENSCAFG00000000911,,ENSG00000173612,GPRC6A,ortholog_one2one,86.8534,87.041
ENSCAFG00000013060,,ENSG00000152256,PDK1,ortholog_one2one,86.8421,79.6053
ENSCAFG00000005835,,ENSG00000043355,ZIC2,ortholog_one2one,86.8235,69.3609
ENSCAFG00000015791,,ENSG00000140006,WDR89,ortholog_one2one,86.8217,86.8217
ENSCAFG00000031580,,ENSG00000125246,CLYBL,ortholog_one2one,86.8195,89.1176
ENSCAFG00000014812,,ENSG00000168542,COL3A1,ortholog_one2one,86.8096,91.1323
ENSCAFG00000014709,,ENSG00000087301,TXNDC16,ortholog_one2one,86.809,83.7576
ENSCAFG00000010146,,ENSG00000124789,NUP153,ortholog_one2one,86.8065,85.1926
ENSCAFG00000001711,,ENSG00000100292,HMOX1,ortholog_one2one,86.8056,86.8056
ENSCAFG00000024359,,ENSG00000247626,MARS2,ortholog_one2one,86.803,78.7521
ENSCAFG00000020047,,ENSG00000119333,DYNC2I2,ortholog_one2one,86.803,87.1269
ENSCAFG00000007881,,ENSG00000138180,CEP55,ortholog_one2one,86.7965,86.4224
ENSCAFG00000009733,,ENSG00000101457,DNTTIP1,ortholog_one2one,86.7924,97.8723
ENSCAFG00000000001,,ENSG00000197594,ENPP1,ortholog_one2one,86.7904,85.9459
ENSCAFG00000013260,,ENSG00000185915,KLHL34,ortholog_one2one,86.7896,87.7329
ENSCAFG00000005057,,ENSG00000151655,ITIH2,ortholog_one2one,86.7865,86.7865
ENSCAFG00000014255,,ENSG00000144451,SPAG16,ortholog_one2one,86.7834,86.3708
ENSCAFG00000009774,,ENSG00000132801,ZSWIM3,ortholog_one2one,86.7816,86.7816
ENSCAFG00000018300,,ENSG00000088808,PPP1R13B,ortholog_one2one,86.7761,92.1101
ENSCAFG00000004046,,ENSG00000105486,LIG1,ortholog_one2one,86.776,86.3983
ENSCAFG00000019394,,ENSG00000197070,ARRDC1,ortholog_one2one,86.7749,86.3741
ENSCAFG00000018746,,ENSG00000105519,CAPS,ortholog_one2one,86.7725,86.7725
ENSCAFG00000010260,,ENSG00000146038,DCDC2,ortholog_one2one,86.7679,84.0336
ENSCAFG00000011611,,ENSG00000005302,MSL3,ortholog_one2one,86.7675,88.0998
ENSCAFG00000048755,,ENSG00000204272,NBDY,ortholog_one2one,86.7647,86.7647
ENSCAFG00000016174,,ENSG00000105143,SLC1A6,ortholog_one2one,86.7624,96.4539
ENSCAFG00000012991,,ENSG00000150347,ARID5B,ortholog_one2one,86.761,87.7104
ENSCAFG00000001402,,ENSG00000100196,KDELR3,ortholog_one2one,86.7521,92.2727
ENSCAFG00000023272,,ENSG00000070404,FSTL3,ortholog_one2one,86.7424,87.0722
ENSCAFG00000020111,,ENSG00000136877,FPGS,ortholog_one2one,86.7347,86.8825
ENSCAFG00000013036,,ENSG00000141560,FN3KRP,ortholog_one2one,86.7314,86.7314
ENSCAFG00000000658,,ENSG00000204385,SLC44A4,ortholog_one2one,86.7232,86.4789
ENSCAFG00000001840,,ENSG00000086062,B4GALT1,ortholog_one2one,86.7168,86.9347
ENSCAFG00000014254,,ENSG00000188937,NYX,ortholog_one2one,86.7089,85.447
ENSCAFG00000005424,,ENSG00000181803,OR6S1,ortholog_one2one,86.7069,86.7069
ENSCAFG00000003458,,ENSG00000146263,MMS22L,ortholog_one2one,86.7043,86.5648
ENSCAFG00000000756,,ENSG00000075240,GRAMD4,ortholog_one2one,86.6907,83.391
ENSCAFG00000019193,,ENSG00000011132,APBA3,ortholog_one2one,86.6782,87.1304
ENSCAFG00000045785,,ENSG00000235387,SPAAR,ortholog_one2one,86.6667,86.6667
ENSCAFG00000005802,,ENSG00000169508,GPR183,ortholog_one2one,86.6667,90.0277
ENSCAFG00000030117,,ENSG00000153896,ZNF599,ortholog_one2one,86.6667,86.2245
ENSCAFG00000013057,,ENSG00000180815,MAP3K15,ortholog_one2one,86.6566,87.0526
ENSCAFG00000002599,,ENSG00000082269,FAM135A,ortholog_one2one,86.6538,88.7129
ENSCAFG00000000925,,ENSG00000164465,DCBLD1,ortholog_one2one,86.6534,60.8392
ENSCAFG00000024500,,ENSG00000126460,PRRG2,ortholog_one2one,86.6337,86.6337
ENSCAFG00000015556,,ENSG00000126790,L3HYPDH,ortholog_one2one,86.6295,87.8531
ENSCAFG00000017225,,ENSG00000186675,MAGEE2,ortholog_one2one,86.6157,86.6157
ENSCAFG00000017900,,ENSG00000140107,SLC25A47,ortholog_one2one,86.6013,86.039
ENSCAFG00000007614,,ENSG00000105173,CCNE1,ortholog_one2one,86.5952,78.7805
ENSCAFG00000003653,,ENSG00000085377,PREP,ortholog_one2one,86.59,95.493
ENSCAFG00000030429,,ENSG00000071994,PDCD2,ortholog_one2one,86.5889,86.3372
ENSCAFG00000015212,,ENSG00000130475,FCHO1,ortholog_one2one,86.5672,90.625
ENSCAFG00000012060,,ENSG00000115942,ORC2,ortholog_one2one,86.5574,91.5078
ENSCAFG00000001023,,ENSG00000167077,MEI1,ortholog_one2one,86.5566,86.4207
ENSCAFG00000018067,,ENSG00000089902,RCOR1,ortholog_one2one,86.5526,72.9897
ENSCAFG00000006691,,ENSG00000139508,SLC46A3,ortholog_one2one,86.551,86.1771
ENSCAFG00000001355,,ENSG00000183354,BRD10,ortholog_one2one,86.5494,86.5906
ENSCAFG00000029040,,ENSG00000187783,TMEM72,ortholog_one2one,86.5455,86.5455
ENSCAFG00000013020,,ENSG00000197457,STMN3,ortholog_one2one,86.5385,75.3138
ENSCAFG00000030847,,ENSG00000168994,PXDC1,ortholog_one2one,86.5385,77.9221
ENSCAFG00000000954,,ENSG00000227057,WDR46,ortholog_one2one,86.5285,82.1311
ENSCAFG00000015016,,ENSG00000163950,SLBP,ortholog_one2one,86.5248,88.0866
ENSCAFG00000004805,,ENSG00000120688,WBP4,ortholog_one2one,86.5229,85.3723
ENSCAFG00000016948,,ENSG00000119681,LTBP2,ortholog_one2one,86.5162,86.3262
ENSCAFG00000007637,,ENSG00000131069,ACSS2,ortholog_one2one,86.5123,88.9356
ENSCAFG00000018292,,ENSG00000100711,ZFYVE21,ortholog_one2one,86.5079,86.5079
ENSCAFG00000003886,,ENSG00000105559,PLEKHA4,ortholog_one2one,86.5039,86.3928
ENSCAFG00000004322,,ENSG00000101474,APMAP,ortholog_one2one,86.4989,90.8654
ENSCAFG00000006877,,ENSG00000125898,FAM110A,ortholog_one2one,86.4952,91.1864
ENSCAFG00000015694,,ENSG00000269058,CALR3,ortholog_one2one,86.4935,86.7188
ENSCAFG00000031526,,ENSG00000180822,PSMG4,ortholog_one2one,86.4865,59.2593
ENSCAFG00000012985,,ENSG00000141568,FOXK2,ortholog_one2one,86.4865,82.4242
ENSCAFG00000004795,,ENSG00000120662,MTRF1,ortholog_one2one,86.4865,86.2921
ENSCAFG00000019983,,ENSG00000167157,PRRX2,ortholog_one2one,86.4865,63.2411
ENSCAFG00000005183,,ENSG00000139737,SLAIN1,ortholog_one2one,86.478,93.2203
ENSCAFG00000007247,,ENSG00000148677,ANKRD1,ortholog_one2one,86.4706,92.163
ENSCAFG00000000538,,ENSG00000146469,VIP,ortholog_one2one,86.4706,86.4706
ENSCAFG00000019225,,ENSG00000129932,DOHH,ortholog_one2one,86.4686,86.755
ENSCAFG00000000847,,ENSG00000213066,CEP43,ortholog_one2one,86.4499,79.9499
ENSCAFG00000015898,,ENSG00000163694,RBM47,ortholog_one2one,86.4486,93.5919
ENSCAFG00000000173,,ENSG00000177150,MIMS1,ortholog_one2one,86.4469,86.7647
ENSCAFG00000019014,,ENSG00000167680,SEMA6B,ortholog_one2one,86.443,72.5225
ENSCAFG00000005363,,ENSG00000132669,RIN2,ortholog_one2one,86.4425,84.428
ENSCAFG00000001545,,ENSG00000155158,TTC39B,ortholog_one2one,86.4353,80.3519
ENSCAFG00000046466,,ENSG00000204392,LSM2,ortholog_one2one,86.4198,73.6842
ENSCAFG00000013545,,ENSG00000004848,ARX,ortholog_one2one,86.4111,88.2562
ENSCAFG00000014883,,ENSG00000214367,HAUS3,ortholog_one2one,86.4013,86.4013
ENSCAFG00000019551,,ENSG00000054148,PHPT1,ortholog_one2one,86.4,86.4
ENSCAFG00000028475,,ENSG00000181007,ZFP82,ortholog_one2one,86.3958,91.9173
ENSCAFG00000019685,,ENSG00000187796,CARD9,ortholog_one2one,86.3806,86.3806
ENSCAFG00000010254,,ENSG00000156398,SFXN2,ortholog_one2one,86.3636,94.4099
ENSCAFG00000013222,,ENSG00000196132,MYT1,ortholog_one2one,86.3636,87.7178
ENSCAFG00000004021,,ENSG00000074935,TUBE1,ortholog_one2one,86.3548,93.2632
ENSCAFG00000012954,,ENSG00000203780,FANK1,ortholog_one2one,86.351,89.8551
ENSCAFG00000017817,,ENSG00000269743,SLC25A53,ortholog_one2one,86.3502,94.7883
ENSCAFG00000002770,,ENSG00000106692,FKTN,ortholog_one2one,86.3454,93.2755
ENSCAFG00000018642,,ENSG00000007171,NOS2,ortholog_one2one,86.344,86.6435
ENSCAFG00000030263,,ENSG00000203733,GJE1,ortholog_one2one,86.3415,86.3415
ENSCAFG00000004802,,ENSG00000165572,KBTBD6,ortholog_one2one,86.338,90.9496
ENSCAFG00000018249,,ENSG00000141446,ESCO1,ortholog_one2one,86.3208,87.1429
ENSCAFG00000011954,,ENSG00000100219,XBP1,ortholog_one2one,86.3158,87.234
ENSCAFG00000016834,,ENSG00000133961,NUMB,ortholog_one2one,86.3071,95.8525
ENSCAFG00000010264,,ENSG00000166272,WBP1L,ortholog_one2one,86.3014,86.7769
ENSCAFG00000045523,,ENSG00000180090,OR3A1,ortholog_one2one,86.2928,86.2928
ENSCAFG00000012317,,ENSG00000155755,TMEM237,ortholog_one2one,86.2745,86.2745
ENSCAFG00000019830,,ENSG00000196363,WDR5,ortholog_one2one,86.2745,92.2156
ENSCAFG00000003869,,ENSG00000104808,DHDH,ortholog_one2one,86.2687,86.5269
ENSCAFG00000016476,,ENSG00000158571,PFKFB1,ortholog_one2one,86.2403,94.4798
ENSCAFG00000009380,,ENSG00000128694,OSGEPL1,ortholog_one2one,86.2319,86.2319
ENSCAFG00000014233,,ENSG00000138434,ITPRID2,ortholog_one2one,86.2306,79.587
ENSCAFG00000018351,,ENSG00000132199,ENOSF1,ortholog_one2one,86.2302,80.0839
ENSCAFG00000028953,,ENSG00000205678,TECRL,ortholog_one2one,86.2259,86.2259
ENSCAFG00000029817,,ENSG00000168795,ZBTB5,ortholog_one2one,86.2205,97.0458
ENSCAFG00000003175,,ENSG00000119844,AFTPH,ortholog_one2one,86.2176,88.8889
ENSCAFG00000009271,,ENSG00000095713,CRTAC1,ortholog_one2one,86.217,88.9561
ENSCAFG00000009178,,ENSG00000183798,EMILIN3,ortholog_one2one,86.2159,86.5535
ENSCAFG00000014067,,ENSG00000107719,PALD1,ortholog_one2one,86.215,86.215
ENSCAFG00000018183,,ENSG00000141458,NPC1,ortholog_one2one,86.2043,88.4977
ENSCAFG00000013952,,ENSG00000075073,TACR2,ortholog_one2one,86.1979,83.1658
ENSCAFG00000012213,,ENSG00000196943,NOP9,ortholog_one2one,86.1852,86.3208
ENSCAFG00000032330,,ENSG00000197483,ZNF628,ortholog_one2one,86.1836,84.2304
ENSCAFG00000004279,,ENSG00000095777,MYO3A,ortholog_one2one,86.1834,86.0767
ENSCAFG00000019278,,ENSG00000125910,S1PR4,ortholog_one2one,86.1619,85.9375
ENSCAFG00000010677,,ENSG00000064655,EYA2,ortholog_one2one,86.1592,92.5651
ENSCAFG00000018729,,ENSG00000167524,RSKR,ortholog_one2one,86.1386,84.8781
ENSCAFG00000011768,,ENSG00000198648,STK39,ortholog_one2one,86.1261,87.7064
ENSCAFG00000016858,,ENSG00000119661,DNAL1,ortholog_one2one,86.1244,94.7368
ENSCAFG00000006372,,ENSG00000150403,SLC9D1,ortholog_one2one,86.1152,86.1152
ENSCAFG00000016604,,ENSG00000132003,ZSWIM4,ortholog_one2one,86.1136,96.5622
ENSCAFG00000003867,,ENSG00000087088,BAX,ortholog_one2one,86.1111,71.1009
ENSCAFG00000002975,,ENSG00000115421,PAPOLG,ortholog_one2one,86.1009,95.1087
ENSCAFG00000029063,,ENSG00000105321,CCDC9,ortholog_one2one,86.0825,85.3492
ENSCAFG00000001566,,ENSG00000044459,CNTLN,ortholog_one2one,86.0668,84.3528
ENSCAFG00000001078,,ENSG00000172673,THEMIS,ortholog_one2one,86.0643,82.6471
ENSCAFG00000004405,,ENSG00000010310,GIPR,ortholog_one2one,86.0515,86.0515
ENSCAFG00000018766,,ENSG00000102078,SLC25A14,ortholog_one2one,86.0465,83.8527
ENSCAFG00000011808,,ENSG00000182463,TSHZ2,ortholog_one2one,86.0443,86.4604
ENSCAFG00000019310,,ENSG00000184166,OR1D2,ortholog_one2one,86.039,84.9359
ENSCAFG00000018054,,ENSG00000196663,TECPR2,ortholog_one2one,86.0383,86.0383
ENSCAFG00000031712,,ENSG00000161914,ZNF653,ortholog_one2one,86.0327,94.1463
ENSCAFG00000018302,,ENSG00000174788,PCP2,ortholog_one2one,86.0294,86.0294
ENSCAFG00000002837,,ENSG00000106771,TMEM245,ortholog_one2one,86.0,92.9465
ENSCAFG00000001923,,ENSG00000122735,DNAI1,ortholog_one2one,85.9972,86.4865
ENSCAFG00000011844,,ENSG00000129535,NRL,ortholog_one2one,85.9922,93.2489
ENSCAFG00000001496,,ENSG00000100083,GGA1,ortholog_one2one,85.9882,88.8719
ENSCAFG00000015846,,ENSG00000140009,ESR2,ortholog_one2one,85.9745,89.0566
ENSCAFG00000015089,,ENSG00000144567,RETREG2,ortholog_one2one,85.9615,82.3204
ENSCAFG00000013178,,ENSG00000138430,OLA1,ortholog_one2one,85.9524,86.7788
ENSCAFG00000009428,,ENSG00000119946,CNNM1,ortholog_one2one,85.9406,91.2723
ENSCAFG00000017811,,ENSG00000123560,PLP1,ortholog_one2one,85.9375,99.278
ENSCAFG00000013077,,ENSG00000100100,PIK3IP1,ortholog_one2one,85.9316,85.9316
ENSCAFG00000004014,,ENSG00000105464,GRIN2D,ortholog_one2one,85.9215,75.3743
ENSCAFG00000004866,,ENSG00000148429,USP6NL,ortholog_one2one,85.9172,85.3114
ENSCAFG00000019242,,ENSG00000130822,PNCK,ortholog_one2one,85.8974,62.9108
ENSCAFG00000016464,,ENSG00000072121,ZFYVE26,ortholog_one2one,85.8934,85.8262
ENSCAFG00000002679,,ENSG00000186943,OR13C8,ortholog_one2one,85.8934,85.625
ENSCAFG00000029312,,ENSG00000018869,ZNF582,ortholog_one2one,85.8801,85.8801
ENSCAFG00000009484,,ENSG00000151690,MFSD6,ortholog_one2one,85.8736,87.6106
ENSCAFG00000012931,,ENSG00000075043,KCNQ2,ortholog_one2one,85.8696,81.5367
ENSCAFG00000011908,,ENSG00000187164,SHTN1,ortholog_one2one,85.8679,88.5895
ENSCAFG00000017028,,ENSG00000119638,NEK9,ortholog_one2one,85.8654,90.111
ENSCAFG00000000230,,ENSG00000118513,MYB,ortholog_one2one,85.8573,90.1445
ENSCAFG00000023312,,ENSG00000176198,OR11H4,ortholog_one2one,85.8462,86.1111
ENSCAFG00000047497,,ENSG00000188677,PARVB,ortholog_one2one,85.8333,77.8338
ENSCAFG00000011461,,ENSG00000047644,WWC3,ortholog_one2one,85.8326,85.4396
ENSCAFG00000004170,,ENSG00000134815,DHX34,ortholog_one2one,85.8114,88.364
ENSCAFG00000003261,,ENSG00000204923,FBXO48,ortholog_one2one,85.8064,85.8064
ENSCAFG00000001899,,ENSG00000169019,COMMD8,ortholog_one2one,85.7924,85.7924
ENSCAFG00000030984,,ENSG00000112679,DUSP22,ortholog_one2one,85.7843,85.3659
ENSCAFG00000014190,,ENSG00000099899,TRMT2A,ortholog_one2one,85.7827,83.5148
ENSCAFG00000031497,,ENSG00000125845,BMP2,ortholog_one2one,85.7798,94.4444
ENSCAFG00000017804,,ENSG00000188828,GLRA4,ortholog_one2one,85.7768,94.0048
ENSCAFG00000000769,,ENSG00000185345,PRKN,ortholog_one2one,85.7759,85.5914
ENSCAFG00000028557,,ENSG00000136327,NKX2-8,ortholog_one2one,85.7741,85.7741
ENSCAFG00000014559,,ENSG00000100503,NIN,ortholog_one2one,85.768,85.6071
ENSCAFG00000002711,,ENSG00000112701,SENP6,ortholog_one2one,85.7642,88.3093
ENSCAFG00000002983,,ENSG00000171133,OR2K2,ortholog_one2one,85.7595,78.5507
ENSCAFG00000000955,,ENSG00000146350,TBC1D32,ortholog_one2one,85.7569,88.5978
ENSCAFG00000009911,,ENSG00000107829,FBXW4,ortholog_one2one,85.7383,90.1235
ENSCAFG00000002967,,ENSG00000065615,CYB5R4,ortholog_one2one,85.7143,86.3724
ENSCAFG00000009773,,ENSG00000111859,NEDD9,ortholog_one2one,85.7143,89.2086
ENSCAFG00000000007,,ENSG00000101544,ADNP2,ortholog_one2one,85.7143,85.9416
ENSCAFG00000017185,,ENSG00000100577,GSTZ1,ortholog_one2one,85.7143,85.7143
ENSCAFG00000012177,,ENSG00000204655,MOG,ortholog_one2one,85.7143,71.1864
ENSCAFG00000014645,,ENSG00000018280,SLC11A1,ortholog_one2one,85.6881,84.9091
ENSCAFG00000014310,,ENSG00000169188,APEX2,ortholog_one2one,85.6863,84.3629
ENSCAFG00000032331,,ENSG00000030304,MUSK,ortholog_one2one,85.6833,90.9091
ENSCAFG00000003784,,ENSG00000118690,ARMC2,ortholog_one2one,85.681,84.8904
ENSCAFG00000017781,,ENSG00000180739,S1PR5,ortholog_one2one,85.6784,85.6784
ENSCAFG00000017218,,ENSG00000094841,UPRT,ortholog_one2one,85.6678,85.1133
ENSCAFG00000004496,,ENSG00000260314,MRC1,ortholog_one2one,85.6546,84.478
ENSCAFG00000020142,,ENSG00000136895,GARNL3,ortholog_one2one,85.6481,91.3129
ENSCAFG00000011882,,ENSG00000054803,CBLN4,ortholog_one2one,85.6459,89.0547
ENSCAFG00000000598,,ENSG00000204444,APOM,ortholog_one2one,85.6383,85.6383
ENSCAFG00000013428,,ENSG00000168348,INSM2,ortholog_one2one,85.6373,84.2756
ENSCAFG00000001847,,ENSG00000171467,ZNF318,ortholog_one2one,85.6329,85.7832
ENSCAFG00000017656,,ENSG00000152229,PSTPIP2,ortholog_one2one,85.6269,83.8323
ENSCAFG00000018998,,ENSG00000101981,F9,ortholog_one2one,85.6209,85.2495
ENSCAFG00000025238,,ENSG00000187097,ENTPD5,ortholog_one2one,85.6164,87.6168
ENSCAFG00000002649,,ENSG00000167615,LENG8,ortholog_one2one,85.6106,81.0069
ENSCAFG00000030247,,ENSG00000131845,ZNF304,ortholog_one2one,85.6061,80.0283
ENSCAFG00000001429,,ENSG00000100156,SLC16A8,ortholog_one2one,85.6016,86.1111
ENSCAFG00000011136,,ENSG00000068383,INPP5A,ortholog_one2one,85.5814,89.3204
ENSCAFG00000009877,,ENSG00000115221,ITGB6,ortholog_one2one,85.5682,95.5584
ENSCAFG00000016791,,ENSG00000120500,ARR3,ortholog_one2one,85.567,85.567
ENSCAFG00000010357,,ENSG00000124383,MPHOSPH10,ortholog_one2one,85.567,85.3157
ENSCAFG00000017246,,ENSG00000063761,ADCK1,ortholog_one2one,85.5596,90.631
ENSCAFG00000016068,,ENSG00000035928,RFC1,ortholog_one2one,85.5593,89.2857
ENSCAFG00000002209,,ENSG00000157426,AASDH,ortholog_one2one,85.5576,85.2459
ENSCAFG00000018699,,ENSG00000167769,ACER1,ortholog_one2one,85.5513,85.2273
ENSCAFG00000000691,,ENSG00000197081,IGF2R,ortholog_one2one,85.5426,85.7487
ENSCAFG00000016159,,ENSG00000105141,CASP14,ortholog_one2one,85.5372,85.5372
ENSCAFG00000016022,,ENSG00000134962,KLB,ortholog_one2one,85.5364,85.5364
ENSCAFG00000008737,,ENSG00000118705,RPN2,ortholog_one2one,85.5319,95.5626
ENSCAFG00000011928,,ENSG00000100209,HSCB,ortholog_one2one,85.5319,85.5319
ENSCAFG00000006599,,ENSG00000198326,TMEM239,ortholog_one2one,85.5263,66.6667
ENSCAFG00000011235,,ENSG00000096654,ZNF184,ortholog_one2one,85.5215,92.8096
ENSCAFG00000014038,,ENSG00000148734,NPFFR1,ortholog_one2one,85.5172,86.5116
ENSCAFG00000012219,,ENSG00000185340,GAS2L1,ortholog_one2one,85.5153,90.1615
ENSCAFG00000010559,,ENSG00000079689,SCGN,ortholog_one2one,85.5072,85.5072
ENSCAFG00000001892,,ENSG00000124571,XPO5,ortholog_one2one,85.5019,95.515
ENSCAFG00000042366,,ENSG00000107929,LARP4B,ortholog_one2one,85.4972,83.8753
ENSCAFG00000004261,,ENSG00000123191,ATP7B,ortholog_one2one,85.4951,83.686
ENSCAFG00000011191,,ENSG00000172590,MRPL52,ortholog_one2one,85.4839,86.1789
ENSCAFG00000000037,,ENSG00000176225,RTTN,ortholog_one2one,85.4831,85.4447
ENSCAFG00000007432,,ENSG00000075673,ATP12A,ortholog_one2one,85.4779,88.9952
ENSCAFG00000031056,,ENSG00000172469,MANEA,ortholog_one2one,85.4664,85.2814
ENSCAFG00000004452,,ENSG00000136159,NUDT15,ortholog_one2one,85.4545,85.9756
ENSCAFG00000015483,,ENSG00000068354,TBC1D25,ortholog_one2one,85.4522,94.7674
ENSCAFG00000005270,,ENSG00000089101,CFAP61,ortholog_one2one,85.4487,85.4487
ENSCAFG00000014637,,ENSG00000138286,FAM149B1,ortholog_one2one,85.4452,85.7388
ENSCAFG00000000067,,ENSG00000119537,KDSR,ortholog_one2one,85.4369,79.5181
ENSCAFG00000029896,,ENSG00000148826,NKX6-2,ortholog_one2one,85.4369,95.3069
ENSCAFG00000002847,,ENSG00000095203,EPB41L4B,ortholog_one2one,85.4369,78.2222
ENSCAFG00000016570,,ENSG00000001497,LAS1L,ortholog_one2one,85.4251,86.2398
ENSCAFG00000001016,,ENSG00000186439,TRDN,ortholog_one2one,85.4195,85.1852
ENSCAFG00000009471,,ENSG00000132824,SERINC3,ortholog_one2one,85.4123,85.4123
ENSCAFG00000010662,,ENSG00000169507,SLC38A11,ortholog_one2one,85.4118,83.0664
ENSCAFG00000015182,,ENSG00000163521,GLB1L,ortholog_one2one,85.4071,85.0153
ENSCAFG00000001423,,ENSG00000124772,CPNE5,ortholog_one2one,85.4071,93.7605
ENSCAFG00000017705,,ENSG00000184867,ARMCX2,ortholog_one2one,85.4063,81.4873
ENSCAFG00000046699,,ENSG00000172264,MACROD2,ortholog_one2one,85.3982,85.2097
ENSCAFG00000017383,,ENSG00000155008,APOOL,ortholog_one2one,85.3933,85.0746
ENSCAFG00000006967,,ENSG00000256574,OR13A1,ortholog_one2one,85.3659,85.3659
ENSCAFG00000001763,,ENSG00000124541,RRP36,ortholog_one2one,85.3659,81.0811
ENSCAFG00000018824,,ENSG00000132589,FLOT2,ortholog_one2one,85.3608,85.7143
ENSCAFG00000009598,,ENSG00000153246,PLA2R1,ortholog_one2one,85.3574,84.0738
ENSCAFG00000004117,,ENSG00000120594,PLXDC2,ortholog_one2one,85.3571,90.3592
ENSCAFG00000046131,,ENSG00000258806,OR11H7,ortholog_one2one,85.3503,85.3503
ENSCAFG00000019963,,ENSG00000187239,FNBP1,ortholog_one2one,85.3503,86.872
ENSCAFG00000003349,,ENSG00000116005,PCYOX1,ortholog_one2one,85.3465,85.3465
ENSCAFG00000003816,,ENSG00000135587,SMPD2,ortholog_one2one,85.3428,85.3428
ENSCAFG00000002848,,ENSG00000083123,BCKDHB,ortholog_one2one,85.3428,92.0918
ENSCAFG00000015567,,ENSG00000177613,CSTF2T,ortholog_one2one,85.3365,57.6299
ENSCAFG00000001901,,ENSG00000198876,DCAF12,ortholog_one2one,85.3306,91.17
ENSCAFG00000002435,,ENSG00000162882,HAAO,ortholog_one2one,85.3282,77.2727
ENSCAFG00000028621,,ENSG00000185585,OLFML2A,ortholog_one2one,85.3253,86.5031
ENSCAFG00000017764,,ENSG00000129347,KRI1,ortholog_one2one,85.3107,85.1904
ENSCAFG00000003685,,ENSG00000095794,CREM,ortholog_one2one,85.2778,88.9855
ENSCAFG00000012720,,ENSG00000101188,NTSR1,ortholog_one2one,85.2732,85.8852
ENSCAFG00000010673,,ENSG00000138411,HECW2,ortholog_one2one,85.2679,84.6738
ENSCAFG00000041399,,ENSG00000235118,FAM237A,ortholog_one2one,85.2459,86.1878
ENSCAFG00000001386,,ENSG00000096070,BRPF3,ortholog_one2one,85.2213,94.2739
ENSCAFG00000005606,,ENSG00000130669,PAK4,ortholog_one2one,85.2134,94.5854
ENSCAFG00000008530,,ENSG00000197430,OPALIN,ortholog_one2one,85.2113,85.8156
ENSCAFG00000017802,,ENSG00000100749,VRK1,ortholog_one2one,85.2029,90.1515
ENSCAFG00000003059,,ENSG00000148158,SNX30,ortholog_one2one,85.2018,86.9565
ENSCAFG00000003895,,ENSG00000087076,HSD17B14,ortholog_one2one,85.1852,85.1852
ENSCAFG00000019270,,ENSG00000198753,PLXNB3,ortholog_one2one,85.1792,82.4017
ENSCAFG00000012390,,ENSG00000205978,NYNRIN,ortholog_one2one,85.1775,85.9852
ENSCAFG00000047553,,ENSG00000169484,OR4K14,ortholog_one2one,85.1613,85.1613
ENSCAFG00000015545,,ENSG00000101945,SUV39H1,ortholog_one2one,85.1508,86.7612
ENSCAFG00000007068,,ENSG00000198915,RASGEF1A,ortholog_one2one,85.1485,87.9346
ENSCAFG00000002829,,ENSG00000085760,MTIF2,ortholog_one2one,85.1444,85.1444
ENSCAFG00000002564,,ENSG00000261221,ZNF865,ortholog_one2one,85.1339,87.0633
ENSCAFG00000005536,,ENSG00000107937,GTPBP4,ortholog_one2one,85.1312,92.1136
ENSCAFG00000028566,,ENSG00000152954,NRSN1,ortholog_one2one,85.1282,85.1282
ENSCAFG00000017821,,ENSG00000183576,SETD3,ortholog_one2one,85.12,89.5623
ENSCAFG00000001371,,ENSG00000100242,SUN2,ortholog_one2one,85.1034,83.6043
ENSCAFG00000013294,,ENSG00000154839,SKA1,ortholog_one2one,85.098,85.098
ENSCAFG00000016519,,ENSG00000109819,PPARGC1A,ortholog_one2one,85.073,94.9875
ENSCAFG00000014177,,ENSG00000165501,LRR1,ortholog_one2one,85.0711,86.715
ENSCAFG00000000454,,ENSG00000137411,VARS2,ortholog_one2one,85.0704,85.2305
ENSCAFG00000000843,,ENSG00000100373,UPK3A,ortholog_one2one,85.0694,85.3659
ENSCAFG00000008507,,ENSG00000107447,DNTT,ortholog_one2one,85.0688,85.0688
ENSCAFG00000018014,,ENSG00000141434,MEP1B,ortholog_one2one,85.064,85.3067
ENSCAFG00000006836,,ENSG00000101282,RSPO4,ortholog_one2one,85.0427,85.0427
ENSCAFG00000008666,,ENSG00000063177,RPL18,ortholog_one2one,85.0394,56.8421
ENSCAFG00000016444,,ENSG00000102302,FGD1,ortholog_one2one,85.0299,88.6576
ENSCAFG00000011945,,ENSG00000165197,VEGFD,ortholog_one2one,85.0283,85.0283
ENSCAFG00000000116,,ENSG00000049759,NEDD4L,ortholog_one2one,85.0246,68.8198
ENSCAFG00000006058,,ENSG00000185950,IRS2,ortholog_one2one,85.0217,87.8176
ENSCAFG00000018359,,ENSG00000131724,IL13RA1,ortholog_one2one,85.0117,85.0117
ENSCAFG00000000367,,ENSG00000154269,ENPP3,ortholog_one2one,85.0114,84.9143
ENSCAFG00000010473,,ENSG00000107957,SH3PXD2A,ortholog_one2one,85.0044,86.0547
ENSCAFG00000012983,,ENSG00000173698,ADGRG2,ortholog_one2one,85.0,85.2507
ENSCAFG00000023903,,ENSG00000215277,RNF212B,ortholog_one2one,85.0,85.0
ENSCAFG00000004041,,ENSG00000185453,ZSWIM9,ortholog_one2one,84.9892,85.5435
ENSCAFG00000014014,,ENSG00000042286,AIFM2,ortholog_one2one,84.9866,84.9866
ENSCAFG00000001442,,ENSG00000100139,MICALL1,ortholog_one2one,84.9817,80.6489
ENSCAFG00000024175,,ENSG00000204131,NHSL2,ortholog_one2one,84.9796,84.9796
ENSCAFG00000005104,,ENSG00000086544,ITPKC,ortholog_one2one,84.9772,81.9912
ENSCAFG00000023881,,ENSG00000131115,ZNF227,ortholog_one2one,84.9754,86.3579
ENSCAFG00000017166,,ENSG00000165548,TMEM63C,ortholog_one2one,84.9502,84.7395
ENSCAFG00000009376,,ENSG00000101074,R3HDML,ortholog_one2one,84.9206,84.585
ENSCAFG00000000068,,ENSG00000171791,BCL2,ortholog_one2one,84.9138,82.4268
ENSCAFG00000001335,,ENSG00000112041,TULP1,ortholog_one2one,84.9091,86.1624
ENSCAFG00000028922,,ENSG00000133983,COX16,ortholog_one2one,84.9057,84.9057
ENSCAFG00000012775,,ENSG00000175029,CTBP2,ortholog_one2one,84.9015,78.7817
ENSCAFG00000014919,,ENSG00000163482,STK36,ortholog_one2one,84.9012,81.673
ENSCAFG00000020208,,ENSG00000136935,GOLGA1,ortholog_one2one,84.8883,84.2243
ENSCAFG00000009044,,ENSG00000101452,DHX35,ortholog_one2one,84.8787,84.6373
ENSCAFG00000015399,,ENSG00000123992,DNPEP,ortholog_one2one,84.8723,87.6268
ENSCAFG00000019950,,ENSG00000148357,HMCN2,ortholog_one2one,84.8683,84.7005
ENSCAFG00000005142,,ENSG00000125812,GZF1,ortholog_one2one,84.8656,84.3882
ENSCAFG00000044714,,ENSG00000244588,RAD21L1,ortholog_one2one,84.8649,84.7122
ENSCAFG00000013839,,ENSG00000156502,SUPV3L1,ortholog_one2one,84.8521,91.2214
ENSCAFG00000011278,,ENSG00000130021,PUDP,ortholog_one2one,84.8485,78.0876
ENSCAFG00000023697,,ENSG00000265203,RBP3,ortholog_one2one,84.846,83.9615
ENSCAFG00000006716,,ENSG00000122025,FLT3,ortholog_one2one,84.8397,87.9154
ENSCAFG00000019175,,ENSG00000006638,TBXA2R,ortholog_one2one,84.8397,71.4988
ENSCAFG00000015031,,ENSG00000147124,ZNF41,ortholog_one2one,84.8329,84.724
ENSCAFG00000002413,,ENSG00000151914,DST,ortholog_one2one,84.8298,88.5136
ENSCAFG00000002573,,ENSG00000179954,SSC5D,ortholog_one2one,84.8291,50.4768
ENSCAFG00000014388,,ENSG00000197746,PSAP,ortholog_one2one,84.8197,84.8197
ENSCAFG00000031495,,ENSG00000197808,ZNF461,ortholog_one2one,84.8148,81.3499
ENSCAFG00000005587,,ENSG00000089048,ESF1,ortholog_one2one,84.8057,84.6063
ENSCAFG00000006916,,ENSG00000126254,RBM42,ortholog_one2one,84.803,94.1667
ENSCAFG00000018942,,ENSG00000105355,PLIN3,ortholog_one2one,84.788,78.341
ENSCAFG00000009934,,ENSG00000124788,ATXN1,ortholog_one2one,84.78,87.4847
ENSCAFG00000017583,,ENSG00000167216,KATNAL2,ortholog_one2one,84.7788,89.0335
ENSCAFG00000011005,,ENSG00000148737,TCF7L2,ortholog_one2one,84.7788,77.3829
ENSCAFG00000000791,,ENSG00000204301,NOTCH4,ortholog_one2one,84.7716,75.0374
ENSCAFG00000007075,,ENSG00000088325,TPX2,ortholog_one2one,84.7682,81.7369
ENSCAFG00000004329,,ENSG00000077420,APBB1IP,ortholog_one2one,84.7662,84.3844
ENSCAFG00000018524,,ENSG00000099783,HNRNPM,ortholog_one2one,84.7584,93.6986
ENSCAFG00000003344,,ENSG00000095397,WHRN,ortholog_one2one,84.7548,87.6516
ENSCAFG00000002928,,ENSG00000165124,SVEP1,ortholog_one2one,84.7504,86.4577
ENSCAFG00000014874,,ENSG00000172586,CHCHD1,ortholog_one2one,84.7458,84.7458
ENSCAFG00000000145,,ENSG00000041353,RAB27B,ortholog_one2one,84.739,96.789
ENSCAFG00000028625,,ENSG00000188032,C19orf67,ortholog_one2one,84.7262,82.1229
ENSCAFG00000019920,,ENSG00000126883,NUP214,ortholog_one2one,84.7222,84.6412
ENSCAFG00000010707,,ENSG00000144395,CCDC150,ortholog_one2one,84.7145,83.5604
ENSCAFG00000001549,,ENSG00000112167,SAYSD1,ortholog_one2one,84.6995,84.6995
ENSCAFG00000002771,,ENSG00000115310,RTN4,ortholog_one2one,84.6928,70.5537
ENSCAFG00000012922,,ENSG00000183963,SMTN,ortholog_one2one,84.6865,82.2355
ENSCAFG00000018588,,ENSG00000154655,L3MBTL4,ortholog_one2one,84.6847,90.5297
ENSCAFG00000023597,,ENSG00000122859,NEUROG3,ortholog_one2one,84.6512,85.0467
ENSCAFG00000012976,,ENSG00000141562,NARF,ortholog_one2one,84.6491,76.7396
ENSCAFG00000015592,,ENSG00000126773,PCNX4,ortholog_one2one,84.648,85.1536
ENSCAFG00000003276,,ENSG00000169604,ANTXR1,ortholog_one2one,84.6416,87.9433
ENSCAFG00000014619,,ENSG00000100084,HIRA,ortholog_one2one,84.6364,91.5438
ENSCAFG00000009195,,ENSG00000137273,FOXF2,ortholog_one2one,84.6154,81.7568
ENSCAFG00000010934,,ENSG00000162944,RFTN2,ortholog_one2one,84.6154,85.6287
ENSCAFG00000023939,,ENSG00000168828,OR13J1,ortholog_one2one,84.6154,84.6154
ENSCAFG00000000601,,ENSG00000204438,GPANK1,ortholog_one2one,84.6154,83.427
ENSCAFG00000000757,,ENSG00000112499,SLC22A2,ortholog_one2one,84.6154,81.2613
ENSCAFG00000002439,,ENSG00000136925,TSTD2,ortholog_one2one,84.6008,86.2403
ENSCAFG00000031854,,ENSG00000135324,MRAP2,ortholog_one2one,84.5815,93.6585
ENSCAFG00000001310,,ENSG00000112033,PPARD,ortholog_one2one,84.5666,90.7029
ENSCAFG00000006767,,ENSG00000250799,PRODH2,ortholog_one2one,84.5652,72.5746
ENSCAFG00000011719,,ENSG00000232040,SCAND3,ortholog_one2one,84.5516,84.6792
ENSCAFG00000009496,,ENSG00000138386,NAB1,ortholog_one2one,84.5511,83.1622
ENSCAFG00000031909,,ENSG00000197863,ZNF790,ortholog_one2one,84.5426,84.2767
ENSCAFG00000011596,,ENSG00000124217,MOCS3,ortholog_one2one,84.5382,91.5217
ENSCAFG00000030835,,ENSG00000198937,CCDC167,ortholog_one2one,84.5361,84.5361
ENSCAFG00000045568,,ENSG00000196199,MPHOSPH8,ortholog_one2one,84.5349,84.5349
ENSCAFG00000024981,,ENSG00000095209,TMEM38B,ortholog_one2one,84.5324,80.756
ENSCAFG00000019810,,ENSG00000160293,VAV2,ortholog_one2one,84.5311,79.0433
ENSCAFG00000000586,,ENSG00000205560,CPT1B,ortholog_one2one,84.5297,88.4715
ENSCAFG00000018968,,ENSG00000165370,GPR101,ortholog_one2one,84.5238,83.8583
ENSCAFG00000032405,,ENSG00000130751,NPAS1,ortholog_one2one,84.4771,87.6271
ENSCAFG00000029612,,ENSG00000166343,MSS51,ortholog_one2one,84.4639,83.913
ENSCAFG00000042623,,ENSG00000242441,GTF2A1L,ortholog_one2one,84.4538,84.1004
ENSCAFG00000007601,,ENSG00000198597,ZNF536,ortholog_one2one,84.4508,91.0769
ENSCAFG00000003672,,ENSG00000177283,FZD8,ortholog_one2one,84.4406,69.5965
ENSCAFG00000000411,,ENSG00000204568,MRPS18B,ortholog_one2one,84.4358,84.1085
ENSCAFG00000031097,,ENSG00000196152,ZNF79,ortholog_one2one,84.4311,84.9398
ENSCAFG00000000988,,ENSG00000198951,NAGA,ortholog_one2one,84.4282,84.4282
ENSCAFG00000018016,,ENSG00000197565,COL4A6,ortholog_one2one,84.4171,84.4171
ENSCAFG00000010040,,ENSG00000148840,PPRC1,ortholog_one2one,84.4164,84.3149
ENSCAFG00000017188,,ENSG00000186462,NAP1L2,ortholog_one2one,84.4156,84.7826
ENSCAFG00000004210,,ENSG00000165309,ARMC3,ortholog_one2one,84.4068,85.6651
ENSCAFG00000000317,,ENSG00000118491,ZC2HC1B,ortholog_one2one,84.4037,82.8829
ENSCAFG00000018422,,ENSG00000142449,FBN3,ortholog_one2one,84.3992,84.2511
ENSCAFG00000002477,,ENSG00000106789,CORO2A,ortholog_one2one,84.3931,83.4286
ENSCAFG00000019723,,ENSG00000130559,CAMSAP1,ortholog_one2one,84.3927,83.137
ENSCAFG00000007086,,ENSG00000105699,LSR,ortholog_one2one,84.3895,84.1294
ENSCAFG00000003198,,ENSG00000119321,FKBP15,ortholog_one2one,84.3854,83.347
ENSCAFG00000016752,,ENSG00000147160,AWAT2,ortholog_one2one,84.3844,84.3844
ENSCAFG00000028837,,ENSG00000184076,UQCR10,ortholog_one2one,84.375,85.7143
ENSCAFG00000004746,,ENSG00000073050,XRCC1,ortholog_one2one,84.3373,88.4676
ENSCAFG00000015532,,ENSG00000099331,MYO9B,ortholog_one2one,84.3241,88.7807
ENSCAFG00000004380,,ENSG00000100994,PYGB,ortholog_one2one,84.3158,95.0178
ENSCAFG00000024225,,ENSG00000167685,ZNF444,ortholog_one2one,84.3077,83.792
ENSCAFG00000018965,,ENSG00000141298,SSH2,ortholog_one2one,84.3068,82.6207
ENSCAFG00000001922,,ENSG00000124688,MAD2L1BP,ortholog_one2one,84.3066,75.4902
ENSCAFG00000005248,,ENSG00000178462,TUBAL3,ortholog_one2one,84.3049,84.3049
ENSCAFG00000000627,,ENSG00000130340,SNX9,ortholog_one2one,84.2988,92.9412
ENSCAFG00000004371,,ENSG00000197586,ENTPD6,ortholog_one2one,84.2975,84.2975
ENSCAFG00000006600,,ENSG00000165383,LRRC18,ortholog_one2one,84.2912,84.2912
ENSCAFG00000012199,,ENSG00000151929,BAG3,ortholog_one2one,84.2832,84.8696
ENSCAFG00000017401,,ENSG00000124429,POF1B,ortholog_one2one,84.2809,84.7059
ENSCAFG00000009882,,ENSG00000198026,ZNF335,ortholog_one2one,84.2754,86.6617
ENSCAFG00000017319,,ENSG00000102575,ACP5,ortholog_one2one,84.2566,88.9231
ENSCAFG00000031868,,ENSG00000177853,ZNF518A,ortholog_one2one,84.2282,84.6258
ENSCAFG00000012129,,ENSG00000198873,GRK5,ortholog_one2one,84.2276,87.7966
ENSCAFG00000000838,,ENSG00000100376,SIRAL2,ortholog_one2one,84.2239,92.7171
ENSCAFG00000002386,,ENSG00000070601,FRMPD1,ortholog_one2one,84.2205,84.2205
ENSCAFG00000044479,,ENSG00000173915,ATP5MK,ortholog_one2one,84.2105,82.7586
ENSCAFG00000002552,,ENSG00000119509,INVS,ortholog_one2one,84.2105,85.6338
ENSCAFG00000003904,,ENSG00000105550,FGF21,ortholog_one2one,84.2105,84.2105
ENSCAFG00000018762,,ENSG00000141994,DUS3L,ortholog_one2one,84.186,83.5385
ENSCAFG00000018768,,ENSG00000147262,GPR119,ortholog_one2one,84.1791,84.1791
ENSCAFG00000029165,,ENSG00000160131,VMA21,ortholog_one2one,84.1584,54.4872
ENSCAFG00000005593,,ENSG00000188505,NCCRP1,ortholog_one2one,84.1509,81.0909
ENSCAFG00000031172,,ENSG00000105767,CADM4,ortholog_one2one,84.1432,84.7938
ENSCAFG00000020224,,ENSG00000136930,PSMB7,ortholog_one2one,84.127,95.6679
ENSCAFG00000018531,,ENSG00000170579,DLGAP1,ortholog_one2one,84.1228,98.1576
ENSCAFG00000002871,,ENSG00000173597,SULT1B1,ortholog_one2one,84.1216,84.1216
ENSCAFG00000030114,,ENSG00000133111,RFXAP,ortholog_one2one,84.1202,72.0588
ENSCAFG00000006576,,ENSG00000128815,WDFY4,ortholog_one2one,84.0916,84.1709
ENSCAFG00000005963,,ENSG00000139780,METTL21C,ortholog_one2one,84.0909,84.0909
ENSCAFG00000009756,,ENSG00000197977,ELOVL2,ortholog_one2one,84.0841,94.5946
ENSCAFG00000019986,,ENSG00000148335,NTMT1,ortholog_one2one,84.0816,92.3767
ENSCAFG00000019253,,ENSG00000108963,DPH1,ortholog_one2one,84.0807,84.6501
ENSCAFG00000012112,,ENSG00000130234,ACE2,ortholog_one2one,84.0796,83.9752
ENSCAFG00000024541,,ENSG00000188425,NANOS2,ortholog_one2one,84.058,84.058
ENSCAFG00000002000,,ENSG00000165282,PIGO,ortholog_one2one,84.0555,89.0725
ENSCAFG00000015162,,ENSG00000126777,KTN1,ortholog_one2one,84.0462,91.2307
ENSCAFG00000005979,,ENSG00000133103,COG6,ortholog_one2one,84.0456,89.8021
ENSCAFG00000012925,,ENSG00000044446,PHKA2,ortholog_one2one,84.0449,90.8502
ENSCAFG00000015647,,ENSG00000126814,TRMT5,ortholog_one2one,84.0404,81.7289
ENSCAFG00000009971,,ENSG00000120029,ARMH3,ortholog_one2one,84.0358,95.5007
ENSCAFG00000014404,,ENSG00000105676,ARMC6,ortholog_one2one,84.0336,79.8403
ENSCAFG00000014124,,ENSG00000250479,CHCHD10,ortholog_one2one,84.0278,81.2081
ENSCAFG00000031434,,ENSG00000112110,MRPL18,ortholog_one2one,84.0206,90.5556
ENSCAFG00000014617,,ENSG00000122882,ECD,ortholog_one2one,84.0183,81.5362
ENSCAFG00000005479,,ENSG00000125844,RRBP1,ortholog_one2one,84.0028,84.539
ENSCAFG00000018043,,ENSG00000080823,MOK,ortholog_one2one,83.9713,83.7709
ENSCAFG00000003776,,ENSG00000099250,NRP1,ortholog_one2one,83.965,93.6078
ENSCAFG00000007443,,ENSG00000101417,PXMP4,ortholog_one2one,83.9623,83.9623
ENSCAFG00000012409,,ENSG00000100441,KHNYN,ortholog_one2one,83.958,82.5959
ENSCAFG00000015051,,ENSG00000105641,SLC5A5,ortholog_one2one,83.9564,83.8258
ENSCAFG00000009513,,ENSG00000115419,GLS,ortholog_one2one,83.9523,94.6188
ENSCAFG00000023183,,ENSG00000148215,OR5C1,ortholog_one2one,83.9506,85.0
ENSCAFG00000010840,,ENSG00000150594,ADRA2A,ortholog_one2one,83.9416,74.1936
ENSCAFG00000013843,,ENSG00000100024,UPB1,ortholog_one2one,83.9378,84.375
ENSCAFG00000004208,,ENSG00000181027,FKRP,ortholog_one2one,83.9286,94.9495
ENSCAFG00000016795,,ENSG00000174227,PIGG,ortholog_one2one,83.9268,83.9268
ENSCAFG00000019117,,ENSG00000171861,MRM3,ortholog_one2one,83.9243,84.5238
ENSCAFG00000002979,,ENSG00000135315,CEP162,ortholog_one2one,83.9146,84.0342
ENSCAFG00000019314,,ENSG00000262085,OR1P1,ortholog_one2one,83.9117,80.3625
ENSCAFG00000000923,,ENSG00000047936,ROS1,ortholog_one2one,83.9095,83.7665
ENSCAFG00000019678,,ENSG00000165689,ENTR1,ortholog_one2one,83.908,83.908
ENSCAFG00000004043,,ENSG00000112769,LAMA4,ortholog_one2one,83.8988,85.4635
ENSCAFG00000005530,,ENSG00000128016,ZFP36,ortholog_one2one,83.8806,84.6386
ENSCAFG00000004891,,ENSG00000167625,ZNF526,ortholog_one2one,83.8755,88.5075
ENSCAFG00000009394,,ENSG00000064933,PMS1,ortholog_one2one,83.871,83.691
ENSCAFG00000019864,,ENSG00000148288,GBGT1,ortholog_one2one,83.8617,83.8617
ENSCAFG00000018843,,ENSG00000141391,PRELID3A,ortholog_one2one,83.8509,74.5856
ENSCAFG00000006624,,ENSG00000225830,ERCC6,ortholog_one2one,83.8493,83.4561
ENSCAFG00000015372,,ENSG00000137449,CPEB2,ortholog_one2one,83.8483,57.7369
ENSCAFG00000017610,,ENSG00000142444,TIMM29,ortholog_one2one,83.8462,83.8462
ENSCAFG00000029030,,ENSG00000104979,C19orf53,ortholog_one2one,83.8384,83.8384
ENSCAFG00000007172,,ENSG00000165487,MICU2,ortholog_one2one,83.8337,83.6406
ENSCAFG00000001987,,ENSG00000146221,DRC5,ortholog_one2one,83.8323,83.8323
ENSCAFG00000006072,,ENSG00000139832,RAB20,ortholog_one2one,83.8298,84.188
ENSCAFG00000031270,,ENSG00000137288,UQCC2,ortholog_one2one,83.8235,90.4762
ENSCAFG00000016842,,ENSG00000170468,RIOX1,ortholog_one2one,83.8095,82.3713
ENSCAFG00000019143,,ENSG00000102195,GPR50,ortholog_one2one,83.7925,83.7925
ENSCAFG00000014603,,ENSG00000100505,TRIM9,ortholog_one2one,83.7748,94.6384
ENSCAFG00000002539,,ENSG00000136874,STX17,ortholog_one2one,83.7681,95.6954
ENSCAFG00000012065,,ENSG00000124253,PCK1,ortholog_one2one,83.7594,89.5498
ENSCAFG00000004488,,ENSG00000148482,SLC39A12,ortholog_one2one,83.7446,83.5022
ENSCAFG00000002504,,ENSG00000138075,ABCG5,ortholog_one2one,83.7423,83.871
ENSCAFG00000029504,,ENSG00000256087,ZNF432,ortholog_one2one,83.7423,83.7423
ENSCAFG00000000787,,ENSG00000205643,CDPF1,ortholog_one2one,83.7398,83.7398
ENSCAFG00000005419,,ENSG00000198805,PNP,ortholog_one2one,83.737,83.737
ENSCAFG00000046446,,ENSG00000203734,ECT2L,ortholog_one2one,83.7292,77.9867
ENSCAFG00000014345,,ENSG00000115414,FN1,ortholog_one2one,83.72,87.4041
ENSCAFG00000001966,,ENSG00000172985,SH3RF3,ortholog_one2one,83.7054,85.034
ENSCAFG00000004398,,ENSG00000011478,QPCTL,ortholog_one2one,83.7037,88.7435
ENSCAFG00000009314,,ENSG00000124588,NQO2,ortholog_one2one,83.7004,82.2511
ENSCAFG00000019885,,ENSG00000165698,SPACA9,ortholog_one2one,83.7004,85.5856
ENSCAFG00000019189,,ENSG00000182492,BGN,ortholog_one2one,83.693,94.837
ENSCAFG00000018591,,ENSG00000088756,ARHGAP28,ortholog_one2one,83.6761,89.3004
ENSCAFG00000042476,,ENSG00000215595,C20orf202,ortholog_one2one,83.6735,67.2131
ENSCAFG00000000982,,ENSG00000184983,NDUFA6,ortholog_one2one,83.6735,79.8701
ENSCAFG00000017515,,ENSG00000119720,NRDE2,ortholog_one2one,83.6735,81.0137
ENSCAFG00000047022,,ENSG00000204315,FKBPL,ortholog_one2one,83.6676,83.6676
ENSCAFG00000024725,,ENSG00000074966,TXK,ortholog_one2one,83.6661,87.4763
ENSCAFG00000030838,,ENSG00000148344,PTGES,ortholog_one2one,83.6601,84.2105
ENSCAFG00000006879,,ENSG00000165406,MARCHF8,ortholog_one2one,83.6555,83.0716
ENSCAFG00000007231,,ENSG00000150456,EEF1AKMT1,ortholog_one2one,83.6449,83.6449
ENSCAFG00000005568,,ENSG00000179134,SAMD4B,ortholog_one2one,83.6228,97.1182
ENSCAFG00000000673,,ENSG00000196576,PLXNB2,ortholog_one2one,83.6211,86.9423
ENSCAFG00000015345,,ENSG00000048342,CC2D2A,ortholog_one2one,83.6165,84.4363
ENSCAFG00000003442,,ENSG00000116039,ATP6V1B1,ortholog_one2one,83.6158,86.5497
ENSCAFG00000002981,,ENSG00000162924,REL,ortholog_one2one,83.612,80.7754
ENSCAFG00000012514,,ENSG00000099992,TBC1D10A,ortholog_one2one,83.6036,90.0971
ENSCAFG00000001537,,ENSG00000164946,FREM1,ortholog_one2one,83.6005,83.754
ENSCAFG00000017663,,ENSG00000197046,SIGLEC15,ortholog_one2one,83.5866,83.8415
ENSCAFG00000042181,,ENSG00000138433,CIRSR,ortholog_one2one,83.5789,88.2222
ENSCAFG00000003694,,ENSG00000057657,PRDM1,ortholog_one2one,83.5766,81.8832
ENSCAFG00000005354,,ENSG00000067082,KLF6,ortholog_one2one,83.5664,84.4523
ENSCAFG00000008068,,ENSG00000108239,TBC1D12,ortholog_one2one,83.5651,85.2903
ENSCAFG00000005340,,ENSG00000167565,SERTAD3,ortholog_one2one,83.5616,93.3673
ENSCAFG00000046149,,ENSG00000174951,FUT1,ortholog_one2one,83.5616,83.5616
ENSCAFG00000031996,,ENSG00000167378,IRGQ,ortholog_one2one,83.5443,84.7512
ENSCAFG00000002370,,ENSG00000137106,GRHPR,ortholog_one2one,83.5366,76.5363
ENSCAFG00000002294,,ENSG00000158411,MITD1,ortholog_one2one,83.5341,83.5341
ENSCAFG00000029961,,ENSG00000198768,APCDD1L,ortholog_one2one,83.5341,83.0339
ENSCAFG00000015984,,ENSG00000147081,AKAP4,ortholog_one2one,83.528,83.7237
ENSCAFG00000009318,,ENSG00000153237,CCDC148,ortholog_one2one,83.5275,83.6667
ENSCAFG00000005651,,ENSG00000125863,MKKS,ortholog_one2one,83.5088,83.5088
ENSCAFG00000000274,,ENSG00000051620,HEBP2,ortholog_one2one,83.5,81.4634
ENSCAFG00000000891,,ENSG00000164451,CALHM4,ortholog_one2one,83.4862,86.9427
ENSCAFG00000007341,,ENSG00000167104,BPIFB6,ortholog_one2one,83.4821,82.5607
ENSCAFG00000004140,,ENSG00000118160,SLC8A2,ortholog_one2one,83.4726,97.6113
ENSCAFG00000009615,,ENSG00000101109,STK4,ortholog_one2one,83.463,88.0903
ENSCAFG00000013690,,ENSG00000198807,PAX9,ortholog_one2one,83.4625,94.7214
ENSCAFG00000016891,,ENSG00000119636,BBOF1,ortholog_one2one,83.4586,83.9319
ENSCAFG00000016354,,ENSG00000109689,STIM2,ortholog_one2one,83.4568,89.6552
ENSCAFG00000010928,,ENSG00000197142,ACSL5,ortholog_one2one,83.4553,77.1313
ENSCAFG00000005383,,ENSG00000136319,TTC5,ortholog_one2one,83.4467,83.6364
ENSCAFG00000005679,,ENSG00000221977,OR4E2,ortholog_one2one,83.4416,82.1086
ENSCAFG00000015590,,ENSG00000160111,CPAMD8,ortholog_one2one,83.4356,77.4327
ENSCAFG00000031708,,ENSG00000130638,ATXN10,ortholog_one2one,83.4308,90.1053
ENSCAFG00000002822,,ENSG00000135338,LCA5,ortholog_one2one,83.4286,83.7877
ENSCAFG00000000058,,ENSG00000166401,SERPINB8,ortholog_one2one,83.4225,83.4225
ENSCAFG00000018687,,ENSG00000130382,MLLT1,ortholog_one2one,83.4171,89.0877
ENSCAFG00000001891,,ENSG00000137073,UBAP2,ortholog_one2one,83.4046,87.1314
ENSCAFG00000007575,,ENSG00000178904,DPY19L3,ortholog_one2one,83.3958,93.2961
ENSCAFG00000000767,,ENSG00000075275,CELSR1,ortholog_one2one,83.3947,75.0248
ENSCAFG00000012133,,ENSG00000204704,OR2W1,ortholog_one2one,83.3866,81.5625
ENSCAFG00000020045,,ENSG00000160447,PKN3,ortholog_one2one,83.3859,89.2013
ENSCAFG00000004531,,ENSG00000174032,SLC25A30,ortholog_one2one,83.3828,96.5636
ENSCAFG00000014594,,ENSG00000131969,ABHD12B,ortholog_one2one,83.3811,80.3867
ENSCAFG00000000093,,ENSG00000183287,CCBE1,ortholog_one2one,83.3741,83.9902
ENSCAFG00000012509,,ENSG00000130699,TAF4,ortholog_one2one,83.3726,65.1613
ENSCAFG00000015056,,ENSG00000090316,MAEA,ortholog_one2one,83.3676,93.5484
ENSCAFG00000015229,,ENSG00000130479,MAP1S,ortholog_one2one,83.3648,83.2861
ENSCAFG00000023079,,ENSG00000135945,REV1,ortholog_one2one,83.3581,89.6882
ENSCAFG00000009536,,ENSG00000023839,ABCC2,ortholog_one2one,83.3549,83.301
ENSCAFG00000004249,,ENSG00000107863,ARHGAP21,ortholog_one2one,83.3505,82.5843
ENSCAFG00000013498,,ENSG00000100191,SLC5A4,ortholog_one2one,83.3333,83.4598
ENSCAFG00000014361,,ENSG00000118242,MREG,ortholog_one2one,83.3333,79.4393
ENSCAFG00000032205,,ENSG00000092094,OSGEP,ortholog_one2one,83.3333,88.0597
ENSCAFG00000006758,,ENSG00000161270,NPHS1,ortholog_one2one,83.3205,86.946
ENSCAFG00000029140,,ENSG00000185736,ADARB2,ortholog_one2one,83.3103,81.7321
ENSCAFG00000030721,,ENSG00000123500,COL10A1,ortholog_one2one,83.3087,82.9412
ENSCAFG00000007107,,ENSG00000131044,TTLL9,ortholog_one2one,83.2972,87.4715
ENSCAFG00000019018,,ENSG00000214456,PLIN5,ortholog_one2one,83.2967,81.8575
ENSCAFG00000002628,,ENSG00000131037,EPS8L1,ortholog_one2one,83.2884,85.4772
ENSCAFG00000019905,,ENSG00000130714,POMT1,ortholog_one2one,83.2685,85.9438
ENSCAFG00000004478,,ENSG00000136141,LRCH1,ortholog_one2one,83.2653,80.2097
ENSCAFG00000019426,,ENSG00000099840,IZUMO4,ortholog_one2one,83.2599,81.4655
ENSCAFG00000018922,,ENSG00000168792,ABHD15,ortholog_one2one,83.2335,89.1026
ENSCAFG00000003868,,ENSG00000168438,CDC40,ortholog_one2one,83.2061,94.1278
ENSCAFG00000013469,,ENSG00000144410,CPO,ortholog_one2one,83.2,83.4225
ENSCAFG00000018891,,ENSG00000101928,MOSPD1,ortholog_one2one,83.1933,92.5234
ENSCAFG00000004810,,ENSG00000189377,CXCL17,ortholog_one2one,83.1933,83.1933
ENSCAFG00000002602,,ENSG00000154079,SDHAF4,ortholog_one2one,83.1776,82.4074
ENSCAFG00000018883,,ENSG00000179761,PIPOX,ortholog_one2one,83.1633,83.5897
ENSCAFG00000003065,,ENSG00000164414,SLC35A1,ortholog_one2one,83.1579,93.7685
ENSCAFG00000000692,,ENSG00000073169,SELENOO,ortholog_one2one,83.1373,63.3782
ENSCAFG00000000758,,ENSG00000122194,PLG,ortholog_one2one,83.1281,83.3333
ENSCAFG00000032747,,ENSG00000167363,FN3K,ortholog_one2one,83.1081,79.6116
ENSCAFG00000029028,,ENSG00000167380,ZNF226,ortholog_one2one,83.1056,83.3126
ENSCAFG00000016028,,ENSG00000158352,SHROOM4,ortholog_one2one,83.105,85.3316
ENSCAFG00000006390,,ENSG00000186009,ATP4B,ortholog_one2one,83.1034,82.8179
ENSCAFG00000029577,,ENSG00000159788,RGS12,ortholog_one2one,83.1015,82.5847
ENSCAFG00000031015,,ENSG00000128245,YWHAH,ortholog_one2one,83.0827,89.8374
ENSCAFG00000012700,,ENSG00000154473,BUB3,ortholog_one2one,83.0816,83.8415
ENSCAFG00000018945,,ENSG00000102245,CD40LG,ortholog_one2one,83.0769,82.7586
ENSCAFG00000012337,,ENSG00000082126,MPP4,ortholog_one2one,83.0721,83.2025
ENSCAFG00000024388,,ENSG00000206422,LRRC30,ortholog_one2one,83.0565,83.0565
ENSCAFG00000017178,,ENSG00000009830,POMT2,ortholog_one2one,83.0488,90.8
ENSCAFG00000012552,,ENSG00000184402,SS18L1,ortholog_one2one,83.0424,84.0909
ENSCAFG00000017141,,ENSG00000119715,ESRRB,ortholog_one2one,83.0409,83.8583
ENSCAFG00000002122,,ENSG00000135972,MRPS9,ortholog_one2one,83.038,82.8283
ENSCAFG00000010380,,ENSG00000156374,PCGF6,ortholog_one2one,83.0287,90.8571
ENSCAFG00000008477,,ENSG00000095585,BLNK,ortholog_one2one,83.0228,87.9386
ENSCAFG00000014681,,ENSG00000188981,MSANTD1,ortholog_one2one,83.0189,77.193
ENSCAFG00000018384,,ENSG00000005022,SLC25A5,ortholog_one2one,83.0189,88.5906
ENSCAFG00000001424,,ENSG00000184381,PLA2G6,ortholog_one2one,83.0144,84.6341
ENSCAFG00000048117,,ENSG00000170920,OR7G3,ortholog_one2one,83.0128,83.0128
ENSCAFG00000002632,,ENSG00000151665,PIGF,ortholog_one2one,83.0097,78.0822
ENSCAFG00000015725,,ENSG00000152953,STK32B,ortholog_one2one,83.0097,82.6087
ENSCAFG00000001002,,ENSG00000172594,SMPDL3A,ortholog_one2one,83.0022,83.0022
ENSCAFG00000001601,,ENSG00000147872,PLIN2,ortholog_one2one,82.9978,84.897
ENSCAFG00000029927,,ENSG00000203772,SPRN,ortholog_one2one,82.9932,80.7947
ENSCAFG00000017342,,ENSG00000140030,GPR65,ortholog_one2one,82.9912,83.9763
ENSCAFG00000000144,,ENSG00000166510,CCDC68,ortholog_one2one,82.9851,82.9851
ENSCAFG00000049987,,ENSG00000198832,SELENOM,ortholog_one2one,82.9787,80.6897
ENSCAFG00000014329,,ENSG00000213996,TM6SF2,ortholog_one2one,82.9787,82.7586
ENSCAFG00000015705,,ENSG00000163132,MSX1,ortholog_one2one,82.971,75.5776
ENSCAFG00000016167,,ENSG00000160994,TEKTL1,ortholog_one2one,82.9659,82.9659
ENSCAFG00000018700,,ENSG00000122121,XPNPEP2,ortholog_one2one,82.963,83.0861
ENSCAFG00000001053,,ENSG00000100413,POLR3H,ortholog_one2one,82.9596,90.6863
ENSCAFG00000002310,,ENSG00000135951,TSGA10,ortholog_one2one,82.9596,93.7896
ENSCAFG00000014415,,ENSG00000138303,ASCC1,ortholog_one2one,82.9545,73.0
ENSCAFG00000015440,,ENSG00000100034,PPM1F,ortholog_one2one,82.9545,80.3965
ENSCAFG00000010361,,ENSG00000124370,MCEE,ortholog_one2one,82.9545,82.9545
ENSCAFG00000018976,,ENSG00000126653,NSRP1,ortholog_one2one,82.9485,83.6918
ENSCAFG00000020063,,ENSG00000167114,SLC27A4,ortholog_one2one,82.9457,83.2037
ENSCAFG00000011016,,ENSG00000148702,HABP2,ortholog_one2one,82.9443,82.5
ENSCAFG00000015141,,ENSG00000163516,ANKZF1,ortholog_one2one,82.9404,82.3691
ENSCAFG00000013447,,ENSG00000128710,HOXD10,ortholog_one2one,82.9268,100.0
ENSCAFG00000011219,,ENSG00000043591,ADRB1,ortholog_one2one,82.9218,84.4864
ENSCAFG00000000963,,ENSG00000237441,RGL2,ortholog_one2one,82.9091,88.0309
ENSCAFG00000012114,,ENSG00000100263,RHBDD3,ortholog_one2one,82.9016,82.9016
ENSCAFG00000011726,,ENSG00000198759,EGFL6,ortholog_one2one,82.8829,83.0325
ENSCAFG00000012556,,ENSG00000166033,HTRA1,ortholog_one2one,82.8784,69.5833
ENSCAFG00000009644,,ENSG00000107593,PKD2L1,ortholog_one2one,82.8671,88.323
ENSCAFG00000009212,,ENSG00000112699,GMDS,ortholog_one2one,82.8571,77.957
ENSCAFG00000004308,,ENSG00000204977,TRIM13,ortholog_one2one,82.8571,91.9512
ENSCAFG00000017692,,ENSG00000102393,GLA,ortholog_one2one,82.8571,74.0426
ENSCAFG00000012545,,ENSG00000138380,CARF,ortholog_one2one,82.8338,83.8621
ENSCAFG00000002463,,ENSG00000115970,THADA,ortholog_one2one,82.8293,82.7445
ENSCAFG00000016161,,ENSG00000197712,FAM114A1,ortholog_one2one,82.8265,82.238
ENSCAFG00000014604,,ENSG00000166321,NUDT13,ortholog_one2one,82.8255,84.9432
ENSCAFG00000002605,,ENSG00000133265,HSPBP1,ortholog_one2one,82.8125,88.5794
ENSCAFG00000019652,,ENSG00000116017,ARID3A,ortholog_one2one,82.8099,84.4857
ENSCAFG00000001590,,ENSG00000155875,SAXO1,ortholog_one2one,82.8092,83.3333
ENSCAFG00000019132,,ENSG00000181031,RPH3AL,ortholog_one2one,82.7815,79.3651
ENSCAFG00000009522,,ENSG00000124249,KCNK15,ortholog_one2one,82.7795,83.0303
ENSCAFG00000001003,,ENSG00000100162,CENPM,ortholog_one2one,82.7778,82.7778
ENSCAFG00000003625,,ENSG00000104870,FCGRT,ortholog_one2one,82.7684,80.274
ENSCAFG00000016720,,ENSG00000130052,STARD8,ortholog_one2one,82.7679,84.0435
ENSCAFG00000004425,,ENSG00000213889,PPM1N,ortholog_one2one,82.7586,78.1395
ENSCAFG00000018028,,ENSG00000133124,IRS4,ortholog_one2one,82.7451,83.93
ENSCAFG00000000562,,ENSG00000153721,CNKSR3,ortholog_one2one,82.7362,91.5315
ENSCAFG00000002483,,ENSG00000095383,TBC1D2,ortholog_one2one,82.7292,83.6207
ENSCAFG00000000876,,ENSG00000138964,PARVG,ortholog_one2one,82.7273,82.4773
ENSCAFG00000029297,,ENSG00000152766,ANKRD22,ortholog_one2one,82.7225,82.7225
ENSCAFG00000017278,,ENSG00000187325,TAF9B,ortholog_one2one,82.699,95.2191
ENSCAFG00000005096,,ENSG00000123243,ITIH5,ortholog_one2one,82.6944,80.1486
ENSCAFG00000014847,,ENSG00000166317,SYNPO2L,ortholog_one2one,82.6816,90.8905
ENSCAFG00000031283,,ENSG00000213762,ZNF134,ortholog_one2one,82.6603,81.4988
ENSCAFG00000001367,,ENSG00000221890,NPTXR,ortholog_one2one,82.6464,76.2
ENSCAFG00000023436,,ENSG00000166396,SERPINB7,ortholog_one2one,82.6316,82.6316
ENSCAFG00000005656,,ENSG00000088386,SLC15A1,ortholog_one2one,82.6271,82.6271
ENSCAFG00000024275,,ENSG00000275663,H4C7,ortholog_one2one,82.6087,77.551
ENSCAFG00000013602,,ENSG00000108187,PBLD,ortholog_one2one,82.5949,90.625
ENSCAFG00000006621,,ENSG00000075702,WDR62,ortholog_one2one,82.5945,83.1911
ENSCAFG00000018697,,ENSG00000128791,TWSG1,ortholog_one2one,82.5911,91.4798
ENSCAFG00000018387,,ENSG00000101574,METTL4,ortholog_one2one,82.5902,82.4153
ENSCAFG00000006809,,ENSG00000266412,NCOA4,ortholog_one2one,82.56,79.3846
ENSCAFG00000019121,,ENSG00000089847,ANKRD24,ortholog_one2one,82.5593,64.7249
ENSCAFG00000009685,,ENSG00000075826,SEC31B,ortholog_one2one,82.5572,82.6972
ENSCAFG00000015578,,ENSG00000139970,RTN1,ortholog_one2one,82.5175,76.0309
ENSCAFG00000004256,,ENSG00000105287,PRKD2,ortholog_one2one,82.5147,94.5946
ENSCAFG00000016035,,ENSG00000165807,PPP1R36,ortholog_one2one,82.5123,79.3839
ENSCAFG00000023655,,ENSG00000198075,SULT1C4,ortholog_one2one,82.5082,82.7815
ENSCAFG00000006578,,ENSG00000161281,COX7A1,ortholog_one2one,82.5,83.5443
ENSCAFG00000003798,,ENSG00000183137,CEP57L1,ortholog_one2one,82.4894,81.9706
ENSCAFG00000017411,,ENSG00000187266,EPOR,ortholog_one2one,82.4803,82.4803
ENSCAFG00000003282,,ENSG00000157657,ZNF618,ortholog_one2one,82.4732,88.7841
ENSCAFG00000002225,,ENSG00000107185,RGP1,ortholog_one2one,82.4719,93.8619
ENSCAFG00000000309,,ENSG00000001036,FUCA2,ortholog_one2one,82.4691,71.5203
ENSCAFG00000007323,,ENSG00000167098,SUN5,ortholog_one2one,82.4658,79.4195
ENSCAFG00000028752,,ENSG00000262664,OVCA2,ortholog_one2one,82.4561,82.8194
ENSCAFG00000002643,,ENSG00000239605,STPG4,ortholog_one2one,82.449,81.4516
ENSCAFG00000031215,,ENSG00000147113,DIPK2B,ortholog_one2one,82.448,82.448
ENSCAFG00000006986,,ENSG00000105679,GAPDHS,ortholog_one2one,82.4257,81.6176
ENSCAFG00000015668,,ENSG00000132406,TMEM128,ortholog_one2one,82.4242,82.4242
ENSCAFG00000010284,,ENSG00000112293,GPLD1,ortholog_one2one,82.4228,82.619
ENSCAFG00000005480,,ENSG00000102580,DNAJC3,ortholog_one2one,82.4197,86.5079
ENSCAFG00000004368,,ENSG00000100987,VSX1,ortholog_one2one,82.4176,82.1918
ENSCAFG00000009142,,ENSG00000132793,LPIN3,ortholog_one2one,82.4085,81.9249
ENSCAFG00000014403,,ENSG00000184985,SORCS2,ortholog_one2one,82.405,80.4141
ENSCAFG00000002095,,ENSG00000153294,ADGRF4,ortholog_one2one,82.3954,75.9309
ENSCAFG00000032420,,ENSG00000179933,C14orf119,ortholog_one2one,82.3944,83.5714
ENSCAFG00000012792,,ENSG00000100029,PES1,ortholog_one2one,82.391,86.7347
ENSCAFG00000004568,,ENSG00000107611,CUBN,ortholog_one2one,82.3741,82.1695
ENSCAFG00000012636,,ENSG00000123600,METTL8,ortholog_one2one,82.3671,83.7838
ENSCAFG00000043946,,ENSG00000170950,PGK2,ortholog_one2one,82.3661,88.4892
ENSCAFG00000017191,,ENSG00000100580,TMED8,ortholog_one2one,82.3529,81.8462
ENSCAFG00000029267,,ENSG00000167617,CDC42EP5,ortholog_one2one,82.3529,85.1351
ENSCAFG00000003746,,ENSG00000130529,TRPM4,ortholog_one2one,82.329,83.2784
ENSCAFG00000003063,,ENSG00000119457,SLC46A2,ortholog_one2one,82.3285,83.3684
ENSCAFG00000009367,,ENSG00000107521,HPS1,ortholog_one2one,82.3256,75.8571
ENSCAFG00000011660,,ENSG00000133454,MYO18B,ortholog_one2one,82.323,81.9704
ENSCAFG00000003960,,ENSG00000056972,TRAF3IP2,ortholog_one2one,82.3214,80.3136
ENSCAFG00000014834,,ENSG00000147123,NDUFB11,ortholog_one2one,82.3171,82.8221
ENSCAFG00000016529,,ENSG00000249948,GBA3,ortholog_one2one,82.2938,87.3932
ENSCAFG00000002214,,ENSG00000065308,TRAM2,ortholog_one2one,82.2785,87.8378
ENSCAFG00000014373,,ENSG00000184470,TXNRD2,ortholog_one2one,82.2761,84.1603
ENSCAFG00000016452,,ENSG00000038210,PI4K2B,ortholog_one2one,82.2727,75.2599
ENSCAFG00000001287,,ENSG00000124678,TCP11,ortholog_one2one,82.2709,80.0388
ENSCAFG00000000577,,ENSG00000146426,TIAM2,ortholog_one2one,82.2612,73.1792
ENSCAFG00000014583,,ENSG00000109625,CPZ,ortholog_one2one,82.2581,78.2209
ENSCAFG00000007349,,ENSG00000186190,BPIFB3,ortholog_one2one,82.2547,82.7731
ENSCAFG00000029871,,ENSG00000167384,ZNF180,ortholog_one2one,82.2485,80.3468
ENSCAFG00000018658,,ENSG00000123165,ACTRT1,ortholog_one2one,82.2281,82.4468
ENSCAFG00000032570,,ENSG00000186130,ZBTB6,ortholog_one2one,82.2222,95.9906
ENSCAFG00000004215,,ENSG00000148450,MSRB2,ortholog_one2one,82.2222,81.3187
ENSCAFG00000005392,,ENSG00000107959,PITRM1,ortholog_one2one,82.2222,81.9846
ENSCAFG00000012200,,ENSG00000204613,TRIM10,ortholog_one2one,82.2176,81.7048
ENSCAFG00000005483,,ENSG00000165801,ARHGEF40,ortholog_one2one,82.2044,87.8868
ENSCAFG00000013703,,ENSG00000144407,PTH2R,ortholog_one2one,82.1918,76.3636
ENSCAFG00000032617,,ENSG00000196812,ZSCAN16,ortholog_one2one,82.1839,82.1839
ENSCAFG00000017955,,ENSG00000080511,RDH8,ortholog_one2one,82.1752,82.1752
ENSCAFG00000003873,,ENSG00000053328,METTL24,ortholog_one2one,82.1656,70.4918
ENSCAFG00000004677,,ENSG00000023516,AKAP11,ortholog_one2one,82.1485,82.0621
ENSCAFG00000000965,,ENSG00000189306,RRP7A,ortholog_one2one,82.1429,82.1429
ENSCAFG00000029590,,ENSG00000137414,FAM8A1,ortholog_one2one,82.1429,77.9661
ENSCAFG00000000566,,ENSG00000100299,ARSA,ortholog_one2one,82.1355,78.5855
ENSCAFG00000011499,,ENSG00000124216,SNAI1,ortholog_one2one,82.1293,81.8182
ENSCAFG00000006965,,ENSG00000101255,TRIB3,ortholog_one2one,82.1229,76.3636
ENSCAFG00000019679,,ENSG00000129951,PLPPR3,ortholog_one2one,82.0988,89.1421
ENSCAFG00000018627,,ENSG00000125735,TNFSF14,ortholog_one2one,82.0833,82.0833
ENSCAFG00000004161,,ENSG00000105419,MEIS3,ortholog_one2one,82.0755,75.162
ENSCAFG00000002273,,ENSG00000137270,GCM1,ortholog_one2one,82.069,81.8807
ENSCAFG00000004382,,ENSG00000120539,MASTL,ortholog_one2one,82.0665,78.6121
ENSCAFG00000015626,,ENSG00000188039,NWD1,ortholog_one2one,82.0562,82.1611
ENSCAFG00000017299,,ENSG00000174016,TENT5D,ortholog_one2one,82.0513,82.2622
ENSCAFG00000018857,,ENSG00000076716,GPC4,ortholog_one2one,82.047,87.9496
ENSCAFG00000014622,,ENSG00000175920,DOK7,ortholog_one2one,82.0459,77.9762
ENSCAFG00000008037,,ENSG00000126001,CEP250,ortholog_one2one,82.0418,81.941
ENSCAFG00000003242,,ENSG00000119411,BSPRY,ortholog_one2one,82.0375,76.1194
ENSCAFG00000028607,,ENSG00000130755,GMFG,ortholog_one2one,82.0359,96.4789
ENSCAFG00000016175,,ENSG00000174123,TLR10,ortholog_one2one,82.0322,81.6276
ENSCAFG00000001043,,ENSG00000196419,XRCC6,ortholog_one2one,82.0261,82.4302
ENSCAFG00000001017,,ENSG00000213588,ZBTB9,ortholog_one2one,82.0225,77.167
ENSCAFG00000015908,,ENSG00000148600,CDHR1,ortholog_one2one,82.0144,79.6275
ENSCAFG00000005623,,ENSG00000128626,MRPS12,ortholog_one2one,82.0144,82.6087
ENSCAFG00000019927,,ENSG00000050555,LAMC3,ortholog_one2one,82.0081,77.2698
ENSCAFG00000017631,,ENSG00000099203,TMED1,ortholog_one2one,82.0,90.3084
ENSCAFG00000019523,,ENSG00000115266,APC2,ortholog_one2one,81.9981,73.7733
ENSCAFG00000005070,,ENSG00000102794,ACOD1,ortholog_one2one,81.9502,82.1206
ENSCAFG00000002421,,ENSG00000251369,ZNF550,ortholog_one2one,81.9477,81.7536
ENSCAFG00000012400,,ENSG00000107669,ATE1,ortholog_one2one,81.9469,89.3822
ENSCAFG00000002499,,ENSG00000138036,DYNC2LI1,ortholog_one2one,81.9407,86.3636
ENSCAFG00000013856,,ENSG00000115361,ACADL,ortholog_one2one,81.9222,83.2558
ENSCAFG00000009324,,ENSG00000138131,LOXL4,ortholog_one2one,81.9188,88.0952
ENSCAFG00000012893,,ENSG00000101204,CHRNA4,ortholog_one2one,81.9165,84.5295
ENSCAFG00000004095,,ENSG00000024422,EHD2,ortholog_one2one,81.9149,99.2634
ENSCAFG00000023693,,ENSG00000118492,ADGB,ortholog_one2one,81.9117,81.2238
ENSCAFG00000001501,,ENSG00000128283,CDC42EP1,ortholog_one2one,81.9018,68.2864
ENSCAFG00000007027,,ENSG00000126262,FFAR2,ortholog_one2one,81.8731,82.1212
ENSCAFG00000002315,,ENSG00000137075,RNF38,ortholog_one2one,81.862,99.0291
ENSCAFG00000001858,,ENSG00000171462,DLK2,ortholog_one2one,81.8605,91.906
ENSCAFG00000017337,,ENSG00000054983,GALC,ortholog_one2one,81.8578,82.3358
ENSCAFG00000011779,,ENSG00000100122,CRYBB1,ortholog_one2one,81.8548,80.5556
ENSCAFG00000019001,,ENSG00000101977,MCF2,ortholog_one2one,81.8526,84.2412
ENSCAFG00000014692,,ENSG00000168229,PTGDR,ortholog_one2one,81.8436,81.6156
ENSCAFG00000001104,,ENSG00000100399,CHADL,ortholog_one2one,81.8428,79.2651
ENSCAFG00000019886,,ENSG00000165695,AK8,ortholog_one2one,81.8372,81.8372
ENSCAFG00000020134,,ENSG00000148356,LRSAM1,ortholog_one2one,81.8304,81.0667
ENSCAFG00000018070,,ENSG00000134755,DSC2,ortholog_one2one,81.8182,81.909
ENSCAFG00000017468,,ENSG00000186310,NAP1L3,ortholog_one2one,81.8182,76.4822
ENSCAFG00000001188,,ENSG00000161896,IP6K3,ortholog_one2one,81.8182,81.2195
ENSCAFG00000004491,,ENSG00000136167,LCP1,ortholog_one2one,81.8061,98.2456
ENSCAFG00000001903,,ENSG00000145246,ATP10D,ortholog_one2one,81.7937,85.0631
ENSCAFG00000013411,,ENSG00000127884,ECHS1,ortholog_one2one,81.7869,82.069
ENSCAFG00000000936,,ENSG00000100266,PACSIN2,ortholog_one2one,81.768,91.358
ENSCAFG00000002029,,ENSG00000153291,SLC25A27,ortholog_one2one,81.768,91.6409
ENSCAFG00000006568,,ENSG00000128805,ARHGAP22,ortholog_one2one,81.7647,77.8711
ENSCAFG00000003058,,ENSG00000203872,C6orf163,ortholog_one2one,81.7629,81.7629
ENSCAFG00000007254,,ENSG00000180628,PCGF5,ortholog_one2one,81.7568,94.5312
ENSCAFG00000018807,,ENSG00000141401,IMPA2,ortholog_one2one,81.7568,84.0278
ENSCAFG00000001067,,ENSG00000146374,RSPO3,ortholog_one2one,81.7518,76.7123
ENSCAFG00000018433,,ENSG00000101882,NKAP,ortholog_one2one,81.7481,76.6265
ENSCAFG00000016143,,ENSG00000182902,SLC25A18,ortholog_one2one,81.7391,89.5238
ENSCAFG00000004754,,ENSG00000065328,MCM10,ortholog_one2one,81.7362,82.8571
ENSCAFG00000002542,,ENSG00000023318,ERP44,ortholog_one2one,81.7337,65.0246
ENSCAFG00000032058,,ENSG00000174667,OR7D4,ortholog_one2one,81.7308,81.7308
ENSCAFG00000001807,,ENSG00000107201,RIGI,ortholog_one2one,81.7297,81.7297
ENSCAFG00000016158,,ENSG00000099968,BCL2L13,ortholog_one2one,81.7204,74.6562
ENSCAFG00000000714,,ENSG00000100426,ZBED4,ortholog_one2one,81.7167,81.298
ENSCAFG00000011347,,ENSG00000124214,STAU1,ortholog_one2one,81.7109,96.0139
ENSCAFG00000002745,,ENSG00000130844,ZNF331,ortholog_one2one,81.6901,87.689
ENSCAFG00000017790,,ENSG00000065989,PDE4A,ortholog_one2one,81.6826,86.5688
ENSCAFG00000019240,,ENSG00000167711,SERPINF2,ortholog_one2one,81.6701,81.6701
ENSCAFG00000002006,,ENSG00000163071,SPATA18,ortholog_one2one,81.6667,81.9703
ENSCAFG00000006904,,ENSG00000101276,SLC52A3,ortholog_one2one,81.6631,81.6631
ENSCAFG00000019305,,ENSG00000132359,RAP1GAP2,ortholog_one2one,81.6479,84.8249
ENSCAFG00000009687,,ENSG00000124155,PIGT,ortholog_one2one,81.6393,85.8621
ENSCAFG00000012111,,ENSG00000119013,NDUFB3,ortholog_one2one,81.6327,81.6327
ENSCAFG00000013305,,ENSG00000108176,DNAJC12,ortholog_one2one,81.6327,70.1754
ENSCAFG00000023251,,ENSG00000204640,NMS,ortholog_one2one,81.6327,78.4314
ENSCAFG00000003367,,ENSG00000106952,TNFSF8,ortholog_one2one,81.6239,81.6239
ENSCAFG00000030134,,ENSG00000070610,GBA2,ortholog_one2one,81.5945,89.4283
ENSCAFG00000014531,,ENSG00000105669,COPE,ortholog_one2one,81.5864,87.0091
ENSCAFG00000047610,,ENSG00000148671,ADIRF,ortholog_one2one,81.5789,81.5789
ENSCAFG00000020225,,ENSG00000119408,NEK6,ortholog_one2one,81.5789,89.3372
ENSCAFG00000014943,,ENSG00000135929,CYP27A1,ortholog_one2one,81.5686,78.3428
ENSCAFG00000018063,,ENSG00000068366,ACSL4,ortholog_one2one,81.5603,97.0464
ENSCAFG00000018991,,ENSG00000142002,DPP9,ortholog_one2one,81.5553,91.704
ENSCAFG00000013740,,ENSG00000078018,MAP2,ortholog_one2one,81.5377,78.3417
ENSCAFG00000015666,,ENSG00000163982,OTOP1,ortholog_one2one,81.5303,50.4902
ENSCAFG00000018009,,ENSG00000101844,ATG4A,ortholog_one2one,81.5217,94.2211
ENSCAFG00000013369,,ENSG00000123131,PRDX4,ortholog_one2one,81.5217,83.0258
ENSCAFG00000000938,,ENSG00000111877,MCM9,ortholog_one2one,81.5074,81.3648
ENSCAFG00000014686,,ENSG00000127831,VIL1,ortholog_one2one,81.5029,85.2479
ENSCAFG00000000234,,ENSG00000135541,AHI1,ortholog_one2one,81.4941,80.2676
ENSCAFG00000000024,,ENSG00000150656,CNDP1,ortholog_one2one,81.4815,82.4458
ENSCAFG00000002931,,ENSG00000156136,DCK,ortholog_one2one,81.4815,69.4006
ENSCAFG00000015706,,ENSG00000170891,CYTL1,ortholog_one2one,81.4815,80.8824
ENSCAFG00000012090,,ENSG00000119979,DENND10,ortholog_one2one,81.4721,89.916
ENSCAFG00000007418,,ENSG00000132972,RNF17,ortholog_one2one,81.4607,80.4067
ENSCAFG00000009571,,ENSG00000120054,CPN1,ortholog_one2one,81.4499,83.4061
ENSCAFG00000010880,,ENSG00000100815,TRIP11,ortholog_one2one,81.4313,85.0935
ENSCAFG00000006816,,ENSG00000152484,USP12,ortholog_one2one,81.422,95.9459
ENSCAFG00000010062,,ENSG00000166197,NOLC1,ortholog_one2one,81.4084,81.5233
ENSCAFG00000016672,,ENSG00000178177,LCORL,ortholog_one2one,81.4081,79.1021
ENSCAFG00000017959,,ENSG00000089682,RBM41,ortholog_one2one,81.405,95.3995
ENSCAFG00000002210,,ENSG00000096093,EFHC1,ortholog_one2one,81.3953,87.3635
ENSCAFG00000019123,,ENSG00000077463,SIRT6,ortholog_one2one,81.3896,92.3944
ENSCAFG00000004006,,ENSG00000197321,SVIL,ortholog_one2one,81.3891,82.5655
ENSCAFG00000000258,,ENSG00000164485,IL22RA2,ortholog_one2one,81.3853,71.4829
ENSCAFG00000005566,,ENSG00000101251,SEL1L2,ortholog_one2one,81.3699,86.3372
ENSCAFG00000029522,,ENSG00000105131,EPHX3,ortholog_one2one,81.362,63.0556
ENSCAFG00000019555,,ENSG00000013563,DNASE1L1,ortholog_one2one,81.3559,79.4702
ENSCAFG00000034757,,ENSG00000269720,CCDC194,ortholog_one2one,81.3559,82.0513
ENSCAFG00000017778,,ENSG00000158301,GPRASP2,ortholog_one2one,81.352,83.2936
ENSCAFG00000015656,,ENSG00000139974,SLC38A6,ortholog_one2one,81.3187,71.0173
ENSCAFG00000014979,,ENSG00000168924,LETM1,ortholog_one2one,81.3072,84.1678
ENSCAFG00000005103,,ENSG00000188493,ACTMAP,ortholog_one2one,81.3056,78.0627
ENSCAFG00000020227,,ENSG00000119522,DENND1A,ortholog_one2one,81.295,89.5937
ENSCAFG00000003426,,ENSG00000041982,TNC,ortholog_one2one,81.2919,88.0509
ENSCAFG00000003115,,ENSG00000135355,GJA10,ortholog_one2one,81.2627,73.4807
ENSCAFG00000023294,,ENSG00000102241,HTATSF1,ortholog_one2one,81.25,82.649
ENSCAFG00000018565,,ENSG00000181786,ACTL9,ortholog_one2one,81.25,81.25
ENSCAFG00000010160,,ENSG00000137364,TPMT,ortholog_one2one,81.2245,81.2245
ENSCAFG00000018173,,ENSG00000053747,LAMA3,ortholog_one2one,81.2221,81.7582
ENSCAFG00000031861,,ENSG00000099326,MZF1,ortholog_one2one,81.2098,85.9673
ENSCAFG00000012866,,ENSG00000188690,UROS,ortholog_one2one,81.1594,76.7123
ENSCAFG00000001095,,ENSG00000167074,TEF,ortholog_one2one,81.1594,92.4092
ENSCAFG00000015819,,ENSG00000054654,SYNE2,ortholog_one2one,81.1531,81.1061
ENSCAFG00000009778,,ENSG00000149634,SPATA25,ortholog_one2one,81.1404,81.4978
ENSCAFG00000002057,,ENSG00000134853,PDGFRA,ortholog_one2one,81.138,95.5923
ENSCAFG00000004237,,ENSG00000120549,KIAA1217,ortholog_one2one,81.1349,83.8909
ENSCAFG00000004103,,ENSG00000118156,ZNF541,ortholog_one2one,81.1349,80.6593
ENSCAFG00000028568,,ENSG00000132465,JCHAIN,ortholog_one2one,81.1321,81.1321
ENSCAFG00000012443,,ENSG00000092009,CMA1,ortholog_one2one,81.1245,81.7814
ENSCAFG00000002689,,ENSG00000125505,MBOAT7,ortholog_one2one,81.1203,82.839
ENSCAFG00000000694,,ENSG00000204348,DXO,ortholog_one2one,81.1083,81.3131
ENSCAFG00000004714,,ENSG00000065809,FAM107B,ortholog_one2one,81.1075,81.3726
ENSCAFG00000005334,,ENSG00000152749,GPR180,ortholog_one2one,81.0916,94.5455
ENSCAFG00000023015,,ENSG00000166634,SERPINB12,ortholog_one2one,81.0875,80.7059
ENSCAFG00000016083,,ENSG00000105127,AKAP8,ortholog_one2one,81.085,79.9133
ENSCAFG00000018216,,ENSG00000101773,RBBP8,ortholog_one2one,81.0781,81.7073
ENSCAFG00000000437,,ENSG00000146112,PPP1R18,ortholog_one2one,81.068,81.7292
ENSCAFG00000016295,,ENSG00000123159,GIPC1,ortholog_one2one,81.0606,96.3964
ENSCAFG00000002451,,ENSG00000112200,ZNF451,ortholog_one2one,81.0565,83.8831
ENSCAFG00000014333,,ENSG00000163993,S100P,ortholog_one2one,81.0526,81.0526
ENSCAFG00000018692,,ENSG00000007216,SLC13A2,ortholog_one2one,81.0491,74.727
ENSCAFG00000019900,,ENSG00000160563,MED27,ortholog_one2one,81.0398,81.2883
ENSCAFG00000031651,,ENSG00000168582,CRYGA,ortholog_one2one,81.0345,81.0345
ENSCAFG00000013101,,ENSG00000184368,MAP7D2,ortholog_one2one,81.0298,77.3609
ENSCAFG00000009527,,ENSG00000124782,RREB1,ortholog_one2one,81.0297,83.1228
ENSCAFG00000000686,,ENSG00000166278,C2,ortholog_one2one,81.0256,84.0426
ENSCAFG00000009603,,ENSG00000124786,SLC35B3,ortholog_one2one,81.0154,91.5212
ENSCAFG00000019591,,ENSG00000126903,SLC10A3,ortholog_one2one,81.015,81.015
ENSCAFG00000046633,,ENSG00000148204,CRB2,ortholog_one2one,81.0117,81.0117
ENSCAFG00000006921,,ENSG00000125826,RBCK1,ortholog_one2one,81.0084,94.5098
ENSCAFG00000003591,,ENSG00000106804,C5,ortholog_one2one,81.0056,77.864
ENSCAFG00000017702,,ENSG00000198960,ARMCX6,ortholog_one2one,81.0,81.0
ENSCAFG00000015092,,ENSG00000105642,KCNN1,ortholog_one2one,80.9904,93.3702
ENSCAFG00000016428,,ENSG00000081181,ARG2,ortholog_one2one,80.9896,87.8531
ENSCAFG00000000547,,ENSG00000112029,FBXO5,ortholog_one2one,80.9843,80.9843
ENSCAFG00000005681,,ENSG00000182472,CAPN12,ortholog_one2one,80.9764,66.8985
ENSCAFG00000020095,,ENSG00000136908,DPM2,ortholog_one2one,80.9524,52.3077
ENSCAFG00000029607,,ENSG00000168952,STXBP6,ortholog_one2one,80.9339,99.0476
ENSCAFG00000017168,,ENSG00000165553,NGB,ortholog_one2one,80.9211,81.457
ENSCAFG00000004981,,ENSG00000136122,BORA,ortholog_one2one,80.9174,69.5584
ENSCAFG00000024967,,ENSG00000101440,ASIP,ortholog_one2one,80.916,80.303
ENSCAFG00000002077,,ENSG00000107159,CA9,ortholog_one2one,80.9111,81.2636
ENSCAFG00000017960,,ENSG00000198704,GPX6,ortholog_one2one,80.9091,80.543
ENSCAFG00000018602,,ENSG00000125731,SH2D3A,ortholog_one2one,80.9028,80.9028
ENSCAFG00000003918,,ENSG00000197498,RPF2,ortholog_one2one,80.8989,94.1176
ENSCAFG00000003025,,ENSG00000169435,RASSF6,ortholog_one2one,80.8955,73.4417
ENSCAFG00000016455,,ENSG00000130119,GNL3L,ortholog_one2one,80.8937,90.2062
ENSCAFG00000002653,,ENSG00000119888,EPCAM,ortholog_one2one,80.8874,69.2982
ENSCAFG00000006323,,ENSG00000185896,LAMP1,ortholog_one2one,80.8717,80.0959
ENSCAFG00000004594,,ENSG00000165983,PTER,ortholog_one2one,80.8333,83.3811
ENSCAFG00000009747,,ENSG00000124827,GCM2,ortholog_one2one,80.83,80.83
ENSCAFG00000008812,,ENSG00000101407,TTI1,ortholog_one2one,80.8219,81.2672
ENSCAFG00000018597,,ENSG00000101680,LAMA1,ortholog_one2one,80.8174,79.7398
ENSCAFG00000030504,,ENSG00000125846,ZNF133,ortholog_one2one,80.8096,80.8096
ENSCAFG00000006178,,ENSG00000133104,SPART,ortholog_one2one,80.8,90.991
ENSCAFG00000031424,,ENSG00000125249,RAP2A,ortholog_one2one,80.7882,89.6175
ENSCAFG00000016018,,ENSG00000274588,DGKK,ortholog_one2one,80.7846,79.3863
ENSCAFG00000006065,,ENSG00000171867,PRNP,ortholog_one2one,80.7843,81.4229
ENSCAFG00000010483,,ENSG00000107960,STN1,ortholog_one2one,80.7588,80.9783
ENSCAFG00000017111,,ENSG00000105610,KLF1,ortholog_one2one,80.7588,82.3204
ENSCAFG00000006012,,ENSG00000133115,STOML3,ortholog_one2one,80.7453,89.3471
ENSCAFG00000017715,,ENSG00000129353,SLC44A2,ortholog_one2one,80.7416,94.9367
ENSCAFG00000002358,,ENSG00000168658,VWA3B,ortholog_one2one,80.7384,77.7434
ENSCAFG00000002372,,ENSG00000278129,ZNF8,ortholog_one2one,80.7292,80.8696
ENSCAFG00000002842,,ENSG00000112742,TTK,ortholog_one2one,80.7269,85.5309
ENSCAFG00000016677,,ENSG00000109805,NCAPG,ortholog_one2one,80.7229,85.8128
ENSCAFG00000041415,,ENSG00000283654,CIROP,ortholog_one2one,80.7212,73.8579
ENSCAFG00000008650,,ENSG00000101342,TLDC2,ortholog_one2one,80.7175,83.7209
ENSCAFG00000031918,,ENSG00000196932,TMEM26,ortholog_one2one,80.7065,80.7065
ENSCAFG00000000858,,ENSG00000112494,UNC93A,ortholog_one2one,80.7018,80.5252
ENSCAFG00000001116,,ENSG00000164483,SAMD3,ortholog_one2one,80.695,76.8382
ENSCAFG00000001758,,ENSG00000100225,FBXO7,ortholog_one2one,80.6883,80.8429
ENSCAFG00000004408,,ENSG00000102547,CAB39L,ortholog_one2one,80.6818,84.273
ENSCAFG00000011159,,ENSG00000155463,OXA1L,ortholog_one2one,80.6763,67.4747
ENSCAFG00000011157,,ENSG00000165806,CASP7,ortholog_one2one,80.6667,62.3711
ENSCAFG00000003984,,ENSG00000107951,MTPAP,ortholog_one2one,80.6507,80.9278
ENSCAFG00000032753,,ENSG00000175018,TEX36,ortholog_one2one,80.6452,80.6452
ENSCAFG00000004065,,ENSG00000185127,C6orf120,ortholog_one2one,80.625,67.5393
ENSCAFG00000001798,,ENSG00000014824,SLC30A9,ortholog_one2one,80.624,86.4437
ENSCAFG00000011003,,ENSG00000162972,MAIP1,ortholog_one2one,80.6228,80.0687
ENSCAFG00000007089,,ENSG00000101306,MYLK2,ortholog_one2one,80.5994,85.7383
ENSCAFG00000003080,,ENSG00000135336,ORC3,ortholog_one2one,80.5951,87.5
ENSCAFG00000019707,,ENSG00000070388,FGF22,ortholog_one2one,80.5882,80.5882
ENSCAFG00000003923,,ENSG00000173214,SLC60A2,ortholog_one2one,80.5825,77.4254
ENSCAFG00000019838,,ENSG00000186350,RXRA,ortholog_one2one,80.5755,96.9697
ENSCAFG00000046571,,ENSG00000183741,CBX6,ortholog_one2one,80.574,88.5922
ENSCAFG00000017637,,ENSG00000152242,ARK2N,ortholog_one2one,80.5726,97.5247
ENSCAFG00000024668,,ENSG00000186910,SERPINA11,ortholog_one2one,80.5687,80.5687
ENSCAFG00000018813,,ENSG00000132591,ERAL1,ortholog_one2one,80.5492,80.5492
ENSCAFG00000004575,,ENSG00000170684,ZNF296,ortholog_one2one,80.5439,81.0526
ENSCAFG00000002663,,ENSG00000156535,CD109,ortholog_one2one,80.5327,87.8893
ENSCAFG00000003738,,ENSG00000112320,SOBP,ortholog_one2one,80.5269,80.5269
ENSCAFG00000006683,,ENSG00000205138,SDHAF1,ortholog_one2one,80.5085,82.6087
ENSCAFG00000016300,,ENSG00000160951,PTGER1,ortholog_one2one,80.4989,88.3085
ENSCAFG00000004564,,ENSG00000083635,NUFIP1,ortholog_one2one,80.4928,79.1919
ENSCAFG00000003732,,ENSG00000130349,MTRES1,ortholog_one2one,80.4878,80.8163
ENSCAFG00000003719,,ENSG00000130347,RTN4IP1,ortholog_one2one,80.4819,84.3434
ENSCAFG00000018803,,ENSG00000160633,SAFB,ortholog_one2one,80.4695,93.4569
ENSCAFG00000010808,,ENSG00000176246,OR4L1,ortholog_one2one,80.4487,80.4487
ENSCAFG00000000226,,ENSG00000112339,HBS1L,ortholog_one2one,80.4404,90.7895
ENSCAFG00000013233,,ENSG00000241878,PISD,ortholog_one2one,80.4301,91.4425
ENSCAFG00000000896,,ENSG00000204252,HLA-DOA,ortholog_one2one,80.4,80.4
ENSCAFG00000004055,,ENSG00000111816,FRK,ortholog_one2one,80.396,80.396
ENSCAFG00000017834,,ENSG00000105397,TYK2,ortholog_one2one,80.3922,79.444
ENSCAFG00000004240,,ENSG00000173141,MRPL57,ortholog_one2one,80.3922,80.3922
ENSCAFG00000000897,,ENSG00000111834,RSPH4A,ortholog_one2one,80.3894,80.7263
ENSCAFG00000041193,,ENSG00000221882,OR3A2,ortholog_one2one,80.3738,80.3738
ENSCAFG00000016572,,ENSG00000029364,SLC39A9,ortholog_one2one,80.3681,85.342
ENSCAFG00000014100,,ENSG00000166224,SGPL1,ortholog_one2one,80.3681,92.2535
ENSCAFG00000013756,,ENSG00000176435,CLEC14A,ortholog_one2one,80.3681,80.2041
ENSCAFG00000029786,,ENSG00000168398,BDKRB2,ortholog_one2one,80.3571,80.5627
ENSCAFG00000009893,,ENSG00000047579,DTNBP1,ortholog_one2one,80.3519,78.0627
ENSCAFG00000015052,,ENSG00000182521,TBPL2,ortholog_one2one,80.3191,80.5333
ENSCAFG00000005603,,ENSG00000101230,ISM1,ortholog_one2one,80.3181,87.069
ENSCAFG00000001535,,ENSG00000147869,CER1,ortholog_one2one,80.303,79.4007
ENSCAFG00000018037,,ENSG00000118276,B4GALT6,ortholog_one2one,80.2998,98.1675
ENSCAFG00000031910,,ENSG00000196793,ZNF239,ortholog_one2one,80.2956,71.179
ENSCAFG00000015708,,ENSG00000107796,ACTA2,ortholog_one2one,80.285,89.6552
ENSCAFG00000004341,,ENSG00000136169,SETDB2,ortholog_one2one,80.2837,78.7204
ENSCAFG00000031133,,ENSG00000226742,HSBP1L1,ortholog_one2one,80.2817,77.027
ENSCAFG00000004769,,ENSG00000123240,OPTN,ortholog_one2one,80.2632,84.5754
ENSCAFG00000028743,,ENSG00000177576,C18orf32,ortholog_one2one,80.2632,80.2632
ENSCAFG00000004180,,ENSG00000142230,SAE1,ortholog_one2one,80.2632,88.1503
ENSCAFG00000002879,,ENSG00000118420,UBE3D,ortholog_one2one,80.2532,81.491
ENSCAFG00000000603,,ENSG00000025770,NCAPH2,ortholog_one2one,80.2326,79.703
ENSCAFG00000002471,,ENSG00000106785,TRIM14,ortholog_one2one,80.2247,80.7692
ENSCAFG00000005999,,ENSG00000188811,NHLRC3,ortholog_one2one,80.2198,84.1499
ENSCAFG00000017801,,ENSG00000075643,MOCOS,ortholog_one2one,80.2048,79.3919
ENSCAFG00000030262,,ENSG00000095739,BAMBI,ortholog_one2one,80.2048,90.3846
ENSCAFG00000004644,,ENSG00000120658,ENOX1,ortholog_one2one,80.1829,81.804
ENSCAFG00000014730,,ENSG00000087269,NOP14,ortholog_one2one,80.1634,80.1634
ENSCAFG00000004439,,ENSG00000125744,RTN2,ortholog_one2one,80.1603,73.3945
ENSCAFG00000013739,,ENSG00000138336,TET1,ortholog_one2one,80.1591,80.1966
ENSCAFG00000001915,,ENSG00000164972,SPMIP6,ortholog_one2one,80.1527,80.1527
ENSCAFG00000031624,,ENSG00000186020,ZNF529,ortholog_one2one,80.1512,75.3108
ENSCAFG00000030036,,ENSG00000164494,PDSS2,ortholog_one2one,80.1489,80.9524
ENSCAFG00000017915,,ENSG00000176473,WDR25,ortholog_one2one,80.1484,79.4118
ENSCAFG00000004499,,ENSG00000080618,CPB2,ortholog_one2one,80.1418,80.1418
ENSCAFG00000004060,,ENSG00000178425,NT5DC1,ortholog_one2one,80.1386,76.2637
ENSCAFG00000000398,,ENSG00000120256,LRP11,ortholog_one2one,80.137,70.2
ENSCAFG00000011891,,ENSG00000188316,ENO4,ortholog_one2one,80.1282,79.6178
ENSCAFG00000001441,,ENSG00000137409,MTCH1,ortholog_one2one,80.1242,65.4822
ENSCAFG00000015929,,ENSG00000078177,N4BP2,ortholog_one2one,80.1225,81.2994
ENSCAFG00000019543,,ENSG00000064932,SBNO2,ortholog_one2one,80.1097,85.5051
ENSCAFG00000005323,,ENSG00000080166,DCT,ortholog_one2one,80.1095,79.529
ENSCAFG00000011698,,ENSG00000196664,TLR7,ortholog_one2one,80.107,85.6053
ENSCAFG00000029027,,ENSG00000148824,MTG1,ortholog_one2one,80.0948,50.5988
ENSCAFG00000010526,,ENSG00000182263,FIGN,ortholog_one2one,80.0866,73.1225
ENSCAFG00000015699,,ENSG00000138134,STAMBPL1,ortholog_one2one,80.0857,81.128
ENSCAFG00000011648,,ENSG00000136546,SCN7A,ortholog_one2one,80.0835,79.8454
ENSCAFG00000025038,,ENSG00000124557,BTN1A1,ortholog_one2one,80.0766,79.4677
ENSCAFG00000010560,,ENSG00000197748,CFAP43,ortholog_one2one,80.072,80.1201
ENSCAFG00000044423,,ENSG00000196832,OR11G2,ortholog_one2one,80.0643,72.1739
ENSCAFG00000023208,,ENSG00000204195,AWAT1,ortholog_one2one,80.0554,88.1098
ENSCAFG00000020086,,ENSG00000148337,CIZ1,ortholog_one2one,80.0451,74.4235
ENSCAFG00000002803,,ENSG00000187003,ACTL7A,ortholog_one2one,80.042,87.5862
ENSCAFG00000002025,,ENSG00000135968,GCC2,ortholog_one2one,80.0228,83.2542
ENSCAFG00000010498,,ENSG00000184611,KCNH7,ortholog_one2one,80.0167,80.3512
ENSCAFG00000023645,,ENSG00000115255,REEP6,ortholog_one2one,80.0,68.2464
ENSCAFG00000012101,,ENSG00000124209,RAB22A,ortholog_one2one,80.0,80.4124
ENSCAFG00000031540,,ENSG00000249481,SPATS1,ortholog_one2one,80.0,78.6667
ENSCAFG00000028528,,ENSG00000205442,IZUMO3,ortholog_one2one,80.0,80.3347
ENSCAFG00000019897,,ENSG00000107290,SETX,ortholog_one2one,79.963,80.65
ENSCAFG00000000972,,ENSG00000231925,TAPBP,ortholog_one2one,79.9555,71.2302
ENSCAFG00000011946,,ENSG00000022277,RTF2,ortholog_one2one,79.9427,83.0357
ENSCAFG00000005438,,ENSG00000165794,SLC39A2,ortholog_one2one,79.9353,79.9353
ENSCAFG00000017867,,ENSG00000066629,EML1,ortholog_one2one,79.9342,86.7857
ENSCAFG00000013594,,ENSG00000275004,ZNF280B,ortholog_one2one,79.9263,79.9263
ENSCAFG00000041744,,ENSG00000165879,FRAT1,ortholog_one2one,79.9197,71.3262
ENSCAFG00000043512,,ENSG00000115520,COQ10B,ortholog_one2one,79.9197,83.6134
ENSCAFG00000007076,,ENSG00000165731,RET,ortholog_one2one,79.9167,86.0862
ENSCAFG00000017235,,ENSG00000132004,FBXW9,ortholog_one2one,79.9127,76.569
ENSCAFG00000017076,,ENSG00000179271,GADD45GIP1,ortholog_one2one,79.9087,78.8288
ENSCAFG00000000405,,ENSG00000120278,PLEKHG1,ortholog_one2one,79.9053,85.2708
ENSCAFG00000004834,,ENSG00000167619,TMEM145,ortholog_one2one,79.8982,53.2203
ENSCAFG00000011929,,ENSG00000013441,CLK1,ortholog_one2one,79.8978,89.1635
ENSCAFG00000014797,,ENSG00000102218,RP2,ortholog_one2one,79.8969,88.5714
ENSCAFG00000003835,,ENSG00000155085,AK9,ortholog_one2one,79.8953,79.8535
ENSCAFG00000009409,,ENSG00000198721,ECI2,ortholog_one2one,79.8928,75.6345
ENSCAFG00000002694,,ENSG00000167608,TMC4,ortholog_one2one,79.8913,82.5843
ENSCAFG00000023690,,ENSG00000186871,ERCC6L,ortholog_one2one,79.8896,81.04
ENSCAFG00000018125,,ENSG00000171885,AQP4,ortholog_one2one,79.8851,78.9773
ENSCAFG00000002363,,ENSG00000269855,RNF225,ortholog_one2one,79.8799,80.8511
ENSCAFG00000045231,,ENSG00000203837,PNLIPRP3,ortholog_one2one,79.8715,79.8715
ENSCAFG00000009483,,ENSG00000145982,FARS2,ortholog_one2one,79.8715,82.7051
ENSCAFG00000017593,,ENSG00000102384,CENPI,ortholog_one2one,79.8693,80.8201
ENSCAFG00000025565,,ENSG00000092330,TINF2,ortholog_one2one,79.8673,80.0443
ENSCAFG00000001514,,ENSG00000128309,MPST,ortholog_one2one,79.8611,72.5552
ENSCAFG00000002165,,ENSG00000170927,PKHD1,ortholog_one2one,79.8478,79.8478
ENSCAFG00000023897,,ENSG00000186814,ZSCAN30,ortholog_one2one,79.8371,79.3522
ENSCAFG00000003469,,ENSG00000132423,COQ3,ortholog_one2one,79.8365,79.4038
ENSCAFG00000000659,,ENSG00000164674,SYTL3,ortholog_one2one,79.8361,79.8361
ENSCAFG00000019526,,ENSG00000180549,FUT7,ortholog_one2one,79.8246,79.8246
ENSCAFG00000014575,,ENSG00000079308,TNS1,ortholog_one2one,79.8077,89.2473
ENSCAFG00000000600,,ENSG00000204439,C6orf47,ortholog_one2one,79.7909,77.8912
ENSCAFG00000009791,,ENSG00000095951,HIVEP1,ortholog_one2one,79.7876,80.1692
ENSCAFG00000032628,,ENSG00000141255,SPATA22,ortholog_one2one,79.7784,79.3388
ENSCAFG00000016930,,ENSG00000133980,VRTN,ortholog_one2one,79.7737,80.3419
ENSCAFG00000019008,,ENSG00000074842,MYDGF,ortholog_one2one,79.7688,73.0159
ENSCAFG00000007359,,ENSG00000132950,ZMYM5,ortholog_one2one,79.7601,79.5217
ENSCAFG00000030292,,ENSG00000227507,LTB,ortholog_one2one,79.7571,80.7377
ENSCAFG00000000751,,ENSG00000168477,TNXB,ortholog_one2one,79.7529,70.4297
ENSCAFG00000015794,,ENSG00000068394,GPKOW,ortholog_one2one,79.7521,81.0924
ENSCAFG00000005874,,ENSG00000104814,MAP4K1,ortholog_one2one,79.7414,88.8355
ENSCAFG00000003810,,ENSG00000185250,PPIL6,ortholog_one2one,79.6992,62.908
ENSCAFG00000019451,,ENSG00000007350,TKTL1,ortholog_one2one,79.698,79.698
ENSCAFG00000017293,,ENSG00000100629,CEP128,ortholog_one2one,79.6902,84.6435
ENSCAFG00000005108,,ENSG00000105245,NUMBL,ortholog_one2one,79.6875,92.1182
ENSCAFG00000002030,,ENSG00000198722,UNC13B,ortholog_one2one,79.6761,78.2258
ENSCAFG00000005940,,ENSG00000136114,THSD1,ortholog_one2one,79.6748,80.5164
ENSCAFG00000011100,,ENSG00000112812,PRSS16,ortholog_one2one,79.6371,76.8483
ENSCAFG00000014832,,ENSG00000115556,PLCD4,ortholog_one2one,79.6319,81.738
ENSCAFG00000028623,,ENSG00000119915,ELOVL3,ortholog_one2one,79.6296,79.6296
ENSCAFG00000014062,,ENSG00000187790,FANCM,ortholog_one2one,79.6287,79.5898
ENSCAFG00000032262,,ENSG00000157379,DHRS1,ortholog_one2one,79.6178,79.8722
ENSCAFG00000002481,,ENSG00000142409,ZNF787,ortholog_one2one,79.6095,96.0733
ENSCAFG00000010734,,ENSG00000101040,ZMYND8,ortholog_one2one,79.6095,88.7188
ENSCAFG00000012026,,ENSG00000100918,REC8,ortholog_one2one,79.6064,81.3528
ENSCAFG00000015030,,ENSG00000213901,SLC23A3,ortholog_one2one,79.602,77.6699
ENSCAFG00000001434,,ENSG00000107077,KDM4C,ortholog_one2one,79.597,89.7727
ENSCAFG00000016208,,ENSG00000065882,TBC1D1,ortholog_one2one,79.578,90.411
ENSCAFG00000019033,,ENSG00000167674,HDGFL2,ortholog_one2one,79.5775,84.2027
ENSCAFG00000017189,,ENSG00000131264,CDX4,ortholog_one2one,79.5775,79.5775
ENSCAFG00000000535,,ENSG00000120279,MYCT1,ortholog_one2one,79.5652,77.8723
ENSCAFG00000019362,,ENSG00000198910,L1CAM,ortholog_one2one,79.5248,90.533
ENSCAFG00000012497,,ENSG00000163596,ICA1L,ortholog_one2one,79.5132,81.3278
ENSCAFG00000001599,,ENSG00000112561,TFEB,ortholog_one2one,79.5053,91.8367
ENSCAFG00000003677,,ENSG00000161609,KASH5,ortholog_one2one,79.5053,80.0712
ENSCAFG00000000655,,ENSG00000146433,TMEM181,ortholog_one2one,79.5041,93.2171
ENSCAFG00000017500,,ENSG00000042088,TDP1,ortholog_one2one,79.4992,83.5526
ENSCAFG00000000995,,ENSG00000100167,SEPTIN3,ortholog_one2one,79.4969,73.8318
ENSCAFG00000019636,,ENSG00000214827,MTCP1,ortholog_one2one,79.4872,86.9159
ENSCAFG00000014191,,ENSG00000105717,PBX4,ortholog_one2one,79.4805,81.8182
ENSCAFG00000002982,,ENSG00000086967,MYBPC2,ortholog_one2one,79.4773,90.6223
ENSCAFG00000031385,,ENSG00000186300,ZNF555,ortholog_one2one,79.4682,85.6688
ENSCAFG00000017609,,ENSG00000140067,FAM181A,ortholog_one2one,79.4643,75.4237
ENSCAFG00000014170,,ENSG00000089639,GMIP,ortholog_one2one,79.461,88.1443
ENSCAFG00000004727,,ENSG00000124449,IRGC,ortholog_one2one,79.4521,87.689
ENSCAFG00000009254,,ENSG00000136542,GALNT5,ortholog_one2one,79.4436,54.6809
ENSCAFG00000010962,,ENSG00000151640,DPYSL4,ortholog_one2one,79.4207,91.0839
ENSCAFG00000019070,,ENSG00000167670,CHAF1A,ortholog_one2one,79.4148,79.4979
ENSCAFG00000010785,,ENSG00000203867,RBM20,ortholog_one2one,79.4095,83.2926
ENSCAFG00000020061,,ENSG00000167123,CERCAM,ortholog_one2one,79.4074,90.084
ENSCAFG00000001712,,ENSG00000184434,LRRC19,ortholog_one2one,79.4038,79.1892
ENSCAFG00000018696,,ENSG00000125656,CLPP,ortholog_one2one,79.402,86.2816
ENSCAFG00000015652,,ENSG00000187682,ERAS,ortholog_one2one,79.3991,79.3991
ENSCAFG00000002527,,ENSG00000138095,LRPPRC,ortholog_one2one,79.397,79.34
ENSCAFG00000019386,,ENSG00000099860,GADD45B,ortholog_one2one,79.375,72.1591
ENSCAFG00000015040,,ENSG00000178974,FBXO34,ortholog_one2one,79.3734,85.5134
ENSCAFG00000014337,,ENSG00000186222,BLOC1S4,ortholog_one2one,79.3578,79.7235
ENSCAFG00000016494,,ENSG00000181982,CCDC149,ortholog_one2one,79.3561,77.5926
ENSCAFG00000020259,,ENSG00000171496,OR1L8,ortholog_one2one,79.3548,79.6116
ENSCAFG00000000908,,ENSG00000183807,FAM162B,ortholog_one2one,79.3548,75.9259
ENSCAFG00000009688,,ENSG00000111845,PAK1IP1,ortholog_one2one,79.3269,84.1837
ENSCAFG00000000429,,ENSG00000120262,CCDC170,ortholog_one2one,79.3197,81.5385
ENSCAFG00000004487,,ENSG00000104884,ERCC2,ortholog_one2one,79.3194,79.7368
ENSCAFG00000000506,,ENSG00000204511,MCCD1,ortholog_one2one,79.3103,77.3109
ENSCAFG00000024890,,ENSG00000152465,NMT2,ortholog_one2one,79.2899,80.7229
ENSCAFG00000016342,,ENSG00000169851,PCDH7,ortholog_one2one,79.2869,87.1269
ENSCAFG00000016998,,ENSG00000119718,EIF2B2,ortholog_one2one,79.2857,94.8718
ENSCAFG00000002880,,ENSG00000129437,KLK14,ortholog_one2one,79.2829,74.5318
ENSCAFG00000030791,,ENSG00000279170,TSTD3P,ortholog_one2one,79.2793,79.2793
ENSCAFG00000012128,,ENSG00000081479,LRP2,ortholog_one2one,79.268,79.0977
ENSCAFG00000004383,,ENSG00000104941,RSPH6A,ortholog_one2one,79.2531,79.9163
ENSCAFG00000014611,,ENSG00000242259,C22orf39,ortholog_one2one,79.2453,80.0
ENSCAFG00000008743,,ENSG00000118702,GHRH,ortholog_one2one,79.2453,77.7778
ENSCAFG00000019590,,ENSG00000102178,UBL4A,ortholog_one2one,79.2453,70.0
ENSCAFG00000018481,,ENSG00000176208,ATAD5,ortholog_one2one,79.2329,78.4165
ENSCAFG00000001432,,ENSG00000198663,C6orf89,ortholog_one2one,79.2208,86.1582
ENSCAFG00000013676,,ENSG00000100228,RAB36,ortholog_one2one,79.2169,78.979
ENSCAFG00000015614,,ENSG00000179008,C14orf39,ortholog_one2one,79.2164,79.2164
ENSCAFG00000024010,,ENSG00000174125,TLR1,ortholog_one2one,79.2105,76.5903
ENSCAFG00000001502,,ENSG00000100065,CARD10,ortholog_one2one,79.2046,92.6357
ENSCAFG00000020277,,ENSG00000106852,LHX6,ortholog_one2one,79.2035,91.3265
ENSCAFG00000016290,,ENSG00000197057,DTHD1,ortholog_one2one,79.2035,79.0287
ENSCAFG00000017881,,ENSG00000105364,MRPL4,ortholog_one2one,79.2,55.4622
ENSCAFG00000007497,,ENSG00000138160,KIF11,ortholog_one2one,79.1855,82.8598
ENSCAFG00000019902,,ENSG00000107263,RAPGEF1,ortholog_one2one,79.1827,93.79
ENSCAFG00000014253,,ENSG00000093010,COMT,ortholog_one2one,79.1822,70.5298
ENSCAFG00000019455,,ENSG00000079313,REXO1,ortholog_one2one,79.1667,76.249
ENSCAFG00000004843,,ENSG00000102837,OLFM4,ortholog_one2one,79.1498,76.6667
ENSCAFG00000000664,,ENSG00000130363,RSPH3,ortholog_one2one,79.1367,58.9286
ENSCAFG00000020050,,ENSG00000119392,GLE1,ortholog_one2one,79.1332,70.6304
ENSCAFG00000011651,,ENSG00000259431,THTPA,ortholog_one2one,79.1304,79.1304
ENSCAFG00000028839,,ENSG00000099246,RAB18,ortholog_one2one,79.1262,56.0137
ENSCAFG00000006240,,ENSG00000126217,MCF2L,ortholog_one2one,79.1246,82.6737
ENSCAFG00000014232,,ENSG00000099889,ARVCF,ortholog_one2one,79.1128,88.9813
ENSCAFG00000005463,,ENSG00000089006,SNX5,ortholog_one2one,79.0984,95.5446
ENSCAFG00000023582,,ENSG00000242550,SERPINB10,ortholog_one2one,79.0932,79.0932
ENSCAFG00000011445,,ENSG00000158470,B4GALT5,ortholog_one2one,79.0909,89.6907
ENSCAFG00000002080,,ENSG00000144057,ST6GAL2,ortholog_one2one,79.0787,77.8828
ENSCAFG00000005389,,ENSG00000129484,PARP2,ortholog_one2one,79.0698,81.6467
ENSCAFG00000014339,,ENSG00000198246,SLC29A3,ortholog_one2one,79.0698,78.7368
ENSCAFG00000005607,,ENSG00000172296,SPTLC3,ortholog_one2one,79.062,85.5072
ENSCAFG00000018325,,ENSG00000066735,KIF26A,ortholog_one2one,79.0556,75.6111
ENSCAFG00000001907,,ENSG00000145244,CORIN,ortholog_one2one,79.0467,76.3916
ENSCAFG00000010247,,ENSG00000172179,PRL,ortholog_one2one,79.0393,79.386
ENSCAFG00000018801,,ENSG00000154889,MPPE1,ortholog_one2one,79.0281,78.0303
ENSCAFG00000008917,,ENSG00000129988,LBP,ortholog_one2one,79.0021,79.0021
ENSCAFG00000020156,,ENSG00000136828,RALGPS1,ortholog_one2one,78.9928,98.5637
ENSCAFG00000032376,,ENSG00000198298,ZNF485,ortholog_one2one,78.9916,85.2608
ENSCAFG00000017354,,ENSG00000042317,SPATA7,ortholog_one2one,78.9916,78.4641
ENSCAFG00000004749,,ENSG00000165623,UCMA,ortholog_one2one,78.9855,78.9855
ENSCAFG00000005673,,ENSG00000171747,LGALS4,ortholog_one2one,78.9809,76.7802
ENSCAFG00000019324,,ENSG00000180042,OR1R1,ortholog_one2one,78.9809,78.9809
ENSCAFG00000002935,,ENSG00000028116,VRK2,ortholog_one2one,78.9796,76.1811
ENSCAFG00000010279,,ENSG00000148795,CYP17A1,ortholog_one2one,78.9784,78.9784
ENSCAFG00000015431,,ENSG00000165617,DACT1,ortholog_one2one,78.9535,81.2201
ENSCAFG00000015780,,ENSG00000179600,GPHB5,ortholog_one2one,78.9474,92.3077
ENSCAFG00000029179,,ENSG00000175395,ZNF25,ortholog_one2one,78.9357,78.0702
ENSCAFG00000003075,,ENSG00000109321,AREG,ortholog_one2one,78.9091,79.1971
ENSCAFG00000000644,,ENSG00000078269,SYNJ2,ortholog_one2one,78.8991,80.4813
ENSCAFG00000017147,,ENSG00000013523,ANGEL1,ortholog_one2one,78.8991,89.8507
ENSCAFG00000015538,,ENSG00000150275,PCDH15,ortholog_one2one,78.8847,74.261
ENSCAFG00000003244,,ENSG00000119431,HDHD3,ortholog_one2one,78.8845,78.8845
ENSCAFG00000014421,,ENSG00000138375,SMARCAL1,ortholog_one2one,78.8762,79.4549
ENSCAFG00000003113,,ENSG00000118412,CASP8AP2,ortholog_one2one,78.8754,79.277
ENSCAFG00000016559,,ENSG00000126970,ZC4H2,ortholog_one2one,78.8732,100.0
ENSCAFG00000000011,,ENSG00000131196,NFATC1,ortholog_one2one,78.8732,77.2004
ENSCAFG00000005384,,ENSG00000100814,CCNB1IP1,ortholog_one2one,78.869,95.6679
ENSCAFG00000001008,,ENSG00000112514,CUTA,ortholog_one2one,78.866,85.4749
ENSCAFG00000049307,,ENSG00000130545,CRB3,ortholog_one2one,78.8618,78.8618
ENSCAFG00000010366,,ENSG00000112294,ALDH5A1,ortholog_one2one,78.8584,68.0657
ENSCAFG00000015170,,ENSG00000197779,ZNF81,ortholog_one2one,78.8571,83.5098
ENSCAFG00000019218,,ENSG00000183397,TEKTIP1,ortholog_one2one,78.8462,78.4689
ENSCAFG00000030521,,ENSG00000187051,RPS19BP1,ortholog_one2one,78.8321,79.4118
ENSCAFG00000029631,,ENSG00000176024,ZNF613,ortholog_one2one,78.8274,78.4441
ENSCAFG00000002016,,ENSG00000112782,CLIC5,ortholog_one2one,78.8177,78.0488
ENSCAFG00000012752,,ENSG00000189319,FAM53B,ortholog_one2one,78.8018,81.0427
ENSCAFG00000015598,,ENSG00000100612,DHRS7,ortholog_one2one,78.7966,68.9223
ENSCAFG00000009101,,ENSG00000174306,ZHX3,ortholog_one2one,78.75,78.0186
ENSCAFG00000010878,,ENSG00000176769,TCERG1L,ortholog_one2one,78.7346,76.4505
ENSCAFG00000012063,,ENSG00000102010,BMX,ortholog_one2one,78.7324,82.8148
ENSCAFG00000009027,,ENSG00000101447,SACK1D,ortholog_one2one,78.7307,74.6341
ENSCAFG00000029292,,ENSG00000099998,GGT5,ortholog_one2one,78.7273,73.7649
ENSCAFG00000009897,,ENSG00000166169,POLL,ortholog_one2one,78.72,85.5652
ENSCAFG00000002794,,ENSG00000153802,TMPRSS11D,ortholog_one2one,78.7081,78.7081
ENSCAFG00000015745,,ENSG00000072840,EVC,ortholog_one2one,78.7046,80.8468
ENSCAFG00000019157,,ENSG00000167193,CRK,ortholog_one2one,78.7013,99.6711
ENSCAFG00000010192,,ENSG00000137393,RNF144B,ortholog_one2one,78.6834,82.8383
ENSCAFG00000031654,,ENSG00000182318,ZSCAN22,ortholog_one2one,78.6693,81.8737
ENSCAFG00000011937,,ENSG00000137338,PGBD1,ortholog_one2one,78.6685,71.5698
ENSCAFG00000049006,,ENSG00000189403,HMGB1,ortholog_one2one,78.6667,82.3256
ENSCAFG00000003009,,ENSG00000135317,SNX14,ortholog_one2one,78.6644,95.8774
ENSCAFG00000000394,,ENSG00000241370,RPP21,ortholog_one2one,78.6517,79.096
ENSCAFG00000003608,,ENSG00000119397,CNTRL,ortholog_one2one,78.6512,84.7742
ENSCAFG00000029359,,ENSG00000164626,KCNK5,ortholog_one2one,78.6408,81.1623
ENSCAFG00000000745,,ENSG00000054611,TBC1D22A,ortholog_one2one,78.6096,85.2998
ENSCAFG00000000764,,ENSG00000204314,PRRT1,ortholog_one2one,78.6096,96.0784
ENSCAFG00000011754,,ENSG00000196459,TRAPPC2,ortholog_one2one,78.6096,84.4828
ENSCAFG00000002532,,ENSG00000119523,ALG2,ortholog_one2one,78.6058,78.6058
ENSCAFG00000011964,,ENSG00000124091,GCNT7,ortholog_one2one,78.6047,78.7879
ENSCAFG00000000615,,ENSG00000204420,MPIG6B,ortholog_one2one,78.6047,70.1245
ENSCAFG00000007391,,ENSG00000151849,CPAP,ortholog_one2one,78.5978,79.5964
ENSCAFG00000014995,,ENSG00000187905,LRRC74B,ortholog_one2one,78.5714,78.5714
ENSCAFG00000002055,,ENSG00000215187,CIMIP2B,ortholog_one2one,78.5714,80.0
ENSCAFG00000017734,,ENSG00000184515,BEX5,ortholog_one2one,78.5714,79.2793
ENSCAFG00000004707,,ENSG00000176222,ZNF404,ortholog_one2one,78.5597,86.9565
ENSCAFG00000000275,,ENSG00000135540,NHSL1,ortholog_one2one,78.5582,79.1925
ENSCAFG00000012842,,ENSG00000184792,OSBP2,ortholog_one2one,78.5565,81.9869
ENSCAFG00000001909,,ENSG00000186638,KIF24,ortholog_one2one,78.5348,78.3626
ENSCAFG00000015653,,ENSG00000123999,INHA,ortholog_one2one,78.5326,78.9617
ENSCAFG00000014130,,ENSG00000128218,VPREB3,ortholog_one2one,78.5124,77.2358
ENSCAFG00000003981,,ENSG00000088002,SULT2B1,ortholog_one2one,78.5075,72.0548
ENSCAFG00000011901,,ENSG00000102048,ASB9,ortholog_one2one,78.4983,78.2313
ENSCAFG00000015014,,ENSG00000099960,SLC7A4,ortholog_one2one,78.4929,78.7402
ENSCAFG00000002575,,ENSG00000090971,NAT14,ortholog_one2one,78.4861,95.6311
ENSCAFG00000001337,,ENSG00000100321,SYNGR1,ortholog_one2one,78.4553,82.8326
ENSCAFG00000009709,,ENSG00000075891,PAX2,ortholog_one2one,78.4543,80.3357
ENSCAFG00000011625,,ENSG00000101096,NFATC2,ortholog_one2one,78.453,92.1081
ENSCAFG00000003649,,ENSG00000161618,ALDH16A1,ortholog_one2one,78.4473,84.414
ENSCAFG00000002996,,ENSG00000173258,ZNF483,ortholog_one2one,78.4416,81.1828
ENSCAFG00000019552,,ENSG00000180448,ARHGAP45,ortholog_one2one,78.4071,76.1823
ENSCAFG00000000283,,ENSG00000164440,TXLNB,ortholog_one2one,78.3898,81.1404
ENSCAFG00000024571,,ENSG00000109158,GABRA4,ortholog_one2one,78.357,89.5307
ENSCAFG00000017294,,ENSG00000078589,P2RY10,ortholog_one2one,78.3505,89.6755
ENSCAFG00000015388,,ENSG00000156671,SAMD8,ortholog_one2one,78.3418,96.8619
ENSCAFG00000002918,,ENSG00000018189,RUFY3,ortholog_one2one,78.3046,87.9032
ENSCAFG00000002802,,ENSG00000187054,TMPRSS11A,ortholog_one2one,78.3019,78.8599
ENSCAFG00000006704,,ENSG00000167604,NFKBID,ortholog_one2one,78.2961,83.0107
ENSCAFG00000018506,,ENSG00000167772,ANGPTL4,ortholog_one2one,78.2927,79.064
ENSCAFG00000011746,,ENSG00000176896,TCEANC,ortholog_one2one,78.2857,71.916
ENSCAFG00000019192,,ENSG00000183617,MRPL54,ortholog_one2one,78.2609,78.2609
ENSCAFG00000014095,,ENSG00000099958,DERL3,ortholog_one2one,78.2609,75.3138
ENSCAFG00000007505,,ENSG00000173809,TDRD12,ortholog_one2one,78.2576,77.3783
ENSCAFG00000009354,,ENSG00000124191,TOX2,ortholog_one2one,78.2467,95.2569
ENSCAFG00000005521,,ENSG00000090924,PLEKHG2,ortholog_one2one,78.2421,78.355
ENSCAFG00000007490,,ENSG00000125970,RALY,ortholog_one2one,78.2334,81.0458
ENSCAFG00000000083,,ENSG00000197563,PIGN,ortholog_one2one,78.2199,77.0103
ENSCAFG00000008362,,ENSG00000171222,SCAND1,ortholog_one2one,78.2123,78.2123
ENSCAFG00000000447,,ENSG00000137331,IER3,ortholog_one2one,78.2051,78.2051
ENSCAFG00000004761,,ENSG00000124466,LYPD3,ortholog_one2one,78.1609,78.6127
ENSCAFG00000020067,,ENSG00000167113,COQ4,ortholog_one2one,78.1481,79.6226
ENSCAFG00000015006,,ENSG00000181378,CFAP65,ortholog_one2one,78.1471,74.4935
ENSCAFG00000030057,,ENSG00000263002,ZNF234,ortholog_one2one,78.1437,74.5714
ENSCAFG00000002256,,ENSG00000084092,NOA1,ortholog_one2one,78.1429,78.3668
ENSCAFG00000002949,,ENSG00000145321,GC,ortholog_one2one,78.125,76.0649
ENSCAFG00000016537,,ENSG00000185774,KCNIP4,ortholog_one2one,78.1145,92.8
ENSCAFG00000007175,,ENSG00000197128,ZNF772,ortholog_one2one,78.1124,79.5501
ENSCAFG00000001288,,ENSG00000133477,SACK1F,ortholog_one2one,78.1065,79.2
ENSCAFG00000016258,,ENSG00000099795,NDUFB7,ortholog_one2one,78.1022,78.1022
ENSCAFG00000020290,,ENSG00000136848,DAB2IP,ortholog_one2one,78.0982,84.2725
ENSCAFG00000006063,,ENSG00000171864,PRND,ortholog_one2one,78.0899,78.9773
ENSCAFG00000009509,,ENSG00000124491,F13A1,ortholog_one2one,78.0856,84.6995
ENSCAFG00000019156,,ENSG00000102287,GABRE,ortholog_one2one,78.0738,75.2964
ENSCAFG00000006389,,ENSG00000088836,SLC4A11,ortholog_one2one,78.0645,79.085
ENSCAFG00000017334,,ENSG00000130159,ECSIT,ortholog_one2one,78.06,78.4223
ENSCAFG00000016211,,ENSG00000243156,MICAL3,ortholog_one2one,78.0337,88.012
ENSCAFG00000017885,,ENSG00000123561,SERPINA7,ortholog_one2one,78.032,82.1687
ENSCAFG00000018683,,ENSG00000168502,MTCL1,ortholog_one2one,78.0095,68.7139
ENSCAFG00000009905,,ENSG00000100985,MMP9,ortholog_one2one,78.0055,80.7638
ENSCAFG00000032597,,ENSG00000136897,MRPL50,ortholog_one2one,77.9874,78.481
ENSCAFG00000003971,,ENSG00000105523,SACK1E,ortholog_one2one,77.9798,80.7531
ENSCAFG00000017714,,ENSG00000176438,SYNE3,ortholog_one2one,77.957,74.359
ENSCAFG00000002883,,ENSG00000167759,KLK13,ortholog_one2one,77.931,81.5884
ENSCAFG00000020123,,ENSG00000187024,PTRH1,ortholog_one2one,77.9279,80.8411
ENSCAFG00000006713,,ENSG00000105290,APLP1,ortholog_one2one,77.9255,90.0154
ENSCAFG00000001304,,ENSG00000065029,ZNF76,ortholog_one2one,77.8902,94.5614
ENSCAFG00000012686,,ENSG00000187860,CCDC157,ortholog_one2one,77.886,74.4681
ENSCAFG00000011318,,ENSG00000011201,ANOS1,ortholog_one2one,77.886,82.3529
ENSCAFG00000000059,,ENSG00000197632,SERPINB2,ortholog_one2one,77.8846,78.0723
ENSCAFG00000019417,,ENSG00000130653,PNPLA7,ortholog_one2one,77.8846,84.5007
ENSCAFG00000032644,,ENSG00000127529,OR7C2,ortholog_one2one,77.8481,77.116
ENSCAFG00000015271,,ENSG00000099937,SERPIND1,ortholog_one2one,77.8388,85.1703
ENSCAFG00000006671,,ENSG00000215472,RPL17-C18orf32,ortholog_one2one,77.8378,63.1579
ENSCAFG00000007329,,ENSG00000078898,BPIFB2,ortholog_one2one,77.8261,78.1659
ENSCAFG00000003013,,ENSG00000106868,SUSD1,ortholog_one2one,77.821,79.2602
ENSCAFG00000014250,,ENSG00000100483,VCPKMT,ortholog_one2one,77.8182,93.4498
ENSCAFG00000016316,,ENSG00000123143,PKN1,ortholog_one2one,77.8166,93.9873
ENSCAFG00000015332,,ENSG00000141971,MVB12A,ortholog_one2one,77.8135,88.6447
ENSCAFG00000030549,,ENSG00000127530,OR7C1,ortholog_one2one,77.8125,77.8125
ENSCAFG00000002558,,ENSG00000173581,CCDC106,ortholog_one2one,77.8116,91.4286
ENSCAFG00000018363,,ENSG00000175556,LONRF3,ortholog_one2one,77.8043,85.9025
ENSCAFG00000001480,,ENSG00000100106,TRIOBP,ortholog_one2one,77.7829,71.2051
ENSCAFG00000031292,,ENSG00000229544,NKX1-2,ortholog_one2one,77.7778,79.0323
ENSCAFG00000015060,,ENSG00000099957,P2RX6,ortholog_one2one,77.7778,69.8413
ENSCAFG00000041020,,ENSG00000254505,CHMP4A,ortholog_one2one,77.7778,91.4414
ENSCAFG00000013731,,ENSG00000151338,MIPOL1,ortholog_one2one,77.7533,79.8643
ENSCAFG00000003914,,ENSG00000176909,MAMSTR,ortholog_one2one,77.7523,81.6867
ENSCAFG00000031120,,ENSG00000136541,ERMN,ortholog_one2one,77.7385,74.0741
ENSCAFG00000018401,,ENSG00000184916,JAG2,ortholog_one2one,77.7093,71.2439
ENSCAFG00000012193,,ENSG00000204618,RNF39,ortholog_one2one,77.6978,77.1429
ENSCAFG00000019036,,ENSG00000101670,LIPG,ortholog_one2one,77.6952,83.6
ENSCAFG00000001137,,ENSG00000172404,DNAJB7,ortholog_one2one,77.6699,77.6699
ENSCAFG00000013144,,ENSG00000151413,NUBPL,ortholog_one2one,77.6567,89.3417
ENSCAFG00000031626,,ENSG00000185561,TLCD2,ortholog_one2one,77.6515,77.6515
ENSCAFG00000004297,,ENSG00000169515,CCDC8,ortholog_one2one,77.6344,67.1004
ENSCAFG00000004626,,ENSG00000130202,NECTIN2,ortholog_one2one,77.634,78.0669
ENSCAFG00000004278,,ENSG00000123171,CCDC70,ortholog_one2one,77.6316,79.7297
ENSCAFG00000018828,,ENSG00000176194,CIDEA,ortholog_one2one,77.6256,77.6256
ENSCAFG00000023065,,ENSG00000203970,DEFB110,ortholog_one2one,77.6119,77.6119
ENSCAFG00000005592,,ENSG00000179751,SYCN,ortholog_one2one,77.6119,77.6119
ENSCAFG00000024660,,ENSG00000036448,MYOM2,ortholog_one2one,77.593,54.1297
ENSCAFG00000030464,,ENSG00000187736,NHEJ1,ortholog_one2one,77.592,73.4177
ENSCAFG00000009321,,ENSG00000137275,RIPK1,ortholog_one2one,77.5785,77.3472
ENSCAFG00000010211,,ENSG00000172197,MBOAT1,ortholog_one2one,77.5652,90.101
ENSCAFG00000009561,,ENSG00000107554,DNMBP,ortholog_one2one,77.5547,80.8497
ENSCAFG00000014616,,ENSG00000105664,COMP,ortholog_one2one,77.5533,91.2814
ENSCAFG00000005375,,ENSG00000132631,SCP2D1,ortholog_one2one,77.551,73.0769
ENSCAFG00000030380,,ENSG00000148229,POLE3,ortholog_one2one,77.5401,98.6395
ENSCAFG00000008573,,ENSG00000101082,SLA2,ortholog_one2one,77.5362,81.9923
ENSCAFG00000031629,,ENSG00000214285,NPS,ortholog_one2one,77.5281,77.5281
ENSCAFG00000002547,,ENSG00000138083,SIX3,ortholog_one2one,77.5253,92.4699
ENSCAFG00000016879,,ENSG00000156050,FAM161B,ortholog_one2one,77.5039,70.8451
ENSCAFG00000017624,,ENSG00000089737,DDX24,ortholog_one2one,77.5028,80.2095
ENSCAFG00000000901,,ENSG00000153975,ZUP1,ortholog_one2one,77.4648,85.6401
ENSCAFG00000002929,,ENSG00000013375,PGM3,ortholog_one2one,77.454,88.5965
ENSCAFG00000002768,,ENSG00000112706,IMPG1,ortholog_one2one,77.4522,76.2861
ENSCAFG00000000515,,ENSG00000226979,LTA,ortholog_one2one,77.451,77.0732
ENSCAFG00000015934,,ENSG00000049768,FOXP3,ortholog_one2one,77.4336,76.7544
ENSCAFG00000019181,,ENSG00000132376,INPP5K,ortholog_one2one,77.4336,78.125
ENSCAFG00000019071,,ENSG00000184811,TRARG1,ortholog_one2one,77.4011,77.4011
ENSCAFG00000003910,,ENSG00000105538,RASIP1,ortholog_one2one,77.3967,91.3811
ENSCAFG00000015377,,ENSG00000100578,KIAA0586,ortholog_one2one,77.3879,72.4453
ENSCAFG00000019569,,ENSG00000169692,AGPAT2,ortholog_one2one,77.3723,76.259
ENSCAFG00000001022,,ENSG00000030110,BAK1,ortholog_one2one,77.3663,89.0995
ENSCAFG00000031542,,ENSG00000156384,SFR1,ortholog_one2one,77.3663,76.7347
ENSCAFG00000030764,,ENSG00000197119,SLC25A29,ortholog_one2one,77.3585,81.1881
ENSCAFG00000002479,,ENSG00000198046,ZNF667,ortholog_one2one,77.3556,83.4426
ENSCAFG00000002987,,ENSG00000112837,TBX18,ortholog_one2one,77.3529,86.6557
ENSCAFG00000006748,,ENSG00000101327,PDYN,ortholog_one2one,77.3438,77.9528
ENSCAFG00000015688,,ENSG00000168826,ZBTB49,ortholog_one2one,77.335,81.1765
ENSCAFG00000000149,,ENSG00000174448,STARD6,ortholog_one2one,77.3333,79.0909
ENSCAFG00000003099,,ENSG00000146276,GABRR1,ortholog_one2one,77.3109,76.8267
ENSCAFG00000002054,,ENSG00000069122,ADGRF5,ortholog_one2one,77.3055,79.7177
ENSCAFG00000015416,,ENSG00000074855,ANO8,ortholog_one2one,77.3035,92.6136
ENSCAFG00000002411,,ENSG00000249715,FER1L5,ortholog_one2one,77.285,68.145
ENSCAFG00000023345,,ENSG00000188820,CALHM6,ortholog_one2one,77.2586,78.7302
ENSCAFG00000019722,,ENSG00000181781,CIMAP1D,ortholog_one2one,77.2563,74.0484
ENSCAFG00000029890,,ENSG00000102678,FGF9,ortholog_one2one,77.2549,94.7115
ENSCAFG00000019705,,ENSG00000165661,QSOX2,ortholog_one2one,77.2532,77.3639
ENSCAFG00000029721,,ENSG00000131849,ZNF132,ortholog_one2one,77.2464,75.4958
ENSCAFG00000000630,,ENSG00000204396,VWA7,ortholog_one2one,77.2257,83.7262
ENSCAFG00000001952,,ENSG00000186522,SEPTIN10,ortholog_one2one,77.2174,81.6176
ENSCAFG00000012143,,ENSG00000215440,NPEPL1,ortholog_one2one,77.2102,75.1434
ENSCAFG00000000305,,ENSG00000189007,ADAT2,ortholog_one2one,77.193,92.1466
ENSCAFG00000008659,,ENSG00000101347,SAMHD1,ortholog_one2one,77.193,77.3163
ENSCAFG00000024936,,ENSG00000132938,MTUS2,ortholog_one2one,77.1904,77.8671
ENSCAFG00000002940,,ENSG00000115392,FANCL,ortholog_one2one,77.1845,83.6842
ENSCAFG00000012028,,ENSG00000073737,DHRS9,ortholog_one2one,77.1654,77.5726
ENSCAFG00000005221,,ENSG00000134461,ANKRD16,ortholog_one2one,77.1588,76.7313
ENSCAFG00000029496,,ENSG00000172315,TP53RK,ortholog_one2one,77.1523,92.0949
ENSCAFG00000006829,,ENSG00000125895,TMEM74B,ortholog_one2one,77.1331,88.2812
ENSCAFG00000019872,,ENSG00000170835,CEL,ortholog_one2one,77.1313,75.3968
ENSCAFG00000015975,,ENSG00000122375,OPN4,ortholog_one2one,77.131,74.9495
ENSCAFG00000005461,,ENSG00000165795,NDRG2,ortholog_one2one,77.13,92.7224
ENSCAFG00000001354,,ENSG00000120215,MLANA,ortholog_one2one,77.1186,77.1186
ENSCAFG00000015667,,ENSG00000138138,ATAD1,ortholog_one2one,77.1058,98.892
ENSCAFG00000017815,,ENSG00000196110,ZNF699,ortholog_one2one,77.0468,82.0872
ENSCAFG00000002756,,ENSG00000035720,STAP1,ortholog_one2one,77.044,83.0508
ENSCAFG00000016172,,ENSG00000174130,TLR6,ortholog_one2one,77.0389,77.1357
ENSCAFG00000014431,,ENSG00000064607,SUGP2,ortholog_one2one,77.0169,74.9088
ENSCAFG00000002909,,ENSG00000132464,ENAM,ortholog_one2one,77.0035,77.4081
ENSCAFG00000032108,,ENSG00000170270,GON7,ortholog_one2one,77.0,77.0
ENSCAFG00000012436,,ENSG00000179242,CDH4,ortholog_one2one,76.9953,89.5197
ENSCAFG00000005948,,ENSG00000167642,SPINT2,ortholog_one2one,76.9841,76.9841
ENSCAFG00000001255,,ENSG00000100354,TNRC6B,ortholog_one2one,76.9841,95.2537
ENSCAFG00000009276,,ENSG00000021355,SERPINB1,ortholog_one2one,76.9841,76.781
ENSCAFG00000004607,,ENSG00000151773,CCDC122,ortholog_one2one,76.9759,82.0513
ENSCAFG00000029249,,ENSG00000146109,ABT1,ortholog_one2one,76.9481,87.1324
ENSCAFG00000000712,,ENSG00000231852,CYP21A2,ortholog_one2one,76.9231,76.7677
ENSCAFG00000028874,,ENSG00000112115,IL17A,ortholog_one2one,76.9231,77.4194
ENSCAFG00000002595,,ENSG00000180061,TMEM150B,ortholog_one2one,76.9231,77.2532
ENSCAFG00000010640,,ENSG00000197496,SLC2A10,ortholog_one2one,76.91,83.7338
ENSCAFG00000001221,,ENSG00000124507,PACSIN1,ortholog_one2one,76.8924,86.9369
ENSCAFG00000028574,,ENSG00000101888,NXT2,ortholog_one2one,76.8844,77.665
ENSCAFG00000019389,,ENSG00000176619,LMNB2,ortholog_one2one,76.874,77.7419
ENSCAFG00000000904,,ENSG00000186732,MPPED1,ortholog_one2one,76.8617,88.6503
ENSCAFG00000012847,,ENSG00000086717,PPEF1,ortholog_one2one,76.8533,77.7948
ENSCAFG00000004813,,ENSG00000079435,LIPE,ortholog_one2one,76.8459,78.3457
ENSCAFG00000004428,,ENSG00000152207,CYSLTR2,ortholog_one2one,76.8116,76.5896
ENSCAFG00000001681,,ENSG00000176399,DMRTA1,ortholog_one2one,76.8031,78.1746
ENSCAFG00000000987,,ENSG00000237649,KIFC1,ortholog_one2one,76.7988,77.7117
ENSCAFG00000017800,,ENSG00000105401,CDC37,ortholog_one2one,76.7816,88.3598
ENSCAFG00000025512,,ENSG00000124570,SERPINB6,ortholog_one2one,76.781,73.6709
ENSCAFG00000015253,,ENSG00000100557,CCDC198,ortholog_one2one,76.7677,67.8571
ENSCAFG00000001191,,ENSG00000161904,LEMD2,ortholog_one2one,76.7642,88.668
ENSCAFG00000012570,,ENSG00000101181,MTG2,ortholog_one2one,76.7624,72.4138
ENSCAFG00000031538,,ENSG00000151689,INPP1,ortholog_one2one,76.75,76.9424
ENSCAFG00000015130,,ENSG00000115657,ABCB6,ortholog_one2one,76.749,88.5986
ENSCAFG00000024515,,ENSG00000205667,ARSH,ortholog_one2one,76.7334,88.6121
ENSCAFG00000000040,,ENSG00000150636,CCDC102B,ortholog_one2one,76.7296,71.345
ENSCAFG00000001865,,ENSG00000137221,TJAP1,ortholog_one2one,76.7101,84.5601
ENSCAFG00000014614,,ENSG00000185608,MRPL40,ortholog_one2one,76.699,76.699
ENSCAFG00000019631,,ENSG00000185010,F8,ortholog_one2one,76.6965,76.4356
ENSCAFG00000006219,,ENSG00000088827,SIGLEC1,ortholog_one2one,76.6725,77.1211
ENSCAFG00000006039,,ENSG00000089063,TMEM230,ortholog_one2one,76.6667,50.2732
ENSCAFG00000002036,,ENSG00000180113,TDRD6,ortholog_one2one,76.6382,77.0038
ENSCAFG00000001438,,ENSG00000164530,PI16,ortholog_one2one,76.6376,75.8099
ENSCAFG00000018510,,ENSG00000005893,LAMP2,ortholog_one2one,76.6355,79.8054
ENSCAFG00000001598,,ENSG00000147874,HAUS6,ortholog_one2one,76.6247,76.5445
ENSCAFG00000007136,,ENSG00000127863,TNFRSF19,ortholog_one2one,76.6204,78.2506
ENSCAFG00000023437,,ENSG00000133488,SEC14L4,ortholog_one2one,76.5957,79.803
ENSCAFG00000031623,,ENSG00000080007,DDX43,ortholog_one2one,76.5891,76.2346
ENSCAFG00000002316,,ENSG00000146147,MLIP,ortholog_one2one,76.5854,79.0534
ENSCAFG00000002857,,ENSG00000173610,UGT2A1,ortholog_one2one,76.5734,63.2035
ENSCAFG00000031043,,ENSG00000102539,MLNR,ortholog_one2one,76.5586,74.5146
ENSCAFG00000014896,,ENSG00000244486,SCARF2,ortholog_one2one,76.5481,66.7049
ENSCAFG00000019241,,ENSG00000130829,DUSP9,ortholog_one2one,76.5217,91.6667
ENSCAFG00000016840,,ENSG00000187105,HEATR4,ortholog_one2one,76.5174,74.9513
ENSCAFG00000000474,,ENSG00000204539,CDSN,ortholog_one2one,76.506,72.0227
ENSCAFG00000012295,,ENSG00000196074,SYCP2,ortholog_one2one,76.4948,72.7451
ENSCAFG00000031956,,ENSG00000196233,LCOR,ortholog_one2one,76.4601,82.4021
ENSCAFG00000000620,,ENSG00000100239,PPP6R2,ortholog_one2one,76.4516,73.6025
ENSCAFG00000016508,,ENSG00000102349,KLF8,ortholog_one2one,76.4205,74.9304
ENSCAFG00000011803,,ENSG00000182645,CCDC172,ortholog_one2one,76.4045,79.0698
ENSCAFG00000006334,,ENSG00000139835,GRTP1,ortholog_one2one,76.4012,75.2907
ENSCAFG00000003485,,ENSG00000039650,PNKP,ortholog_one2one,76.4007,86.3724
ENSCAFG00000007122,,ENSG00000101336,HCK,ortholog_one2one,76.3955,91.0646
ENSCAFG00000013063,,ENSG00000141556,TBCD,ortholog_one2one,76.3914,69.187
ENSCAFG00000029809,,ENSG00000166862,CACNG2,ortholog_one2one,76.3848,81.1145
ENSCAFG00000010995,,ENSG00000100600,LGMN,ortholog_one2one,76.383,82.9099
ENSCAFG00000013923,,ENSG00000099994,SUSD2,ortholog_one2one,76.3522,73.8443
ENSCAFG00000031732,,ENSG00000124116,WFDC3,ortholog_one2one,76.3393,74.026
ENSCAFG00000025192,,ENSG00000064012,CASP8,ortholog_one2one,76.3374,68.9591
ENSCAFG00000002797,,ENSG00000136826,KLF4,ortholog_one2one,76.3326,74.739
ENSCAFG00000028857,,ENSG00000196860,TOMM20L,ortholog_one2one,76.3158,76.3158
ENSCAFG00000006727,,ENSG00000166948,TGM6,ortholog_one2one,76.3085,78.4703
ENSCAFG00000015463,,ENSG00000178163,ZNF518B,ortholog_one2one,76.3,71.0428
ENSCAFG00000017353,,ENSG00000131171,SH3BGRL,ortholog_one2one,76.2963,90.3509
ENSCAFG00000014416,,ENSG00000162999,DUSP19,ortholog_one2one,76.2931,81.5668
ENSCAFG00000020068,,ENSG00000167112,TRUB2,ortholog_one2one,76.2857,80.6646
ENSCAFG00000000700,,ENSG00000073146,MOV10L1,ortholog_one2one,76.2846,79.6862
ENSCAFG00000016597,,ENSG00000100652,SLC10A1,ortholog_one2one,76.2755,85.6734
ENSCAFG00000003420,,ENSG00000105053,VRK3,ortholog_one2one,76.2637,73.2067
ENSCAFG00000017534,,ENSG00000130173,ANGPTL8,ortholog_one2one,76.2626,76.2626
ENSCAFG00000029944,,ENSG00000124459,ZNF45,ortholog_one2one,76.2533,84.7507
ENSCAFG00000001550,,ENSG00000100350,FOXRED2,ortholog_one2one,76.2483,82.6023
ENSCAFG00000031640,,ENSG00000186469,GNG2,ortholog_one2one,76.2376,70.0
ENSCAFG00000009763,,ENSG00000186862,PDZD7,ortholog_one2one,76.2257,79.7677
ENSCAFG00000016663,,ENSG00000139985,ADAM21,ortholog_one2one,76.217,75.9003
ENSCAFG00000006869,,ENSG00000172671,ZFAND4,ortholog_one2one,76.2162,77.5791
ENSCAFG00000008896,,ENSG00000149633,KIAA1755,ortholog_one2one,76.2144,75.8333
ENSCAFG00000029018,,ENSG00000273111,LYPD4,ortholog_one2one,76.2097,76.8293
ENSCAFG00000023435,,ENSG00000198142,SOWAHC,ortholog_one2one,76.2082,78.0952
ENSCAFG00000016157,,ENSG00000094661,OR1I1,ortholog_one2one,76.2058,66.7606
ENSCAFG00000000322,,ENSG00000135604,STX11,ortholog_one2one,76.2058,82.5784
ENSCAFG00000017621,,ENSG00000142453,CARM1,ortholog_one2one,76.204,88.4868
ENSCAFG00000010440,,ENSG00000112312,GMNN,ortholog_one2one,76.1905,76.555
ENSCAFG00000000022,,ENSG00000215421,ZNF407,ortholog_one2one,76.1905,77.5801
ENSCAFG00000008011,,ENSG00000125998,SACK1C,ortholog_one2one,76.1905,81.3922
ENSCAFG00000015519,,ENSG00000015285,WAS,ortholog_one2one,76.1733,84.0637
ENSCAFG00000002782,,ENSG00000269964,MEI4,ortholog_one2one,76.1658,76.3636
ENSCAFG00000012667,,ENSG00000071967,CYBRD1,ortholog_one2one,76.1566,74.8252
ENSCAFG00000008406,,ENSG00000119977,TCTN3,ortholog_one2one,76.1538,79.2
ENSCAFG00000008869,,ENSG00000198959,TGM2,ortholog_one2one,76.1442,79.9127
ENSCAFG00000007499,,ENSG00000021488,SLC7A9,ortholog_one2one,76.1302,86.4476
ENSCAFG00000014719,,ENSG00000163012,ZSWIM2,ortholog_one2one,76.1269,72.0379
ENSCAFG00000007083,,ENSG00000139505,MTMR6,ortholog_one2one,76.1232,95.4911
ENSCAFG00000002068,,ENSG00000153292,ADGRF1,ortholog_one2one,76.1194,78.4615
ENSCAFG00000001313,,ENSG00000112039,FANCE,ortholog_one2one,76.0668,76.4925
ENSCAFG00000008433,,ENSG00000138185,ENTPD1,ortholog_one2one,76.0314,74.1379
ENSCAFG00000023401,,ENSG00000171954,CYP4F22,ortholog_one2one,76.0188,91.3371
ENSCAFG00000017872,,ENSG00000105376,ICAM5,ortholog_one2one,76.0113,87.4459
ENSCAFG00000002433,,ENSG00000162881,OXER1,ortholog_one2one,76.0101,71.1584
ENSCAFG00000015753,,ENSG00000133661,SFTPD,ortholog_one2one,76.0,76.0
ENSCAFG00000009629,,ENSG00000198105,ZNF248,ortholog_one2one,75.9931,75.9931
ENSCAFG00000018787,,ENSG00000141404,GNAL,ortholog_one2one,75.974,76.6376
ENSCAFG00000019598,,ENSG00000160211,G6PD,ortholog_one2one,75.9615,84.492
ENSCAFG00000000689,,ENSG00000128159,TUBGCP6,ortholog_one2one,75.9592,69.6537
ENSCAFG00000016193,,ENSG00000263761,GDF2,ortholog_one2one,75.9524,74.359
ENSCAFG00000003051,,ENSG00000164411,GJB7,ortholog_one2one,75.9336,82.0628
ENSCAFG00000014629,,ENSG00000109758,HGFAC,ortholog_one2one,75.9336,82.9305
ENSCAFG00000003568,,ENSG00000169169,CPT1C,ortholog_one2one,75.93,86.4259
ENSCAFG00000007178,,ENSG00000138182,KIF20B,ortholog_one2one,75.9259,81.0989
ENSCAFG00000048005,,ENSG00000124172,ATP5F1E,ortholog_one2one,75.9259,80.3922
ENSCAFG00000015178,,ENSG00000126767,ELK1,ortholog_one2one,75.9223,91.3551
ENSCAFG00000005941,,ENSG00000099337,KCNK6,ortholog_one2one,75.9207,85.623
ENSCAFG00000015026,,ENSG00000126787,DLGAP5,ortholog_one2one,75.915,76.0047
ENSCAFG00000019516,,ENSG00000115257,PCSK4,ortholog_one2one,75.9134,74.3046
ENSCAFG00000016923,,ENSG00000119688,ABCD4,ortholog_one2one,75.8876,84.6535
ENSCAFG00000002697,,ENSG00000105617,LENG1,ortholog_one2one,75.8865,81.0606
ENSCAFG00000015312,,ENSG00000109743,BST1,ortholog_one2one,75.8842,70.8709
ENSCAFG00000000013,,ENSG00000256463,SALL3,ortholog_one2one,75.8828,77.6923
ENSCAFG00000020120,,ENSG00000160404,TOR2A,ortholog_one2one,75.8721,81.3084
ENSCAFG00000005776,,ENSG00000130402,ACTN4,ortholog_one2one,75.8383,96.8167
ENSCAFG00000018475,,ENSG00000172171,TEFM,ortholog_one2one,75.8333,75.8333
ENSCAFG00000028504,,ENSG00000234409,CCDC188,ortholog_one2one,75.8025,76.3682
ENSCAFG00000006421,,ENSG00000183087,GAS6,ortholog_one2one,75.7943,73.8938
ENSCAFG00000006175,,ENSG00000101224,CDC25B,ortholog_one2one,75.7774,79.8276
ENSCAFG00000011610,,ENSG00000166090,IL25,ortholog_one2one,75.7764,68.9266
ENSCAFG00000004988,,ENSG00000142025,DMRTC2,ortholog_one2one,75.7732,70.3349
ENSCAFG00000002525,,ENSG00000204291,COL15A1,ortholog_one2one,75.7617,80.6196
ENSCAFG00000012800,,ENSG00000102098,SCML2,ortholog_one2one,75.7576,78.5714
ENSCAFG00000005329,,ENSG00000165568,AKR1E2,ortholog_one2one,75.7475,71.25
ENSCAFG00000000126,,ENSG00000066926,FECH,ortholog_one2one,75.7384,83.683
ENSCAFG00000003681,,ENSG00000104901,DKKL1,ortholog_one2one,75.7202,76.0331
ENSCAFG00000019382,,ENSG00000104969,SGTA,ortholog_one2one,75.7188,65.8333
ENSCAFG00000024432,,ENSG00000179409,GEMIN4,ortholog_one2one,75.7119,85.4442
ENSCAFG00000031525,,ENSG00000221994,ZNF630,ortholog_one2one,75.7037,77.7778
ENSCAFG00000042723,,ENSG00000237521,OR7E24,ortholog_one2one,75.6839,73.4513
ENSCAFG00000000698,,ENSG00000170638,TRABD,ortholog_one2one,75.6501,84.4327
ENSCAFG00000008016,,ENSG00000101019,UQCC1,ortholog_one2one,75.6494,77.9264
ENSCAFG00000029430,,ENSG00000163394,CCKAR,ortholog_one2one,75.6436,89.2523
ENSCAFG00000019509,,ENSG00000184709,LRRC26,ortholog_one2one,75.6329,71.5569
ENSCAFG00000024335,,ENSG00000178951,ZBTB7A,ortholog_one2one,75.6302,92.4658
ENSCAFG00000015922,,ENSG00000101997,CCDC22,ortholog_one2one,75.6291,91.0686
ENSCAFG00000005500,,ENSG00000102595,UGGT2,ortholog_one2one,75.6286,77.3747
ENSCAFG00000012344,,ENSG00000138399,FASTKD1,ortholog_one2one,75.601,74.2621
ENSCAFG00000002904,,ENSG00000178522,AMBN,ortholog_one2one,75.5981,70.6935
ENSCAFG00000001142,,ENSG00000100372,SLC25A17,ortholog_one2one,75.5725,96.7427
ENSCAFG00000014554,,ENSG00000087008,ACOX3,ortholog_one2one,75.5714,75.5714
ENSCAFG00000011868,,ENSG00000100889,PCK2,ortholog_one2one,75.5667,93.75
ENSCAFG00000032164,,ENSG00000180884,ZNF792,ortholog_one2one,75.5663,73.8924
ENSCAFG00000013298,,ENSG00000171772,SYCE1,ortholog_one2one,75.5556,67.8063
ENSCAFG00000019953,,ENSG00000107130,NCS1,ortholog_one2one,75.5556,71.5789
ENSCAFG00000002882,,ENSG00000109205,ODAM,ortholog_one2one,75.5396,75.2688
ENSCAFG00000015462,,ENSG00000130307,USHBP1,ortholog_one2one,75.5334,75.5334
ENSCAFG00000000016,,ENSG00000197971,MBP,ortholog_one2one,75.5287,82.2368
ENSCAFG00000019592,,ENSG00000071889,FAM3A,ortholog_one2one,75.5274,73.3607
ENSCAFG00000015541,,ENSG00000144591,GMPPA,ortholog_one2one,75.502,79.4926
ENSCAFG00000044777,,ENSG00000011590,ZBTB32,ortholog_one2one,75.498,77.8234
ENSCAFG00000004152,,ENSG00000136770,DNAJC1,ortholog_one2one,75.4934,82.852
ENSCAFG00000011471,,ENSG00000235194,PPP1R3E,ortholog_one2one,75.493,96.0574
ENSCAFG00000009326,,ENSG00000137274,BPHL,ortholog_one2one,75.4839,80.4124
ENSCAFG00000016026,,ENSG00000179841,AKAP5,ortholog_one2one,75.4673,75.644
ENSCAFG00000025077,,ENSG00000149346,SLX4IP,ortholog_one2one,75.4476,72.3039
ENSCAFG00000003961,,ENSG00000063176,SPHK2,ortholog_one2one,75.4434,83.4087
ENSCAFG00000002141,,ENSG00000112077,RHAG,ortholog_one2one,75.4217,72.2864
ENSCAFG00000015639,,ENSG00000020426,MNAT1,ortholog_one2one,75.419,87.3786
ENSCAFG00000010435,,ENSG00000149635,OCSTAMP,ortholog_one2one,75.4132,64.4876
ENSCAFG00000045825,,ENSG00000171606,ZNF274,ortholog_one2one,75.4019,71.8224
ENSCAFG00000005485,,ENSG00000125864,BFSP1,ortholog_one2one,75.3776,75.0376
ENSCAFG00000001516,,ENSG00000128311,TST,ortholog_one2one,75.3463,91.5825
ENSCAFG00000011206,,ENSG00000196865,NHLRC2,ortholog_one2one,75.344,90.4959
ENSCAFG00000028737,,ENSG00000046647,GEMIN8,ortholog_one2one,75.3247,71.9008
ENSCAFG00000019247,,ENSG00000101986,ABCD1,ortholog_one2one,75.323,78.255
ENSCAFG00000000028,,ENSG00000075336,TIMM21,ortholog_one2one,75.2988,76.2097
ENSCAFG00000023591,,ENSG00000112299,VNN1,ortholog_one2one,75.2918,75.4386
ENSCAFG00000018515,,ENSG00000099785,MARCHF2,ortholog_one2one,75.2768,82.9268
ENSCAFG00000006438,,ENSG00000125901,MRPS26,ortholog_one2one,75.2427,75.6098
ENSCAFG00000003498,,ENSG00000123552,USP45,ortholog_one2one,75.2368,68.3047
ENSCAFG00000019263,,ENSG00000161082,CELF5,ortholog_one2one,75.2336,99.5876
ENSCAFG00000007179,,ENSG00000180776,ZDHHC20,ortholog_one2one,75.2252,91.5069
ENSCAFG00000013139,,ENSG00000214943,GPR33,ortholog_one2one,75.2212,76.5766
ENSCAFG00000018880,,ENSG00000101639,CEP192,ortholog_one2one,75.2094,70.7923
ENSCAFG00000017929,,ENSG00000254656,RTL1,ortholog_one2one,75.2042,74.595
ENSCAFG00000011682,,ENSG00000163092,XIRP2,ortholog_one2one,75.1747,64.4775
ENSCAFG00000014218,,ENSG00000130287,NCAN,ortholog_one2one,75.1663,76.9871
ENSCAFG00000015976,,ENSG00000105122,RASAL3,ortholog_one2one,75.1628,79.9209
ENSCAFG00000030745,,ENSG00000154548,SRSF12,ortholog_one2one,75.1572,91.5709
ENSCAFG00000020106,,ENSG00000106991,ENG,ortholog_one2one,75.1534,74.4681
ENSCAFG00000004121,,ENSG00000118162,KPTN,ortholog_one2one,75.1391,92.8899
ENSCAFG00000000902,,ENSG00000186976,EFCAB6,ortholog_one2one,75.1309,76.4823
ENSCAFG00000000752,,ENSG00000100422,CERK,ortholog_one2one,75.1252,83.7989
ENSCAFG00000010398,,ENSG00000137261,KIAA0319,ortholog_one2one,75.1169,74.9067
ENSCAFG00000013127,,ENSG00000180745,CLRN3,ortholog_one2one,75.1092,76.1062
ENSCAFG00000004692,,ENSG00000152457,DCLRE1C,ortholog_one2one,75.1049,77.6012
ENSCAFG00000012942,,ENSG00000125508,SRMS,ortholog_one2one,75.1037,74.1803
ENSCAFG00000044274,,ENSG00000133106,EPSTI1,ortholog_one2one,75.0842,54.3902
ENSCAFG00000030193,,ENSG00000170915,PAQR8,ortholog_one2one,75.0547,96.8927
ENSCAFG00000024901,,ENSG00000158691,ZSCAN12,ortholog_one2one,75.0411,75.6623
ENSCAFG00000016557,,ENSG00000081177,EXD2,ortholog_one2one,75.0349,86.6345
ENSCAFG00000001832,,ENSG00000177752,YIPF7,ortholog_one2one,75.0,73.9286
ENSCAFG00000019420,,ENSG00000104885,DOT1L,ortholog_one2one,74.9856,84.6454
ENSCAFG00000011180,,ENSG00000101825,MXRA5,ortholog_one2one,74.9735,75.1061
ENSCAFG00000015738,,ENSG00000173040,EVC2,ortholog_one2one,74.9629,77.1407
ENSCAFG00000015430,,ENSG00000127220,ABHD8,ortholog_one2one,74.9553,95.4442
ENSCAFG00000032489,,ENSG00000187902,SHISA7,ortholog_one2one,74.9533,74.5353
ENSCAFG00000003233,,ENSG00000143995,MEIS1,ortholog_one2one,74.9503,81.4255
ENSCAFG00000029814,,ENSG00000105497,ZNF175,ortholog_one2one,74.9292,74.4023
ENSCAFG00000023406,,ENSG00000186376,ZNF75D,ortholog_one2one,74.9042,76.6667
ENSCAFG00000016394,,ENSG00000100558,PLEK2,ortholog_one2one,74.8858,92.9178
ENSCAFG00000000809,,ENSG00000128408,RIBC2,ortholog_one2one,74.8756,78.7958
ENSCAFG00000003079,,ENSG00000170264,FAM161A,ortholog_one2one,74.8603,74.8603
ENSCAFG00000047800,,ENSG00000184990,SIVA1,ortholog_one2one,74.8571,74.8571
ENSCAFG00000019686,,ENSG00000213221,DNLZ,ortholog_one2one,74.8538,71.9101
ENSCAFG00000005638,,ENSG00000068903,SIRT2,ortholog_one2one,74.8503,64.2673
ENSCAFG00000000029,,ENSG00000141665,FBXO15,ortholog_one2one,74.8491,72.9412
ENSCAFG00000030200,,ENSG00000136807,CDK9,ortholog_one2one,74.8466,98.3871
ENSCAFG00000003846,,ENSG00000146360,GPR6,ortholog_one2one,74.8387,92.3077
ENSCAFG00000011163,,ENSG00000062096,ARSF,ortholog_one2one,74.8288,74.0678
ENSCAFG00000004636,,ENSG00000187244,BCAM,ortholog_one2one,74.8137,79.9363
ENSCAFG00000002380,,ENSG00000115073,ACTR1B,ortholog_one2one,74.7984,98.6702
ENSCAFG00000018770,,ENSG00000134597,RBMX2,ortholog_one2one,74.7801,79.1925
ENSCAFG00000019664,,ENSG00000148384,INPP5E,ortholog_one2one,74.7588,72.205
ENSCAFG00000006020,,ENSG00000101290,CDS2,ortholog_one2one,74.7387,96.4045
ENSCAFG00000001029,,ENSG00000111907,TPD52L1,ortholog_one2one,74.7036,90.4306
ENSCAFG00000011056,,ENSG00000100605,ITPK1,ortholog_one2one,74.6914,87.6812
ENSCAFG00000012740,,ENSG00000101191,DIDO1,ortholog_one2one,74.6835,73.75
ENSCAFG00000018636,,ENSG00000205744,DENND1C,ortholog_one2one,74.6791,79.9001
ENSCAFG00000006088,,ENSG00000153487,ING1,ortholog_one2one,74.6479,50.237
ENSCAFG00000016080,,ENSG00000184205,TSPYL2,ortholog_one2one,74.6186,77.6335
ENSCAFG00000024289,,ENSG00000196867,ZFP28,ortholog_one2one,74.6114,82.9493
ENSCAFG00000012981,,ENSG00000100078,PLA2G3,ortholog_one2one,74.6094,75.0491
ENSCAFG00000017615,,ENSG00000101638,ST8SIA5,ortholog_one2one,74.6,90.534
ENSCAFG00000004507,,ENSG00000104879,CKM,ortholog_one2one,74.5921,83.9895
ENSCAFG00000016417,,ENSG00000157765,SLC34A2,ortholog_one2one,74.5856,78.2609
ENSCAFG00000003084,,ENSG00000118434,SPACA1,ortholog_one2one,74.5819,75.8503
ENSCAFG00000017400,,ENSG00000198003,ODAD3,ortholog_one2one,74.5791,74.4538
ENSCAFG00000004411,,ENSG00000102409,BEX4,ortholog_one2one,74.5763,73.3333
ENSCAFG00000018623,,ENSG00000185862,EVI2B,ortholog_one2one,74.5614,75.8929
ENSCAFG00000015402,,ENSG00000038219,BOD1L1,ortholog_one2one,74.5492,71.8125
ENSCAFG00000031981,,ENSG00000189167,ZAR1L,ortholog_one2one,74.5399,75.7009
ENSCAFG00000019367,,ENSG00000083457,ITGAE,ortholog_one2one,74.5283,73.7065
ENSCAFG00000003000,,ENSG00000106853,PTGR1,ortholog_one2one,74.5098,80.8511
ENSCAFG00000002092,,ENSG00000164393,ADGRF2P,ortholog_one2one,74.4928,72.5989
ENSCAFG00000019435,,ENSG00000133275,CSNK1G2,ortholog_one2one,74.4813,86.506
ENSCAFG00000013008,,ENSG00000101216,GMEB2,ortholog_one2one,74.4485,76.4151
ENSCAFG00000020263,,ENSG00000095303,PTGS1,ortholog_one2one,74.4475,89.9833
ENSCAFG00000000147,,ENSG00000166845,C18orf54,ortholog_one2one,74.4444,75.4221
ENSCAFG00000003439,,ENSG00000104951,IL4I1,ortholog_one2one,74.4387,73.1749
ENSCAFG00000005661,,ENSG00000104823,ECH1,ortholog_one2one,74.4318,79.8781
ENSCAFG00000004080,,ENSG00000105373,NOP53,ortholog_one2one,74.4231,80.9623
ENSCAFG00000019763,,ENSG00000148291,SURF2,ortholog_one2one,74.4186,75.0
ENSCAFG00000015693,,ENSG00000168824,NSG1,ortholog_one2one,74.3961,83.2432
ENSCAFG00000003362,,ENSG00000181634,TNFSF15,ortholog_one2one,74.386,84.4622
ENSCAFG00000015163,,ENSG00000126759,CFP,ortholog_one2one,74.3534,73.5608
ENSCAFG00000019702,,ENSG00000185198,PRSS57,ortholog_one2one,74.3056,75.6184
ENSCAFG00000004720,,ENSG00000159871,LYPD5,ortholog_one2one,74.2991,63.3466
ENSCAFG00000005988,,ENSG00000089199,CHGB,ortholog_one2one,74.29,73.4121
ENSCAFG00000024871,,ENSG00000180383,DEFB124,ortholog_one2one,74.2857,73.2394
ENSCAFG00000031536,,ENSG00000168675,LDLRAD4,ortholog_one2one,74.2857,76.4706
ENSCAFG00000003192,,ENSG00000136867,SLC31A2,ortholog_one2one,74.2857,72.7273
ENSCAFG00000005883,,ENSG00000125827,TMX4,ortholog_one2one,74.2765,66.1891
ENSCAFG00000000665,,ENSG00000164691,TAGAP,ortholog_one2one,74.2739,73.461
ENSCAFG00000018557,,ENSG00000142303,ADAMTS10,ortholog_one2one,74.2681,87.398
ENSCAFG00000023507,,ENSG00000115649,CNPPD1,ortholog_one2one,74.2515,90.7317
ENSCAFG00000005465,,ENSG00000134874,DZIP1,ortholog_one2one,74.2441,76.4706
ENSCAFG00000018903,,ENSG00000184785,SMIM10,ortholog_one2one,74.2424,59.0361
ENSCAFG00000015264,,ENSG00000139971,ARMH4,ortholog_one2one,74.2268,74.4186
ENSCAFG00000000946,,ENSG00000128274,A4GALT,ortholog_one2one,74.2092,86.4023
ENSCAFG00000004173,,ENSG00000134830,C5AR2,ortholog_one2one,74.184,74.184
ENSCAFG00000005079,,ENSG00000269858,EGLN2,ortholog_one2one,74.1546,75.43
ENSCAFG00000002538,,ENSG00000138079,SLC3A1,ortholog_one2one,74.145,79.1241
ENSCAFG00000019434,,ENSG00000188833,ENTPD8,ortholog_one2one,74.1414,74.1414
ENSCAFG00000019370,,ENSG00000177602,HASPIN,ortholog_one2one,74.1357,72.5564
ENSCAFG00000000019,,ENSG00000101493,ZNF516,ortholog_one2one,74.1228,72.6569
ENSCAFG00000018928,,ENSG00000141644,MBD1,ortholog_one2one,74.111,79.542
ENSCAFG00000017198,,ENSG00000165555,NOXRED1,ortholog_one2one,74.0947,74.0947
ENSCAFG00000029781,,ENSG00000183260,ABHD16B,ortholog_one2one,74.0741,55.4371
ENSCAFG00000030170,,ENSG00000278318,ZNF229,ortholog_one2one,74.056,73.697
ENSCAFG00000019197,,ENSG00000105289,TJP3,ortholog_one2one,74.0385,82.0896
ENSCAFG00000024373,,ENSG00000152464,RPP38,ortholog_one2one,74.0351,74.5583
ENSCAFG00000002587,,ENSG00000160472,TMEM190,ortholog_one2one,74.0331,75.7062
ENSCAFG00000000478,,ENSG00000204536,CCHCR1,ortholog_one2one,74.0232,80.4822
ENSCAFG00000000779,,ENSG00000100416,TRMU,ortholog_one2one,74.0206,85.2732
ENSCAFG00000000628,,ENSG00000228727,SAPCD1,ortholog_one2one,74.0113,73.5955
ENSCAFG00000023848,,ENSG00000176182,MYPOP,ortholog_one2one,73.9958,87.7193
ENSCAFG00000007457,,ENSG00000076650,GPATCH1,ortholog_one2one,73.9787,89.4737
ENSCAFG00000017152,,ENSG00000100565,LRRC74A,ortholog_one2one,73.9754,73.9754
ENSCAFG00000009493,,ENSG00000189362,NEMP2,ortholog_one2one,73.9583,68.1055
ENSCAFG00000009392,,ENSG00000145975,FAM217A,ortholog_one2one,73.913,68.8474
ENSCAFG00000012534,,ENSG00000138152,BTBD16,ortholog_one2one,73.913,73.913
ENSCAFG00000004480,,ENSG00000102445,RUBCNL,ortholog_one2one,73.9044,56.0423
ENSCAFG00000018882,,ENSG00000156504,PABIR2,ortholog_one2one,73.8872,93.2584
ENSCAFG00000028686,,ENSG00000116095,PLEKHA3,ortholog_one2one,73.8786,93.3333
ENSCAFG00000002190,,ENSG00000196460,RFX8,ortholog_one2one,73.8754,78.4926
ENSCAFG00000014903,,ENSG00000130997,POLN,ortholog_one2one,73.8598,73.7778
ENSCAFG00000032560,,ENSG00000102119,EMD,ortholog_one2one,73.8462,75.5906
ENSCAFG00000017106,,ENSG00000105607,GCDH,ortholog_one2one,73.823,89.4977
ENSCAFG00000016037,,ENSG00000130385,BMP15,ortholog_one2one,73.7914,73.9796
ENSCAFG00000005425,,ENSG00000089091,DZANK1,ortholog_one2one,73.7789,76.3298
ENSCAFG00000000895,,ENSG00000100341,PNPLA5,ortholog_one2one,73.7705,73.4266
ENSCAFG00000009794,,ENSG00000078401,EDN1,ortholog_one2one,73.7624,70.283
ENSCAFG00000019783,,ENSG00000123454,DBH,ortholog_one2one,73.76,74.7164
ENSCAFG00000019436,,ENSG00000184216,IRAK1,ortholog_one2one,73.7333,77.6685
ENSCAFG00000029079,,ENSG00000197619,ZNF615,ortholog_one2one,73.7218,83.558
ENSCAFG00000001837,,ENSG00000112667,DNPH1,ortholog_one2one,73.7143,53.0864
ENSCAFG00000002134,,ENSG00000115607,IL18RAP,ortholog_one2one,73.7113,71.6194
ENSCAFG00000003518,,ENSG00000136869,TLR4,ortholog_one2one,73.7095,73.1824
ENSCAFG00000005157,,ENSG00000178726,THBD,ortholog_one2one,73.7024,74.087
ENSCAFG00000009990,,ENSG00000166189,HPS6,ortholog_one2one,73.6983,71.2258
ENSCAFG00000031769,,ENSG00000187699,AKAP19,ortholog_one2one,73.6842,73.6842
ENSCAFG00000010630,,ENSG00000082438,COBLL1,ortholog_one2one,73.6542,73.236
ENSCAFG00000049696,,ENSG00000100478,AP4S1,ortholog_one2one,73.6111,66.6667
ENSCAFG00000012422,,ENSG00000182329,KIAA2012,ortholog_one2one,73.5993,73.4124
ENSCAFG00000014201,,ENSG00000100479,POLE2,ortholog_one2one,73.5938,89.3738
ENSCAFG00000005676,,ENSG00000165821,SALL2,ortholog_one2one,73.5931,67.5273
ENSCAFG00000018625,,ENSG00000125730,C3,ortholog_one2one,73.5632,69.2724
ENSCAFG00000019408,,ENSG00000089820,ARHGAP4,ortholog_one2one,73.5111,83.8742
ENSCAFG00000004049,,ENSG00000196591,HDAC2,ortholog_one2one,73.5099,90.9836
ENSCAFG00000016448,,ENSG00000168228,ZCCHC4,ortholog_one2one,73.5043,83.8207
ENSCAFG00000006794,,ENSG00000122034,GTF3A,ortholog_one2one,73.4908,76.7123
ENSCAFG00000013123,,ENSG00000188916,INSYN2A,ortholog_one2one,73.4737,72.8601
ENSCAFG00000004502,,ENSG00000104892,KLC3,ortholog_one2one,73.4729,81.2741
ENSCAFG00000000561,,ENSG00000100253,MIOX,ortholog_one2one,73.4694,88.4211
ENSCAFG00000012698,,ENSG00000188620,HMX3,ortholog_one2one,73.4513,69.7479
ENSCAFG00000019114,,ENSG00000105246,EBI3,ortholog_one2one,73.4513,72.4891
ENSCAFG00000000918,,ENSG00000100294,MCAT,ortholog_one2one,73.4375,72.3077
ENSCAFG00000000856,,ENSG00000093000,NUP50,ortholog_one2one,73.4226,82.0513
ENSCAFG00000024624,,ENSG00000147905,ZCCHC7,ortholog_one2one,73.3945,73.6648
ENSCAFG00000028751,,ENSG00000177354,C10orf71,ortholog_one2one,73.3661,72.7526
ENSCAFG00000007314,,ENSG00000174721,FGFBP3,ortholog_one2one,73.3591,73.6434
ENSCAFG00000019396,,ENSG00000165724,ZMYND19,ortholog_one2one,73.3564,93.3921
ENSCAFG00000011918,,ENSG00000186795,KCNK18,ortholog_one2one,73.3509,72.3958
ENSCAFG00000000953,,ENSG00000100243,CYB5R3,ortholog_one2one,73.3509,83.2335
ENSCAFG00000009302,,ENSG00000166024,R3HCC1L,ortholog_one2one,73.3503,72.9798
ENSCAFG00000004071,,ENSG00000130024,PHF10,ortholog_one2one,73.3333,92.7711
ENSCAFG00000019403,,ENSG00000182154,MRPL41,ortholog_one2one,73.3333,72.2628
ENSCAFG00000019737,,ENSG00000107147,KCNT1,ortholog_one2one,73.3028,76.5127
ENSCAFG00000003993,,ENSG00000105443,CYTH2,ortholog_one2one,73.2965,99.5
ENSCAFG00000015917,,ENSG00000204033,LRIT2,ortholog_one2one,73.2727,71.9643
ENSCAFG00000017812,,ENSG00000123570,RAB9B,ortholog_one2one,73.2456,83.0846
ENSCAFG00000011266,,ENSG00000095627,TDRD1,ortholog_one2one,73.2296,79.1421
ENSCAFG00000000010,,ENSG00000060069,CTDP1,ortholog_one2one,73.2275,72.0083
ENSCAFG00000041304,,ENSG00000236543,LOC102723971,ortholog_one2one,73.224,74.0331
ENSCAFG00000003327,,ENSG00000196739,COL27A1,ortholog_one2one,73.2103,53.3333
ENSCAFG00000023613,,ENSG00000100124,ANKRD54,ortholog_one2one,73.2044,88.3333
ENSCAFG00000001960,,ENSG00000137225,CAPN11,ortholog_one2one,73.2026,60.6225
ENSCAFG00000005932,,ENSG00000136100,VPS36,ortholog_one2one,73.1959,91.9689
ENSCAFG00000016048,,ENSG00000126822,PLEKHG3,ortholog_one2one,73.19,83.7572
ENSCAFG00000015620,,ENSG00000094631,HDAC6,ortholog_one2one,73.1872,71.4403
ENSCAFG00000014747,,ENSG00000109736,SLC75A1,ortholog_one2one,73.1707,75.0
ENSCAFG00000031676,,ENSG00000104976,SNAPC2,ortholog_one2one,73.1707,71.8563
ENSCAFG00000019126,,ENSG00000060566,CREB3L3,ortholog_one2one,73.1602,73.3189
ENSCAFG00000011186,,ENSG00000198924,DCLRE1A,ortholog_one2one,73.1173,73.75
ENSCAFG00000006590,,ENSG00000132952,USPL1,ortholog_one2one,73.1016,73.1685
ENSCAFG00000005052,,ENSG00000197408,CYP2B6,ortholog_one2one,73.0916,78.0041
ENSCAFG00000013018,,ENSG00000182010,RTKN2,ortholog_one2one,73.0878,84.7291
ENSCAFG00000006749,,ENSG00000169840,GSX1,ortholog_one2one,73.0878,97.7273
ENSCAFG00000004282,,ENSG00000139668,WDFY2,ortholog_one2one,73.0769,85.5
ENSCAFG00000023381,,ENSG00000175854,SWI5,ortholog_one2one,73.0769,55.8824
ENSCAFG00000001978,,ENSG00000163006,CCDC138,ortholog_one2one,73.0667,82.406
ENSCAFG00000003555,,ENSG00000126467,TSKS,ortholog_one2one,73.021,76.3513
ENSCAFG00000012815,,ENSG00000101199,ARFGAP1,ortholog_one2one,73.0193,82.3671
ENSCAFG00000010547,,ENSG00000065618,COL17A1,ortholog_one2one,73.0119,77.8891
ENSCAFG00000018184,,ENSG00000205436,EXOC3L4,ortholog_one2one,73.007,72.2992
ENSCAFG00000024672,,ENSG00000206069,LHFPL7,ortholog_one2one,73.0,73.0
ENSCAFG00000006246,,ENSG00000125861,GFRA4,ortholog_one2one,72.9927,66.8896
ENSCAFG00000000005,,ENSG00000178184,PARD6G,ortholog_one2one,72.987,74.734
ENSCAFG00000013112,,ENSG00000176845,METRNL,ortholog_one2one,72.973,69.4534
ENSCAFG00000003275,,ENSG00000169605,GKN1,ortholog_one2one,72.973,67.8392
ENSCAFG00000018004,,ENSG00000101842,VSIG1,ortholog_one2one,72.9216,72.5768
ENSCAFG00000025546,,ENSG00000211801,TRAV21,ortholog_one2one,72.9167,62.5
ENSCAFG00000000372,,ENSG00000111962,UST,ortholog_one2one,72.912,79.5566
ENSCAFG00000003309,,ENSG00000115977,AAK1,ortholog_one2one,72.891,66.1221
ENSCAFG00000047578,,ENSG00000196421,C20orf204,ortholog_one2one,72.8723,72.4868
ENSCAFG00000014390,,ENSG00000079246,XRCC5,ortholog_one2one,72.8589,82.5137
ENSCAFG00000015192,,ENSG00000179913,B3GNT3,ortholog_one2one,72.8495,72.8495
ENSCAFG00000041065,,ENSG00000170516,COX7B2,ortholog_one2one,72.8395,72.8395
ENSCAFG00000011834,,ENSG00000163072,NOSTRIN,ortholog_one2one,72.8302,68.5613
ENSCAFG00000015930,,ENSG00000148604,RGR,ortholog_one2one,72.8188,70.0
ENSCAFG00000005961,,ENSG00000102738,MRPS31,ortholog_one2one,72.7979,71.1392
ENSCAFG00000046962,,ENSG00000095981,KCNK16,ortholog_one2one,72.7891,66.4596
ENSCAFG00000011920,,ENSG00000087589,CASS4,ortholog_one2one,72.7621,72.3919
ENSCAFG00000018316,,ENSG00000142459,EVI5L,ortholog_one2one,72.7468,84.2236
ENSCAFG00000015962,,ENSG00000161031,PGLYRP2,ortholog_one2one,72.7455,57.2555
ENSCAFG00000002629,,ENSG00000284701,TMEM247,ortholog_one2one,72.7273,76.7123
ENSCAFG00000012130,,ENSG00000003402,CFLAR,ortholog_one2one,72.7088,74.375
ENSCAFG00000031768,,ENSG00000188112,C6orf132,ortholog_one2one,72.6611,58.8384
ENSCAFG00000001303,,ENSG00000176177,ENTHD1,ortholog_one2one,72.651,71.3344
ENSCAFG00000023596,,ENSG00000135953,SLC67A2,ortholog_one2one,72.6496,71.73
ENSCAFG00000004757,,ENSG00000176531,PHLDB3,ortholog_one2one,72.6331,76.7188
ENSCAFG00000002594,,ENSG00000133247,KMT5C,ortholog_one2one,72.6297,87.8788
ENSCAFG00000017774,,ENSG00000125962,ARMCX5,ortholog_one2one,72.6257,69.8925
ENSCAFG00000002226,,ENSG00000115539,PDCL3,ortholog_one2one,72.6073,92.0502
ENSCAFG00000010947,,ENSG00000152430,BOLL,ortholog_one2one,72.6027,79.5796
ENSCAFG00000047090,,ENSG00000283567,C19orf85,ortholog_one2one,72.5962,68.018
ENSCAFG00000011861,,ENSG00000181544,FANCB,ortholog_one2one,72.5882,71.8277
ENSCAFG00000017761,,ENSG00000150477,KIAA1328,ortholog_one2one,72.5738,57.2379
ENSCAFG00000001522,,ENSG00000100365,NCF4,ortholog_one2one,72.5664,70.6897
ENSCAFG00000044896,,ENSG00000101850,GPR143,ortholog_one2one,72.561,58.9109
ENSCAFG00000002460,,ENSG00000136932,TRMO,ortholog_one2one,72.5572,79.1383
ENSCAFG00000003262,,ENSG00000169621,APLF,ortholog_one2one,72.549,72.407
ENSCAFG00000019176,,ENSG00000147394,ZNF185,ortholog_one2one,72.5291,69.2094
ENSCAFG00000001938,,ENSG00000112715,VEGFA,ortholog_one2one,72.5253,87.1359
ENSCAFG00000013098,,ENSG00000141579,ZNF750,ortholog_one2one,72.5244,71.9225
ENSCAFG00000013204,,ENSG00000132334,PTPRE,ortholog_one2one,72.5225,92.0
ENSCAFG00000002203,,ENSG00000107175,CREB3,ortholog_one2one,72.5212,69.0027
ENSCAFG00000016336,,ENSG00000172717,GARIN2,ortholog_one2one,72.5191,67.5355
ENSCAFG00000016708,,ENSG00000145214,DGKQ,ortholog_one2one,72.4951,78.3439
ENSCAFG00000018290,,ENSG00000126215,XRCC3,ortholog_one2one,72.4928,73.1214
ENSCAFG00000018307,,ENSG00000104918,RETN,ortholog_one2one,72.4771,73.1481
ENSCAFG00000004419,,ENSG00000125741,OPA3,ortholog_one2one,72.4719,71.6667
ENSCAFG00000003824,,ENSG00000135596,MICAL1,ortholog_one2one,72.468,67.8637
ENSCAFG00000019203,,ENSG00000167705,RILP,ortholog_one2one,72.4675,69.5761
ENSCAFG00000029019,,ENSG00000125823,CSTL1,ortholog_one2one,72.4638,68.9655
ENSCAFG00000001981,,ENSG00000112759,SLC29A1,ortholog_one2one,72.4551,79.6053
ENSCAFG00000009730,,ENSG00000149651,SPINT4,ortholog_one2one,72.449,71.7172
ENSCAFG00000031993,,ENSG00000181666,ZNF875,ortholog_one2one,72.4138,79.6662
ENSCAFG00000030190,,ENSG00000177202,SPACA4,ortholog_one2one,72.4138,67.7419
ENSCAFG00000002126,,ENSG00000031691,CENPQ,ortholog_one2one,72.3881,72.3881
ENSCAFG00000014071,,ENSG00000180644,PRF1,ortholog_one2one,72.3661,75.4955
ENSCAFG00000002142,,ENSG00000115602,IL1RL1,ortholog_one2one,72.3519,72.482
ENSCAFG00000014873,,ENSG00000123933,MXD4,ortholog_one2one,72.3485,91.3876
ENSCAFG00000001568,,ENSG00000124615,MOCS1,ortholog_one2one,72.3373,76.8868
ENSCAFG00000001376,,ENSG00000112053,SLC26A8,ortholog_one2one,72.3316,71.9588
ENSCAFG00000000667,,ENSG00000164694,FNDC1,ortholog_one2one,72.3264,75.3432
ENSCAFG00000002026,,ENSG00000146233,CYP39A1,ortholog_one2one,72.3164,81.8763
ENSCAFG00000005175,,ENSG00000136155,SCEL,ortholog_one2one,72.3164,74.4186
ENSCAFG00000012188,,ENSG00000155749,FLACC1,ortholog_one2one,72.3112,71.0112
ENSCAFG00000006407,,ENSG00000198171,DDRGK1,ortholog_one2one,72.3077,89.8089
ENSCAFG00000009943,,ENSG00000136560,TANK,ortholog_one2one,72.2986,86.5882
ENSCAFG00000025079,,ENSG00000215545,DEFB116,ortholog_one2one,72.2772,71.5686
ENSCAFG00000017640,,ENSG00000152240,HAUS1,ortholog_one2one,72.2714,88.1295
ENSCAFG00000024137,,ENSG00000170054,SERPINA9,ortholog_one2one,72.2488,69.4253
ENSCAFG00000003560,,ENSG00000136861,CDK5RAP2,ortholog_one2one,72.2344,69.6778
ENSCAFG00000046247,,ENSG00000083814,ZNF671,ortholog_one2one,72.211,66.6667
ENSCAFG00000000768,,ENSG00000241404,EGFL8,ortholog_one2one,72.1893,83.2765
ENSCAFG00000001954,,ENSG00000172724,CCL19,ortholog_one2one,72.1739,79.8077
ENSCAFG00000012709,,ENSG00000130700,GATA5,ortholog_one2one,72.1698,77.0781
ENSCAFG00000011720,,ENSG00000128203,ASPHD2,ortholog_one2one,72.1649,94.851
ENSCAFG00000017968,,ENSG00000080572,DNAAF6,ortholog_one2one,72.1461,73.8318
ENSCAFG00000010820,,ENSG00000133962,CATSPERB,ortholog_one2one,72.1429,72.4014
ENSCAFG00000004558,,ENSG00000179846,NKPD1,ortholog_one2one,72.1354,66.5865
ENSCAFG00000018868,,ENSG00000196535,MYO18A,ortholog_one2one,72.1154,94.9367
ENSCAFG00000010201,,ENSG00000138111,SLC68A1,ortholog_one2one,72.1137,78.53
ENSCAFG00000003239,,ENSG00000143971,ETAA1,ortholog_one2one,72.112,66.7387
ENSCAFG00000014670,,ENSG00000087303,NID2,ortholog_one2one,72.0981,72.7273
ENSCAFG00000001574,,ENSG00000112212,TSPO2,ortholog_one2one,72.093,72.9412
ENSCAFG00000018972,,ENSG00000176927,EFCAB5,ortholog_one2one,72.0509,71.5236
ENSCAFG00000012641,,ENSG00000179988,PSTK,ortholog_one2one,72.0482,83.5196
ENSCAFG00000000257,,ENSG00000016402,IL20RA,ortholog_one2one,72.043,72.6944
ENSCAFG00000028907,,ENSG00000211813,TRAV34,ortholog_one2one,72.043,59.8214
ENSCAFG00000002577,,ENSG00000251349,MSANTD3-TMEFF1,ortholog_one2one,72.0264,95.8944
ENSCAFG00000005641,,ENSG00000129472,RAB2B,ortholog_one2one,72.0136,97.6852
ENSCAFG00000003256,,ENSG00000115946,PNO1,ortholog_one2one,71.987,87.6984
ENSCAFG00000000777,,ENSG00000204305,AGER,ortholog_one2one,71.9697,67.8571
ENSCAFG00000024923,,ENSG00000150201,FXYD4,ortholog_one2one,71.9101,71.9101
ENSCAFG00000019289,,ENSG00000141258,SGSM2,ortholog_one2one,71.8949,85.9182
ENSCAFG00000014085,,ENSG00000129534,MIS18BP1,ortholog_one2one,71.8886,72.9682
ENSCAFG00000017895,,ENSG00000186496,ZNF396,ortholog_one2one,71.885,67.1642
ENSCAFG00000013658,,ENSG00000169297,NR0B1,ortholog_one2one,71.8686,74.4681
ENSCAFG00000001392,,ENSG00000180316,PNPLA1,ortholog_one2one,71.8584,76.1726
ENSCAFG00000019180,,ENSG00000235961,PNMA6A,ortholog_one2one,71.855,84.4612
ENSCAFG00000007509,,ENSG00000186326,RGS9BP,ortholog_one2one,71.8487,72.766
ENSCAFG00000047451,,ENSG00000161298,ZNF382,ortholog_one2one,71.8475,89.0909
ENSCAFG00000005214,,ENSG00000088970,KIZ,ortholog_one2one,71.8475,72.8083
ENSCAFG00000019512,,ENSG00000185761,ADAMTSL5,ortholog_one2one,71.8391,79.6178
ENSCAFG00000014927,,ENSG00000185049,NELFA,ortholog_one2one,71.831,85.1577
ENSCAFG00000009696,,ENSG00000101443,WFDC2,ortholog_one2one,71.8182,63.7097
ENSCAFG00000024131,,ENSG00000215251,FASTKD5,ortholog_one2one,71.8171,76.0471
ENSCAFG00000003008,,ENSG00000165181,SHOC1,ortholog_one2one,71.8037,71.9529
ENSCAFG00000016274,,ENSG00000158423,RIBC1,ortholog_one2one,71.8016,72.5594
ENSCAFG00000005937,,ENSG00000099338,CATSPERG,ortholog_one2one,71.7882,71.3546
ENSCAFG00000013771,,ENSG00000165730,STOX1,ortholog_one2one,71.7762,53.5876
ENSCAFG00000032445,,ENSG00000109255,NMU,ortholog_one2one,71.7647,70.1149
ENSCAFG00000029933,,ENSG00000204116,CHIC1,ortholog_one2one,71.7647,81.6964
ENSCAFG00000011298,,ENSG00000165816,VWA2,ortholog_one2one,71.7647,80.7947
ENSCAFG00000019015,,ENSG00000171236,LRG1,ortholog_one2one,71.7514,73.1988
ENSCAFG00000032274,,ENSG00000100865,CINP,ortholog_one2one,71.7489,70.4846
ENSCAFG00000009375,,ENSG00000196151,WDSUB1,ortholog_one2one,71.7352,84.2437
ENSCAFG00000023610,,ENSG00000100665,SERPINA4,ortholog_one2one,71.734,70.726
ENSCAFG00000013955,,ENSG00000165169,DYNLT3,ortholog_one2one,71.7241,68.4211
ENSCAFG00000004961,,ENSG00000198445,CCT8L2,ortholog_one2one,71.7117,71.4542
ENSCAFG00000016850,,ENSG00000130055,GDPD2,ortholog_one2one,71.7073,74.7458
ENSCAFG00000017115,,ENSG00000105612,DNASE2,ortholog_one2one,71.7033,72.5
ENSCAFG00000000848,,ENSG00000204257,HLA-DMA,ortholog_one2one,71.6981,65.5172
ENSCAFG00000015007,,ENSG00000168175,MAPK1IP1L,ortholog_one2one,71.6867,97.1429
ENSCAFG00000001057,,ENSG00000066651,TRMT11,ortholog_one2one,71.6753,89.6328
ENSCAFG00000010268,,ENSG00000124532,MRS2,ortholog_one2one,71.6749,65.2466
ENSCAFG00000029570,,ENSG00000186994,KANK3,ortholog_one2one,71.6648,77.381
ENSCAFG00000001723,,ENSG00000124659,TBCC,ortholog_one2one,71.6495,80.3468
ENSCAFG00000003267,,ENSG00000138835,RGS3,ortholog_one2one,71.6323,75.4591
ENSCAFG00000002145,,ENSG00000115598,IL1RL2,ortholog_one2one,71.6263,72.0
ENSCAFG00000007161,,ENSG00000102683,SGCG,ortholog_one2one,71.6216,91.0653
ENSCAFG00000002239,,ENSG00000170500,LONRF2,ortholog_one2one,71.6129,73.6074
ENSCAFG00000003108,,ENSG00000083099,LYRM2,ortholog_one2one,71.5909,64.2857
ENSCAFG00000029836,,ENSG00000203760,CENPW,ortholog_one2one,71.5909,61.165
ENSCAFG00000020178,,ENSG00000119487,MAPKAP1,ortholog_one2one,71.5888,73.3717
ENSCAFG00000003793,,ENSG00000080546,SESN1,ortholog_one2one,71.5805,85.4809
ENSCAFG00000014499,,ENSG00000185838,GNB1L,ortholog_one2one,71.5493,77.6758
ENSCAFG00000003215,,ENSG00000136868,SLC31A1,ortholog_one2one,71.5447,92.6316
ENSCAFG00000005061,,ENSG00000136153,LMO7,ortholog_one2one,71.5252,82.3741
ENSCAFG00000015415,,ENSG00000188368,PRR19,ortholog_one2one,71.51,70.5056
ENSCAFG00000031804,,ENSG00000180479,ZNF571,ortholog_one2one,71.5047,88.1773
ENSCAFG00000019656,,ENSG00000148396,SEC16A,ortholog_one2one,71.4468,71.4468
ENSCAFG00000015687,,ENSG00000144589,STK11IP,ortholog_one2one,71.4408,77.0221
ENSCAFG00000025380,,ENSG00000112343,TRIM38,ortholog_one2one,71.4286,70.9677
ENSCAFG00000014525,,ENSG00000189037,DUSP21,ortholog_one2one,71.4286,71.0526
ENSCAFG00000024418,,ENSG00000233198,RNF224,ortholog_one2one,71.4286,70.5128
ENSCAFG00000004651,,ENSG00000142273,CBLC,ortholog_one2one,71.4286,74.8945
ENSCAFG00000005404,,ENSG00000129566,TEP1,ortholog_one2one,71.3906,71.5265
ENSCAFG00000000404,,ENSG00000009765,IYD,ortholog_one2one,71.3793,70.6485
ENSCAFG00000007321,,ENSG00000121743,GJA3,ortholog_one2one,71.3647,73.3333
ENSCAFG00000017730,,ENSG00000166432,ZMAT1,ortholog_one2one,71.3561,81.0072
ENSCAFG00000001418,,ENSG00000255587,RAB44,ortholog_one2one,71.3536,66.6014
ENSCAFG00000028573,,ENSG00000243978,RTL9,ortholog_one2one,71.3459,71.0375
ENSCAFG00000008413,,ENSG00000088367,EPB41L1,ortholog_one2one,71.344,75.5486
ENSCAFG00000018713,,ENSG00000109103,UNC119,ortholog_one2one,71.3376,93.3333
ENSCAFG00000019729,,ENSG00000105556,MIER2,ortholog_one2one,71.3355,80.367
ENSCAFG00000023863,,ENSG00000136881,BAAT,ortholog_one2one,71.327,72.0096
ENSCAFG00000016701,,ENSG00000127415,IDUA,ortholog_one2one,71.3126,80.7044
ENSCAFG00000017154,,ENSG00000132026,RTBDN,ortholog_one2one,71.3004,60.9195
ENSCAFG00000001716,,ENSG00000147896,IFNK,ortholog_one2one,71.2919,71.9807
ENSCAFG00000015606,,ENSG00000127533,F2RL3,ortholog_one2one,71.2821,72.2078
ENSCAFG00000005241,,ENSG00000173848,NET1,ortholog_one2one,71.2766,78.6913
ENSCAFG00000019475,,ENSG00000188566,NDOR1,ortholog_one2one,71.266,82.6733
ENSCAFG00000001701,,ENSG00000100320,RBFOX2,ortholog_one2one,71.2389,71.3969
ENSCAFG00000005550,,ENSG00000006712,PAF1,ortholog_one2one,71.2305,77.4011
ENSCAFG00000020284,,ENSG00000175764,TTLL11,ortholog_one2one,71.1944,76.0
ENSCAFG00000014993,,ENSG00000068078,FGFR3,ortholog_one2one,71.1656,86.1386
ENSCAFG00000011950,,ENSG00000165646,SLC18A2,ortholog_one2one,71.151,92.607
ENSCAFG00000018162,,ENSG00000134489,HRH4,ortholog_one2one,71.1392,72.0513
ENSCAFG00000023050,,ENSG00000197641,SERPINB13,ortholog_one2one,71.1316,77.0
ENSCAFG00000006824,,ENSG00000267796,LIN37,ortholog_one2one,71.131,97.1545
ENSCAFG00000000609,,ENSG00000128165,ADM2,ortholog_one2one,71.1268,68.2432
ENSCAFG00000019009,,ENSG00000182271,TMIGD1,ortholog_one2one,71.1268,77.0992
ENSCAFG00000005153,,ENSG00000125810,CD93,ortholog_one2one,71.1214,71.0123
ENSCAFG00000000244,,ENSG00000146410,MTFR2,ortholog_one2one,71.1111,66.4935
ENSCAFG00000015088,,ENSG00000105643,ARRDC2,ortholog_one2one,71.0983,90.6634
ENSCAFG00000016709,,ENSG00000181704,YIPF6,ortholog_one2one,71.0963,90.678
ENSCAFG00000017116,,ENSG00000119650,IFT43,ortholog_one2one,71.09,70.4225
ENSCAFG00000016894,,ENSG00000120498,TEX11,ortholog_one2one,71.0779,70.8511
ENSCAFG00000018779,,ENSG00000167525,PROCA1,ortholog_one2one,71.0744,70.8791
ENSCAFG00000024985,,ENSG00000187987,ZSCAN23,ortholog_one2one,71.0526,76.3496
ENSCAFG00000001051,,ENSG00000172346,CSDC2,ortholog_one2one,71.0526,70.5882
ENSCAFG00000017664,,ENSG00000141469,SLC14A1,ortholog_one2one,71.0472,77.7528
ENSCAFG00000009641,,ENSG00000124102,PI3,ortholog_one2one,71.028,64.9573
ENSCAFG00000032226,,ENSG00000108953,YWHAE,ortholog_one2one,71.0191,87.451
ENSCAFG00000010189,,ENSG00000107874,CUEDC2,ortholog_one2one,71.0183,94.7735
ENSCAFG00000013247,,ENSG00000183530,PRR14L,ortholog_one2one,71.0158,70.8508
ENSCAFG00000002854,,ENSG00000142549,IGLON5,ortholog_one2one,71.0145,72.9167
ENSCAFG00000010470,,ENSG00000115271,GCA,ortholog_one2one,70.9957,75.576
ENSCAFG00000007486,,ENSG00000121289,CEP89,ortholog_one2one,70.9677,75.8621
ENSCAFG00000019279,,ENSG00000060558,GNA15,ortholog_one2one,70.9424,72.4599
ENSCAFG00000007606,,ENSG00000105176,URI1,ortholog_one2one,70.9321,83.9252
ENSCAFG00000031382,,ENSG00000124225,PMEPA1,ortholog_one2one,70.922,69.6864
ENSCAFG00000002403,,ENSG00000197816,CCDC180,ortholog_one2one,70.9193,68.4369
ENSCAFG00000005388,,ENSG00000105221,AKT2,ortholog_one2one,70.9156,82.1206
ENSCAFG00000008270,,ENSG00000095637,SORBS1,ortholog_one2one,70.9114,84.7759
ENSCAFG00000019239,,ENSG00000262919,CCNQ,ortholog_one2one,70.9091,78.629
ENSCAFG00000018342,,ENSG00000185100,ADSS1,ortholog_one2one,70.8861,67.2
ENSCAFG00000005511,,ENSG00000092200,RPGRIP1,ortholog_one2one,70.885,66.6407
ENSCAFG00000014530,,ENSG00000163995,ABLIM2,ortholog_one2one,70.8564,78.9231
ENSCAFG00000011388,,ENSG00000146950,SHROOM2,ortholog_one2one,70.8561,72.2153
ENSCAFG00000030732,,ENSG00000178229,ZNF543,ortholog_one2one,70.8535,73.3333
ENSCAFG00000024670,,ENSG00000196433,ASMT,ortholog_one2one,70.8455,65.1475
ENSCAFG00000004318,,ENSG00000077984,CST7,ortholog_one2one,70.8333,70.3448
ENSCAFG00000012759,,ENSG00000101194,SLC17A9,ortholog_one2one,70.825,80.7339
ENSCAFG00000017917,,ENSG00000244165,P2RY11,ortholog_one2one,70.8108,70.0535
ENSCAFG00000011999,,ENSG00000165669,FAM204A,ortholog_one2one,70.8029,83.2618
ENSCAFG00000000099,,ENSG00000134443,GRP,ortholog_one2one,70.7483,70.2703
ENSCAFG00000024719,,ENSG00000232125,DYTN,ortholog_one2one,70.7401,71.1073
ENSCAFG00000014566,,ENSG00000155275,TRMT44,ortholog_one2one,70.6989,69.4848
ENSCAFG00000013092,,ENSG00000173681,BCLAF3,ortholog_one2one,70.6941,77.3558
ENSCAFG00000002820,,ENSG00000182310,SPACA6,ortholog_one2one,70.679,70.679
ENSCAFG00000023923,,ENSG00000186806,VSIG10L,ortholog_one2one,70.6695,76.7013
ENSCAFG00000001777,,ENSG00000184459,BPIFC,ortholog_one2one,70.6645,85.9961
ENSCAFG00000032133,,ENSG00000235109,ZSCAN31,ortholog_one2one,70.6546,77.0936
ENSCAFG00000016754,,ENSG00000189401,OTUD6A,ortholog_one2one,70.6294,70.1389
ENSCAFG00000001136,,ENSG00000079819,EPB41L2,ortholog_one2one,70.6288,81.592
ENSCAFG00000015872,,ENSG00000108219,TSPAN14,ortholog_one2one,70.6199,97.037
ENSCAFG00000006432,,ENSG00000101200,AVP,ortholog_one2one,70.6161,90.8537
ENSCAFG00000015851,,ENSG00000170788,DYDC1,ortholog_one2one,70.6161,84.1808
ENSCAFG00000018338,,ENSG00000079101,CLUL1,ortholog_one2one,70.6122,66.7954
ENSCAFG00000004357,,ENSG00000104983,CCDC61,ortholog_one2one,70.6087,79.2969
ENSCAFG00000024892,,ENSG00000124564,SLC17A3,ortholog_one2one,70.5882,69.8795
ENSCAFG00000023467,,ENSG00000205669,ACOT6,ortholog_one2one,70.5628,77.4347
ENSCAFG00000018708,,ENSG00000130377,ACSBG2,ortholog_one2one,70.5539,72.6727
ENSCAFG00000000604,,ENSG00000204435,CSNK2B,ortholog_one2one,70.5479,88.0342
ENSCAFG00000032748,,ENSG00000122042,UBL3,ortholog_one2one,70.5036,83.7607
ENSCAFG00000012334,,ENSG00000100314,CABP7,ortholog_one2one,70.4918,100.0
ENSCAFG00000016114,,ENSG00000093072,ADA2,ortholog_one2one,70.4854,71.0372
ENSCAFG00000014512,,ENSG00000105671,DDX49,ortholog_one2one,70.405,93.5818
ENSCAFG00000014543,,ENSG00000125089,SH3TC1,ortholog_one2one,70.4033,77.0958
ENSCAFG00000023362,,ENSG00000206072,SERPINB11,ortholog_one2one,70.3947,81.8878
ENSCAFG00000003710,,ENSG00000112297,CRYBG1,ortholog_one2one,70.3637,55.3731
ENSCAFG00000031300,,ENSG00000269313,MAGIX,ortholog_one2one,70.3557,53.2934
ENSCAFG00000001489,,ENSG00000156639,ZFAND3,ortholog_one2one,70.3333,92.9515
ENSCAFG00000015799,,ENSG00000072832,CRMP1,ortholog_one2one,70.3283,81.1953
ENSCAFG00000012315,,ENSG00000108064,TFAM,ortholog_one2one,70.3252,70.3252
ENSCAFG00000018229,,ENSG00000198816,ZNF358,ortholog_one2one,70.297,87.5
ENSCAFG00000012917,,ENSG00000172878,METAP1D,ortholog_one2one,70.2882,94.6269
ENSCAFG00000031319,,ENSG00000148483,TMEM236,ortholog_one2one,70.2857,70.0855
ENSCAFG00000019487,,ENSG00000071564,TCF3,ortholog_one2one,70.2454,67.4521
ENSCAFG00000013206,,ENSG00000198089,SFI1,ortholog_one2one,70.239,73.3494
ENSCAFG00000031835,,ENSG00000258713,C20orf141,ortholog_one2one,70.2381,71.5152
ENSCAFG00000002041,,ENSG00000198203,SULT1C2,ortholog_one2one,70.2186,82.9032
ENSCAFG00000000075,,ENSG00000141655,TNFRSF11A,ortholog_one2one,70.216,73.8636
ENSCAFG00000018575,,ENSG00000082397,EPB41L3,ortholog_one2one,70.2145,78.2889
ENSCAFG00000018212,,ENSG00000187823,RTL4,ortholog_one2one,70.1987,68.3871
ENSCAFG00000015475,,ENSG00000175084,DES,ortholog_one2one,70.1863,96.1702
ENSCAFG00000042209,,ENSG00000262484,CCER2,ortholog_one2one,70.1818,72.5564
ENSCAFG00000001351,,ENSG00000197753,LHFPL5,ortholog_one2one,70.1639,97.7169
ENSCAFG00000017539,,ENSG00000130164,LDLR,ortholog_one2one,70.1577,65.7173
ENSCAFG00000030432,,ENSG00000185252,ZNF74,ortholog_one2one,70.1493,72.9814
ENSCAFG00000018462,,ENSG00000181481,RNF135,ortholog_one2one,70.1493,65.2778
ENSCAFG00000012058,,ENSG00000124092,CTCFL,ortholog_one2one,70.14,64.4286
ENSCAFG00000014244,,ENSG00000186010,NDUFA13,ortholog_one2one,70.1389,67.3333
ENSCAFG00000002147,,ENSG00000115594,IL1R1,ortholog_one2one,70.1113,77.5044
ENSCAFG00000020213,,ENSG00000136918,WDR38,ortholog_one2one,70.0997,66.9841
ENSCAFG00000019244,,ENSG00000186532,SMYD4,ortholog_one2one,70.0993,70.2736
ENSCAFG00000000797,,ENSG00000204290,BTNL2,ortholog_one2one,70.099,73.444
ENSCAFG00000017438,,ENSG00000105514,RAB3D,ortholog_one2one,70.0337,94.9772
ENSCAFG00000001326,,ENSG00000007866,TEAD3,ortholog_one2one,70.0326,98.8506
ENSCAFG00000019548,,ENSG00000177943,MAMDC4,ortholog_one2one,70.0308,74.7533
ENSCAFG00000010849,,ENSG00000124508,BTN2A2,ortholog_one2one,70.019,70.5545
ENSCAFG00000012827,,ENSG00000185339,TCN2,ortholog_one2one,70.0,73.7705
ENSCAFG00000030579,,ENSG00000132823,OSER1,ortholog_one2one,70.0,86.3014
ENSCAFG00000018620,,ENSG00000125734,GPR108,ortholog_one2one,69.9842,81.5838
ENSCAFG00000031660,,ENSG00000141873,SLC39A3,ortholog_one2one,69.9758,89.4737
ENSCAFG00000011067,,ENSG00000169084,DHRSX,ortholog_one2one,69.9346,64.8485
ENSCAFG00000017428,,ENSG00000173928,SWSAP1,ortholog_one2one,69.9275,77.2
ENSCAFG00000019295,,ENSG00000070444,MNT,ortholog_one2one,69.9229,93.4708
ENSCAFG00000010436,,ENSG00000112304,ACOT13,ortholog_one2one,69.8718,77.8571
ENSCAFG00000016155,,ENSG00000121895,TMEM156,ortholog_one2one,69.8718,73.6487
ENSCAFG00000031614,,ENSG00000119917,IFIT3,ortholog_one2one,69.8574,70.0
ENSCAFG00000002482,,ENSG00000146166,LGSN,ortholog_one2one,69.8387,85.0688
ENSCAFG00000019892,,ENSG00000125492,BARHL1,ortholog_one2one,69.8061,77.0642
ENSCAFG00000007375,,ENSG00000102699,PARP4,ortholog_one2one,69.7867,68.3295
ENSCAFG00000001597,,ENSG00000112559,MDFI,ortholog_one2one,69.7819,91.0569
ENSCAFG00000004309,,ENSG00000123178,SPRYD7,ortholog_one2one,69.7479,84.6939
ENSCAFG00000023709,,ENSG00000185988,PLK5,ortholog_one2one,69.6429,69.6429
ENSCAFG00000002341,,ENSG00000146151,HMGCLL1,ortholog_one2one,69.6391,88.6487
ENSCAFG00000011994,,ENSG00000183762,KREMEN1,ortholog_one2one,69.6133,76.8293
ENSCAFG00000031784,,ENSG00000152439,ZNF773,ortholog_one2one,69.6121,73.0769
ENSCAFG00000004175,,ENSG00000197405,C5AR1,ortholog_one2one,69.6023,70.0
ENSCAFG00000006383,,ENSG00000139618,BRCA2,ortholog_one2one,69.5879,70.158
ENSCAFG00000001735,,ENSG00000175329,ISX,ortholog_one2one,69.5473,68.9796
ENSCAFG00000031865,,ENSG00000074660,SCARF1,ortholog_one2one,69.5279,78.0723
ENSCAFG00000031873,,ENSG00000083838,ZNF446,ortholog_one2one,69.5096,72.4444
ENSCAFG00000003741,,ENSG00000146285,SCML4,ortholog_one2one,69.4949,83.0918
ENSCAFG00000043740,,ENSG00000174744,BRMS1,ortholog_one2one,69.469,54.1379
ENSCAFG00000024209,,ENSG00000170909,OSCAR,ortholog_one2one,69.434,64.3357
ENSCAFG00000012935,,ENSG00000144355,DLX1,ortholog_one2one,69.434,72.1569
ENSCAFG00000004020,,ENSG00000105467,SYNGR4,ortholog_one2one,69.4323,67.9487
ENSCAFG00000001511,,ENSG00000100385,IL2RB,ortholog_one2one,69.4245,70.0544
ENSCAFG00000017709,,ENSG00000165959,CLMN,ortholog_one2one,69.4207,72.9541
ENSCAFG00000007631,,ENSG00000187135,VSTM2B,ortholog_one2one,69.4006,77.193
ENSCAFG00000014662,,ENSG00000144579,CTDSP1,ortholog_one2one,69.3642,91.6031
ENSCAFG00000005898,,ENSG00000136108,CKAP2,ortholog_one2one,69.3431,69.5461
ENSCAFG00000018654,,ENSG00000183631,PRR32,ortholog_one2one,69.3333,69.7987
ENSCAFG00000002518,,ENSG00000143921,ABCG8,ortholog_one2one,69.3069,72.8083
ENSCAFG00000029153,,ENSG00000198300,PEG3,ortholog_one2one,69.281,73.4257
ENSCAFG00000029425,,ENSG00000184343,SRPK3,ortholog_one2one,69.2762,73.9748
ENSCAFG00000019091,,ENSG00000008382,MPND,ortholog_one2one,69.2557,85.0895
ENSCAFG00000049828,,ENSG00000196260,SFTA2,ortholog_one2one,69.2308,69.2308
ENSCAFG00000010606,,ENSG00000124568,SLC17A1,ortholog_one2one,69.2308,69.379
ENSCAFG00000002895,,ENSG00000187689,AMTN,ortholog_one2one,69.1943,69.8565
ENSCAFG00000000162,,ENSG00000176624,MEX3C,ortholog_one2one,69.1834,68.1335
ENSCAFG00000013817,,ENSG00000122862,SRGN,ortholog_one2one,69.1824,69.6203
ENSCAFG00000029380,,ENSG00000243509,TNFRSF6B,ortholog_one2one,69.1803,70.3333
ENSCAFG00000000804,,ENSG00000077942,FBLN1,ortholog_one2one,69.1601,73.0929
ENSCAFG00000007049,,ENSG00000131055,COX4I2,ortholog_one2one,69.1542,81.2866
ENSCAFG00000016139,,ENSG00000124003,MOGAT1,ortholog_one2one,69.1489,77.6119
ENSCAFG00000004315,,ENSG00000101463,SYNDIG1,ortholog_one2one,69.1429,93.7984
ENSCAFG00000046422,,ENSG00000283526,PRRT1B,ortholog_one2one,69.1406,67.3004
ENSCAFG00000013457,,ENSG00000118246,FASTKD2,ortholog_one2one,69.1395,65.6338
ENSCAFG00000024700,,ENSG00000203907,OOEP,ortholog_one2one,69.1275,69.1275
ENSCAFG00000030737,,ENSG00000204978,ERICH4,ortholog_one2one,69.1176,72.3077
ENSCAFG00000004723,,ENSG00000104783,KCNN4,ortholog_one2one,69.1176,77.0492
ENSCAFG00000003313,,ENSG00000136883,KIF12,ortholog_one2one,69.0936,71.4286
ENSCAFG00000019515,,ENSG00000176978,DPP7,ortholog_one2one,69.0741,75.813
ENSCAFG00000017012,,ENSG00000119684,MLH3,ortholog_one2one,69.055,76.9443
ENSCAFG00000030884,,ENSG00000256053,COA8,ortholog_one2one,69.0355,66.0194
ENSCAFG00000024052,,ENSG00000179168,GGN,ortholog_one2one,69.0278,76.227
ENSCAFG00000006082,,ENSG00000134905,CARS2,ortholog_one2one,69.0236,72.695
ENSCAFG00000015148,,ENSG00000169762,TAPT1,ortholog_one2one,69.0196,93.1217
ENSCAFG00000009370,,ENSG00000115183,TANC1,ortholog_one2one,69.0052,64.4815
ENSCAFG00000003020,,ENSG00000081051,AFP,ortholog_one2one,68.9655,80.3858
ENSCAFG00000009612,,ENSG00000119922,IFIT2,ortholog_one2one,68.9583,68.53
ENSCAFG00000003882,,ENSG00000203797,DDO,ortholog_one2one,68.9459,70.9677
ENSCAFG00000016076,,ENSG00000177663,IL17RA,ortholog_one2one,68.9376,68.9376
ENSCAFG00000023729,,ENSG00000189241,TSPYL1,ortholog_one2one,68.915,53.7757
ENSCAFG00000001953,,ENSG00000213927,CCL27,ortholog_one2one,68.9076,73.2143
ENSCAFG00000012873,,ENSG00000107949,BCCIP,ortholog_one2one,68.8889,67.3913
ENSCAFG00000006861,,ENSG00000101280,ANGPT4,ortholog_one2one,68.8755,68.1909
ENSCAFG00000019522,,ENSG00000054179,ENTPD2,ortholog_one2one,68.8663,82.2222
ENSCAFG00000000189,,ENSG00000146409,SLC18B1,ortholog_one2one,68.8057,84.6491
ENSCAFG00000011870,,ENSG00000165863,SPMIP5,ortholog_one2one,68.8034,68.8034
ENSCAFG00000016097,,ENSG00000122376,SHLD2,ortholog_one2one,68.7842,69.469
ENSCAFG00000002361,,ENSG00000171574,ZNF584,ortholog_one2one,68.7764,77.4347
ENSCAFG00000018940,,ENSG00000156920,ADGRG4,ortholog_one2one,68.7685,67.987
ENSCAFG00000019345,,ENSG00000040531,CTNS,ortholog_one2one,68.7646,73.75
ENSCAFG00000012074,,ENSG00000124237,CIMIP1,ortholog_one2one,68.75,72.2628
ENSCAFG00000002902,,ENSG00000167754,KLK5,ortholog_one2one,68.7296,72.0136
ENSCAFG00000016626,,ENSG00000104957,YJU2B,ortholog_one2one,68.7251,87.1212
ENSCAFG00000002799,,ENSG00000148156,ACTL7B,ortholog_one2one,68.7225,75.1807
ENSCAFG00000013579,,ENSG00000176774,MAGEB18,ortholog_one2one,68.6957,69.0962
ENSCAFG00000004859,,ENSG00000134463,ECHDC3,ortholog_one2one,68.6833,63.6964
ENSCAFG00000012674,,ENSG00000196177,ACADSB,ortholog_one2one,68.677,81.713
ENSCAFG00000002819,,ENSG00000162994,CLHC1,ortholog_one2one,68.652,74.744
ENSCAFG00000016666,,ENSG00000134007,ADAM20,ortholog_one2one,68.643,67.1392
ENSCAFG00000006938,,ENSG00000249115,HAUS5,ortholog_one2one,68.6016,82.1485
ENSCAFG00000017919,,ENSG00000183092,BEGAIN,ortholog_one2one,68.5446,71.9212
ENSCAFG00000019620,,ENSG00000130826,DKC1,ortholog_one2one,68.5212,91.0506
ENSCAFG00000015553,,ENSG00000107984,DKK1,ortholog_one2one,68.5106,60.5263
ENSCAFG00000019536,,ENSG00000099624,ATP5F1D,ortholog_one2one,68.4931,89.2857
ENSCAFG00000004995,,ENSG00000105341,DMAC2,ortholog_one2one,68.4825,66.9202
ENSCAFG00000016994,,ENSG00000198208,RPS6KL1,ortholog_one2one,68.4292,80.1457
ENSCAFG00000002002,,ENSG00000196284,SUPT3H,ortholog_one2one,68.3951,84.4512
ENSCAFG00000049512,,ENSG00000204165,CXorf65,ortholog_one2one,68.3908,65.0273
ENSCAFG00000030256,,ENSG00000160961,ZNF333,ortholog_one2one,68.3442,63.3083
ENSCAFG00000015634,,ENSG00000109667,SLC2A9,ortholog_one2one,68.3307,81.1111
ENSCAFG00000012986,,ENSG00000148848,ADAM12,ortholog_one2one,68.3303,82.8383
ENSCAFG00000032120,,ENSG00000133466,C1QTNF6,ortholog_one2one,68.2836,65.8273
ENSCAFG00000031563,,ENSG00000261949,GFY,ortholog_one2one,68.2785,68.1467
ENSCAFG00000024169,,ENSG00000212123,PRR22,ortholog_one2one,68.2648,70.8531
ENSCAFG00000009218,,ENSG00000171160,MORN4,ortholog_one2one,68.2464,98.6301
ENSCAFG00000007048,,ENSG00000105697,HAMP,ortholog_one2one,68.2353,69.0476
ENSCAFG00000030268,,ENSG00000179921,GPBAR1,ortholog_one2one,68.2243,88.4848
ENSCAFG00000007288,,ENSG00000165475,CRYL1,ortholog_one2one,68.2171,82.7586
ENSCAFG00000005327,,ENSG00000088451,TGDS,ortholog_one2one,68.1922,85.1429
ENSCAFG00000015458,,ENSG00000109684,CLNK,ortholog_one2one,68.1716,70.5607
ENSCAFG00000028892,,ENSG00000154059,IMPACT,ortholog_one2one,68.171,86.4458
ENSCAFG00000029125,,ENSG00000196209,SIRPB2,ortholog_one2one,68.1416,67.5439
ENSCAFG00000013126,,ENSG00000186766,FOXI2,ortholog_one2one,68.125,68.5535
ENSCAFG00000018924,,ENSG00000167543,TP53I13,ortholog_one2one,68.1122,67.9389
ENSCAFG00000016925,,ENSG00000184481,FOXO4,ortholog_one2one,68.1004,75.2475
ENSCAFG00000013865,,ENSG00000130962,PRRG1,ortholog_one2one,68.0921,94.9541
ENSCAFG00000029785,,ENSG00000214435,AS3MT,ortholog_one2one,68.0751,77.3333
ENSCAFG00000005981,,ENSG00000171804,WDR87,ortholog_one2one,68.0684,65.5907
ENSCAFG00000030919,,ENSG00000204475,NCR3,ortholog_one2one,68.0628,64.6766
ENSCAFG00000003463,,ENSG00000198914,POU3F3,ortholog_one2one,68.0107,50.6
ENSCAFG00000014957,,ENSG00000115592,PRKAG3,ortholog_one2one,68.0067,83.0266
ENSCAFG00000001804,,ENSG00000178343,SHISA3,ortholog_one2one,68.0,64.2857
ENSCAFG00000015748,,ENSG00000133678,TMEM254,ortholog_one2one,68.0,59.0278
ENSCAFG00000014052,,ENSG00000156574,NODAL,ortholog_one2one,67.9894,74.0634
ENSCAFG00000023159,,ENSG00000206043,C18orf63,ortholog_one2one,67.972,70.9489
ENSCAFG00000013613,,ENSG00000185686,PRAME,ortholog_one2one,67.9688,68.3694
ENSCAFG00000029726,,ENSG00000260286,ARMH2,ortholog_one2one,67.9654,68.2609
ENSCAFG00000000419,,ENSG00000131016,AKAP12,ortholog_one2one,67.9545,67.1156
ENSCAFG00000014480,,ENSG00000188738,FSIP2,ortholog_one2one,67.9354,68.2206
ENSCAFG00000019136,,ENSG00000102181,CD99L2,ortholog_one2one,67.9012,60.6618
ENSCAFG00000018207,,ENSG00000134508,CABLES1,ortholog_one2one,67.8996,81.2006
ENSCAFG00000002923,,ENSG00000105472,CLEC11A,ortholog_one2one,67.8984,91.0217
ENSCAFG00000012777,,ENSG00000101197,BIRC7,ortholog_one2one,67.8967,61.745
ENSCAFG00000018312,,ENSG00000182566,CLEC4G,ortholog_one2one,67.8808,69.9659
ENSCAFG00000000442,,ENSG00000137337,MDC1,ortholog_one2one,67.8347,62.0871
ENSCAFG00000011556,,ENSG00000042062,RIPOR3,ortholog_one2one,67.818,84.7368
ENSCAFG00000029934,,ENSG00000185352,HS6ST3,ortholog_one2one,67.81,54.5648
ENSCAFG00000019683,,ENSG00000165684,SNAPC4,ortholog_one2one,67.7857,64.6018
ENSCAFG00000019767,,ENSG00000148300,REXO4,ortholog_one2one,67.757,68.7204
ENSCAFG00000015681,,ENSG00000102100,SLC35A2,ortholog_one2one,67.7477,89.3112
ENSCAFG00000024269,,ENSG00000206150,RNASE13,ortholog_one2one,67.7419,67.3077
ENSCAFG00000007054,,ENSG00000105698,USF2,ortholog_one2one,67.7116,61.8911
ENSCAFG00000013438,,ENSG00000138400,MDH1B,ortholog_one2one,67.6895,72.3938
ENSCAFG00000000909,,ENSG00000100304,TTLL12,ortholog_one2one,67.6129,81.3665
ENSCAFG00000030371,,ENSG00000149600,COMMD7,ortholog_one2one,67.5676,87.5
ENSCAFG00000016038,,ENSG00000122367,LDB3,ortholog_one2one,67.5641,71.9945
ENSCAFG00000002613,,ENSG00000129990,SYT5,ortholog_one2one,67.5439,79.7927
ENSCAFG00000016743,,ENSG00000178950,GAK,ortholog_one2one,67.5261,73.913
ENSCAFG00000006649,,ENSG00000161277,THAP8,ortholog_one2one,67.5106,58.3942
ENSCAFG00000004036,,ENSG00000105479,ODAD1,ortholog_one2one,67.483,70.1556
ENSCAFG00000004911,,ENSG00000028277,POU2F2,ortholog_one2one,67.483,80.2589
ENSCAFG00000002255,,ENSG00000112144,CILK1,ortholog_one2one,67.4787,86.698
ENSCAFG00000001756,,ENSG00000124733,MEA1,ortholog_one2one,67.4603,90.4255
ENSCAFG00000030221,,ENSG00000196263,ZNF471,ortholog_one2one,67.4603,81.4697
ENSCAFG00000018205,,ENSG00000134490,SLC35D4,ortholog_one2one,67.4352,79.0541
ENSCAFG00000011729,,ENSG00000100099,HPS4,ortholog_one2one,67.4263,71.0452
ENSCAFG00000024605,,ENSG00000180205,WFDC9,ortholog_one2one,67.4157,67.4157
ENSCAFG00000010958,,ENSG00000100599,RIN3,ortholog_one2one,67.3892,69.4416
ENSCAFG00000013743,,ENSG00000129514,FOXA1,ortholog_one2one,67.36,89.1949
ENSCAFG00000000169,,ENSG00000134042,MRO,ortholog_one2one,67.3307,64.5038
ENSCAFG00000000970,,ENSG00000183569,SERHL2,ortholog_one2one,67.3203,65.6051
ENSCAFG00000023095,,ENSG00000203952,CCDC160,ortholog_one2one,67.3077,75.3846
ENSCAFG00000012880,,ENSG00000163600,ICOS,ortholog_one2one,67.3077,70.3518
ENSCAFG00000016204,,ENSG00000085449,WDFY1,ortholog_one2one,67.3004,86.3415
ENSCAFG00000044064,,ENSG00000204025,TRPC5OS,ortholog_one2one,67.2727,66.6667
ENSCAFG00000000472,,ENSG00000204542,C6orf15,ortholog_one2one,67.2474,59.3846
ENSCAFG00000005544,,ENSG00000089177,KIF16B,ortholog_one2one,67.1825,90.4454
ENSCAFG00000024641,,ENSG00000197077,KIAA1671,ortholog_one2one,67.1436,67.5526
ENSCAFG00000012494,,ENSG00000138162,TACC2,ortholog_one2one,67.1404,67.2999
ENSCAFG00000029776,,ENSG00000166704,ZNF606,ortholog_one2one,67.0886,93.6869
ENSCAFG00000017099,,ENSG00000161860,SYCE2,ortholog_one2one,67.0659,51.3761
ENSCAFG00000000785,,ENSG00000130943,PKDREJ,ortholog_one2one,67.0438,60.4971
ENSCAFG00000005865,,ENSG00000125247,TMTC4,ortholog_one2one,67.0182,91.9737
ENSCAFG00000006604,,ENSG00000165633,VSTM4,ortholog_one2one,66.9421,75.9375
ENSCAFG00000001364,,ENSG00000096063,SRPK1,ortholog_one2one,66.9149,93.7407
ENSCAFG00000024407,,ENSG00000188710,QRFP,ortholog_one2one,66.9118,66.9118
ENSCAFG00000018059,,ENSG00000156381,ANKRD9,ortholog_one2one,66.8998,90.5363
ENSCAFG00000009338,,ENSG00000124196,GTSF1L,ortholog_one2one,66.879,70.9459
ENSCAFG00000000303,,ENSG00000146416,AIG1,ortholog_one2one,66.8693,89.7959
ENSCAFG00000019757,,ENSG00000175164,ABO,ortholog_one2one,66.8555,63.2708
ENSCAFG00000000422,,ENSG00000181472,ZBTB2,ortholog_one2one,66.8449,97.2763
ENSCAFG00000024734,,ENSG00000131059,BPIFA3,ortholog_one2one,66.8067,62.5984
ENSCAFG00000018230,,ENSG00000123496,IL13RA2,ortholog_one2one,66.7488,71.3158
ENSCAFG00000030978,,ENSG00000184436,THAP7,ortholog_one2one,66.6667,88.6731
ENSCAFG00000032517,,ENSG00000187969,ZCCHC13,ortholog_one2one,66.6667,68.6747
ENSCAFG00000018655,,ENSG00000109084,TMEM97,ortholog_one2one,66.6667,68.1818
ENSCAFG00000020088,,ENSG00000148346,LCN2,ortholog_one2one,66.6667,66.0
ENSCAFG00000007440,,ENSG00000166359,WDR88,ortholog_one2one,66.6667,68.2203
ENSCAFG00000047375,,ENSG00000170923,OR7G2,ortholog_one2one,66.6667,60.8696
ENSCAFG00000012872,,ENSG00000178562,CD28,ortholog_one2one,66.6667,70.0855
ENSCAFG00000012742,,ENSG00000242114,MTFP1,ortholog_one2one,66.6667,83.1325
ENSCAFG00000023027,,ENSG00000205784,ARRDC5,ortholog_one2one,66.5871,81.5789
ENSCAFG00000001792,,ENSG00000064042,LIMCH1,ortholog_one2one,66.57,62.5767
ENSCAFG00000015657,,ENSG00000102109,PCSK1N,ortholog_one2one,66.5698,88.0769
ENSCAFG00000045006,,ENSG00000040608,RTN4R,ortholog_one2one,66.5227,55.0984
ENSCAFG00000019895,,ENSG00000125482,TTF1,ortholog_one2one,66.5019,59.4475
ENSCAFG00000005642,,ENSG00000187994,RINL,ortholog_one2one,66.4921,67.3145
ENSCAFG00000011825,,ENSG00000064787,BCAS1,ortholog_one2one,66.4577,72.6027
ENSCAFG00000019185,,ENSG00000183479,TREX2,ortholog_one2one,66.4537,74.552
ENSCAFG00000011605,,ENSG00000100842,EFS,ortholog_one2one,66.4402,87.1658
ENSCAFG00000017661,,ENSG00000165953,SERPINA12,ortholog_one2one,66.4251,66.4251
ENSCAFG00000004252,,ENSG00000253710,ALG11,ortholog_one2one,66.4168,90.0406
ENSCAFG00000001365,,ENSG00000170777,TPD52L3,ortholog_one2one,66.3934,57.8571
ENSCAFG00000042468,,ENSG00000187944,C2orf66,ortholog_one2one,66.3793,77.0
ENSCAFG00000023912,,ENSG00000185674,LYG2,ortholog_one2one,66.3755,71.6981
ENSCAFG00000007018,,ENSG00000165507,DEPP1,ortholog_one2one,66.3462,65.0943
ENSCAFG00000001047,,ENSG00000111912,NCOA7,ortholog_one2one,66.3399,86.1996
ENSCAFG00000010486,,ENSG00000158296,SLC13A3,ortholog_one2one,66.3366,66.7774
ENSCAFG00000000285,,ENSG00000164442,CITED2,ortholog_one2one,66.3317,96.0
ENSCAFG00000002947,,ENSG00000146250,PRSS35,ortholog_one2one,66.3082,89.5884
ENSCAFG00000016623,,ENSG00000155659,VSIG4,ortholog_one2one,66.2531,66.9173
ENSCAFG00000023616,,ENSG00000148290,SURF1,ortholog_one2one,66.1932,77.6667
ENSCAFG00000019765,,ENSG00000198870,STKLD1,ortholog_one2one,66.1808,66.7647
ENSCAFG00000044583,,ENSG00000177684,DEFB114,ortholog_one2one,66.1765,65.2174
ENSCAFG00000011091,,ENSG00000124343,XG,ortholog_one2one,66.1616,67.1795
ENSCAFG00000014956,,ENSG00000216490,IFI30,ortholog_one2one,66.1355,66.4
ENSCAFG00000004029,,ENSG00000161558,TMEM143,ortholog_one2one,66.1258,71.024
ENSCAFG00000019151,,ENSG00000147378,FATE1,ortholog_one2one,66.1202,66.1202
ENSCAFG00000005256,,ENSG00000102471,NDFIP2,ortholog_one2one,66.1157,71.4286
ENSCAFG00000003184,,ENSG00000011523,CEP68,ortholog_one2one,66.0904,65.6539
ENSCAFG00000012710,,ENSG00000101187,SLCO4A1,ortholog_one2one,66.0859,78.8089
ENSCAFG00000031289,,ENSG00000267508,ZNF285,ortholog_one2one,66.0819,75.7119
ENSCAFG00000019483,,ENSG00000176248,ANAPC2,ortholog_one2one,66.0542,91.8492
ENSCAFG00000003892,,ENSG00000004809,SLC22A16,ortholog_one2one,66.0441,67.4177
ENSCAFG00000048121,,ENSG00000267710,EDDM13,ortholog_one2one,66.0377,65.2174
ENSCAFG00000020172,,ENSG00000196814,MVB12B,ortholog_one2one,66.0241,85.8934
ENSCAFG00000024978,,ENSG00000125872,LRRN4,ortholog_one2one,66.015,59.3243
ENSCAFG00000011996,,ENSG00000087510,TFAP2C,ortholog_one2one,66.0,95.3333
ENSCAFG00000029230,,ENSG00000203618,GP1BB,ortholog_one2one,65.9919,79.1262
ENSCAFG00000046424,,ENSG00000179213,SIGLECL1,ortholog_one2one,65.9794,64.9746
ENSCAFG00000030289,,ENSG00000237651,C2orf74,ortholog_one2one,65.9794,65.9794
ENSCAFG00000018759,,ENSG00000056277,ZNF280C,ortholog_one2one,65.9624,76.2551
ENSCAFG00000031031,,ENSG00000149599,DUSP15,ortholog_one2one,65.9574,52.5424
ENSCAFG00000015113,,ENSG00000151552,QDPR,ortholog_one2one,65.9306,85.6557
ENSCAFG00000010945,,ENSG00000167393,PPP2R3B,ortholog_one2one,65.8993,79.6522
ENSCAFG00000032033,,ENSG00000100823,APEX1,ortholog_one2one,65.8696,95.283
ENSCAFG00000005250,,ENSG00000178473,UCN3,ortholog_one2one,65.8683,68.323
ENSCAFG00000023077,,ENSG00000214642,DEFB113,ortholog_one2one,65.8537,65.8537
ENSCAFG00000002658,,ENSG00000119899,SLC17A5,ortholog_one2one,65.8346,85.2525
ENSCAFG00000000853,,ENSG00000120436,GPR31,ortholog_one2one,65.8228,65.2038
ENSCAFG00000028871,,ENSG00000102468,HTR2A,ortholog_one2one,65.8203,71.5499
ENSCAFG00000030763,,ENSG00000124098,MIMS2,ortholog_one2one,65.8163,67.1875
ENSCAFG00000029589,,ENSG00000197487,GALP,ortholog_one2one,65.7895,64.6552
ENSCAFG00000017074,,ENSG00000179284,DAND5,ortholog_one2one,65.7895,66.1376
ENSCAFG00000018657,,ENSG00000181240,SLC25A41,ortholog_one2one,65.7315,88.6487
ENSCAFG00000049597,,ENSG00000277443,MARCKS,ortholog_one2one,65.7303,70.4819
ENSCAFG00000030197,,ENSG00000125879,OTOR,ortholog_one2one,65.7143,89.8438
ENSCAFG00000028624,,ENSG00000189299,FOXR2,ortholog_one2one,65.7143,66.5595
ENSCAFG00000005414,,ENSG00000089050,RBBP9,ortholog_one2one,65.6716,70.9677
ENSCAFG00000017423,,ENSG00000105520,PLPPR2,ortholog_one2one,65.6364,84.5433
ENSCAFG00000000832,,ENSG00000168394,TAP1,ortholog_one2one,65.625,70.1733
ENSCAFG00000024620,,ENSG00000232070,TMEM253,ortholog_one2one,65.6,75.576
ENSCAFG00000006788,,ENSG00000122033,MTIF3,ortholog_one2one,65.5914,65.8273
ENSCAFG00000006095,,ENSG00000088448,ANKRD10,ortholog_one2one,65.5773,71.6667
ENSCAFG00000019116,,ENSG00000013619,MAMLD1,ortholog_one2one,65.5405,68.0361
ENSCAFG00000004061,,ENSG00000169393,ELSPBP1,ortholog_one2one,65.5172,76.6816
ENSCAFG00000012254,,ENSG00000213903,LTB4R,ortholog_one2one,65.5087,75.0
ENSCAFG00000000423,,ENSG00000155906,RMND1,ortholog_one2one,65.4941,87.0824
ENSCAFG00000044320,,ENSG00000124444,ZNF576,ortholog_one2one,65.4822,75.8824
ENSCAFG00000018796,,ENSG00000174917,MICOS13,ortholog_one2one,65.4412,63.5714
ENSCAFG00000002900,,ENSG00000167755,KLK6,ortholog_one2one,65.4008,63.5246
ENSCAFG00000015078,,ENSG00000047662,FAM184B,ortholog_one2one,65.3874,85.1887
ENSCAFG00000046400,,ENSG00000188373,GPR15LG,ortholog_one2one,65.3846,62.963
ENSCAFG00000019893,,ENSG00000188523,CFAP77,ortholog_one2one,65.3747,79.0625
ENSCAFG00000030384,,ENSG00000118508,RAB32,ortholog_one2one,65.3659,59.5556
ENSCAFG00000011287,,ENSG00000101846,STS,ortholog_one2one,65.3295,78.2161
ENSCAFG00000019531,,ENSG00000160953,PWWP3A,ortholog_one2one,65.312,61.4754
ENSCAFG00000016710,,ENSG00000127419,TMEM175,ortholog_one2one,65.3028,79.1667
ENSCAFG00000013044,,ENSG00000182541,LIMK2,ortholog_one2one,65.2745,79.7376
ENSCAFG00000030335,,ENSG00000170542,SERPINB9,ortholog_one2one,65.2582,73.9362
ENSCAFG00000015256,,ENSG00000167483,NIBAN3,ortholog_one2one,65.2051,66.1406
ENSCAFG00000029609,,ENSG00000137038,DMAC1,ortholog_one2one,65.1786,65.1786
ENSCAFG00000043606,,ENSG00000186474,KLK12,ortholog_one2one,65.1685,68.5039
ENSCAFG00000016763,,ENSG00000182732,RGS6,ortholog_one2one,65.1568,69.3878
ENSCAFG00000019711,,ENSG00000099821,POLRMT,ortholog_one2one,65.1326,67.8862
ENSCAFG00000000899,,ENSG00000130540,SULT4A1,ortholog_one2one,65.1282,89.4366
ENSCAFG00000009723,,ENSG00000180083,WFDC11,ortholog_one2one,65.1163,64.3678
ENSCAFG00000017628,,ENSG00000214212,C19orf38,ortholog_one2one,65.1064,66.5217
ENSCAFG00000029398,,ENSG00000237452,MEIOSIN,ortholog_one2one,65.0794,64.2633
ENSCAFG00000018398,,ENSG00000170779,CDCA4,ortholog_one2one,65.0735,73.444
ENSCAFG00000006591,,ENSG00000105254,TBCB,ortholog_one2one,65.0568,81.2057
ENSCAFG00000011613,,ENSG00000166091,CMTM5,ortholog_one2one,65.0485,60.0897
ENSCAFG00000000558,,ENSG00000100312,ACR,ortholog_one2one,65.0118,65.3207
ENSCAFG00000013646,,ENSG00000100218,RSPH14,ortholog_one2one,65.0,63.5057
ENSCAFG00000013598,,ENSG00000224960,PPP4R3C,ortholog_one2one,64.9783,53.9663
ENSCAFG00000001519,,ENSG00000100368,CSF2RB,ortholog_one2one,64.9667,64.8948
ENSCAFG00000019725,,ENSG00000183186,C2CD4C,ortholog_one2one,64.9648,87.6485
ENSCAFG00000018139,,ENSG00000170948,MBD3L1,ortholog_one2one,64.9485,64.9485
ENSCAFG00000000873,,ENSG00000138944,SHISAL1,ortholog_one2one,64.9306,93.9698
ENSCAFG00000013416,,ENSG00000128654,MTX2,ortholog_one2one,64.9123,84.4106
ENSCAFG00000032487,,ENSG00000055211,GINM1,ortholog_one2one,64.9025,70.6061
ENSCAFG00000002501,,ENSG00000171487,NLRP5,ortholog_one2one,64.8862,61.75
ENSCAFG00000029352,,ENSG00000205269,TMEM170B,ortholog_one2one,64.8515,99.2424
ENSCAFG00000014632,,ENSG00000127838,PNKD,ortholog_one2one,64.8379,67.5325
ENSCAFG00000017151,,ENSG00000242732,RTL5,ortholog_one2one,64.8233,74.1652
ENSCAFG00000029461,,ENSG00000008438,PGLYRP1,ortholog_one2one,64.7959,64.7959
ENSCAFG00000042542,,ENSG00000076662,ICAM3,ortholog_one2one,64.7913,65.2651
ENSCAFG00000031611,,ENSG00000215529,EFCAB8,ortholog_one2one,64.7604,65.0621
ENSCAFG00000003987,,ENSG00000165757,JCAD,ortholog_one2one,64.7361,64.9742
ENSCAFG00000018727,,ENSG00000168461,RAB31,ortholog_one2one,64.7321,74.359
ENSCAFG00000015337,,ENSG00000130300,PLVAP,ortholog_one2one,64.7303,70.5882
ENSCAFG00000010243,,ENSG00000138175,ARL3,ortholog_one2one,64.7273,97.8022
ENSCAFG00000018946,,ENSG00000127666,TICAM1,ortholog_one2one,64.7137,68.2584
ENSCAFG00000006585,,ENSG00000132965,ALOX5AP,ortholog_one2one,64.7059,75.6881
ENSCAFG00000012693,,ENSG00000149679,CABLES2,ortholog_one2one,64.6957,77.8243
ENSCAFG00000013875,,ENSG00000168530,MYL1,ortholog_one2one,64.6552,77.3196
ENSCAFG00000019776,,ENSG00000160323,ADAMTS13,ortholog_one2one,64.6471,68.0448
ENSCAFG00000002291,,ENSG00000144214,LYG1,ortholog_one2one,64.6465,65.9794
ENSCAFG00000009617,,ENSG00000185745,IFIT1,ortholog_one2one,64.5914,69.4561
ENSCAFG00000005226,,ENSG00000108021,TASOR2,ortholog_one2one,64.5818,67.1456
ENSCAFG00000003324,,ENSG00000244617,ASPRV1,ortholog_one2one,64.5768,60.0583
ENSCAFG00000025366,,ENSG00000203942,C10orf62,ortholog_one2one,64.574,64.574
ENSCAFG00000002285,,ENSG00000115268,RPS15,ortholog_one2one,64.5669,53.9474
ENSCAFG00000012968,,ENSG00000130589,HELZ2,ortholog_one2one,64.5595,72.4802
ENSCAFG00000013342,,ENSG00000214279,SCART1,ortholog_one2one,64.557,59.591
ENSCAFG00000011982,,ENSG00000100249,C22orf31,ortholog_one2one,64.5533,77.2414
ENSCAFG00000015737,,ENSG00000122359,ANXA11,ortholog_one2one,64.5161,91.0891
ENSCAFG00000015198,,ENSG00000139946,PELI2,ortholog_one2one,64.476,86.4286
ENSCAFG00000012762,,ENSG00000100473,COCH,ortholog_one2one,64.472,84.3902
ENSCAFG00000006974,,ENSG00000196476,C20orf96,ortholog_one2one,64.4628,64.4628
ENSCAFG00000001072,,ENSG00000184530,C6orf58,ortholog_one2one,64.4377,64.2424
ENSCAFG00000020201,,ENSG00000136933,RABEPK,ortholog_one2one,64.3923,81.1828
ENSCAFG00000006742,,ENSG00000165556,CDX2,ortholog_one2one,64.3629,95.2077
ENSCAFG00000015551,,ENSG00000131351,HAUS8,ortholog_one2one,64.3541,65.6098
ENSCAFG00000002889,,ENSG00000171209,CSN3,ortholog_one2one,64.3243,65.3846
ENSCAFG00000012011,,ENSG00000101144,BMP7,ortholog_one2one,64.3185,97.4478
ENSCAFG00000017840,,ENSG00000134759,ELP2,ortholog_one2one,64.2987,79.2368
ENSCAFG00000012183,,ENSG00000101160,CTSZ,ortholog_one2one,64.2667,79.538
ENSCAFG00000019634,,ENSG00000165775,FUNDC2,ortholog_one2one,64.257,84.6561
ENSCAFG00000030966,,ENSG00000112486,CCR6,ortholog_one2one,64.2553,80.7487
ENSCAFG00000019217,,ENSG00000161091,MFSD12,ortholog_one2one,64.2127,65.4167
ENSCAFG00000001781,,ENSG00000109501,WFS1,ortholog_one2one,64.1898,79.49
ENSCAFG00000041946,,ENSG00000211899,IGHM,ortholog_one2one,64.1237,65.6118
ENSCAFG00000006504,,ENSG00000169062,UPF3A,ortholog_one2one,64.0977,71.6387
ENSCAFG00000017024,,ENSG00000119703,ZC2HC1C,ortholog_one2one,64.0832,74.3421
ENSCAFG00000019095,,ENSG00000178078,STAP2,ortholog_one2one,64.0798,64.3653
ENSCAFG00000002905,,ENSG00000167749,KLK4,ortholog_one2one,64.0449,67.3228
ENSCAFG00000016762,,ENSG00000185619,PCGF3,ortholog_one2one,64.0127,83.0579
ENSCAFG00000029278,,ENSG00000203883,SOX18,ortholog_one2one,63.9847,86.9792
ENSCAFG00000030234,,ENSG00000137434,C6orf52,ortholog_one2one,63.9456,61.8421
ENSCAFG00000032305,,ENSG00000142528,ZNF473,ortholog_one2one,63.9363,64.5235
ENSCAFG00000018064,,ENSG00000175065,DSG4,ortholog_one2one,63.932,81.6808
ENSCAFG00000002073,,ENSG00000137135,ARHGEF39,ortholog_one2one,63.9225,78.806
ENSCAFG00000029442,,ENSG00000118523,CCN2,ortholog_one2one,63.9175,71.0602
ENSCAFG00000017675,,ENSG00000196136,SERPINA3,ortholog_one2one,63.9151,64.0662
ENSCAFG00000007126,,ENSG00000105707,HPN,ortholog_one2one,63.9024,94.2446
ENSCAFG00000016369,,ENSG00000100554,ATP6V1D,ortholog_one2one,63.8961,99.5951
ENSCAFG00000010583,,ENSG00000146039,SLC17A4,ortholog_one2one,63.8554,53.3199
ENSCAFG00000012336,,ENSG00000124215,CDH26,ortholog_one2one,63.8425,64.3029
ENSCAFG00000001675,,ENSG00000147883,CDKN2B,ortholog_one2one,63.8418,81.8841
ENSCAFG00000009748,,ENSG00000153157,SYCP2L,ortholog_one2one,63.8418,55.665
ENSCAFG00000019165,,ENSG00000268089,GABRQ,ortholog_one2one,63.8028,71.6772
ENSCAFG00000023963,,ENSG00000100075,SLC25A1,ortholog_one2one,63.7883,73.6334
ENSCAFG00000008435,,ENSG00000131043,AAR2,ortholog_one2one,63.7827,79.6482
ENSCAFG00000004360,,ENSG00000154930,ACSS1,ortholog_one2one,63.7778,83.3091
ENSCAFG00000000943,,ENSG00000242247,ARFGAP3,ortholog_one2one,63.7255,88.1783
ENSCAFG00000002609,,ENSG00000180089,TMEM86B,ortholog_one2one,63.7168,63.7168
ENSCAFG00000015570,,ENSG00000151838,CCDC175,ortholog_one2one,63.7168,60.8696
ENSCAFG00000029572,,ENSG00000256590,TRDV3,ortholog_one2one,63.7097,69.9115
ENSCAFG00000031739,,ENSG00000211805,TRAV24,ortholog_one2one,63.7097,69.2982
ENSCAFG00000028728,,ENSG00000253309,SERPINE3,ortholog_one2one,63.7056,59.1981
ENSCAFG00000002886,,ENSG00000167757,KLK11,ortholog_one2one,63.6628,77.6596
ENSCAFG00000017048,,ENSG00000119686,FLVCR2,ortholog_one2one,63.662,85.9316
ENSCAFG00000030171,,ENSG00000119421,NDUFA8,ortholog_one2one,63.6364,85.4651
ENSCAFG00000005474,,ENSG00000179636,TPPP2,ortholog_one2one,63.6364,82.3529
ENSCAFG00000043583,,ENSG00000176293,ZNF135,ortholog_one2one,63.6364,58.5044
ENSCAFG00000012948,,ENSG00000181396,OGFOD3,ortholog_one2one,63.5821,64.3505
ENSCAFG00000019112,,ENSG00000105248,YJU2,ortholog_one2one,63.5389,73.3746
ENSCAFG00000019930,,ENSG00000130720,FIBCD1,ortholog_one2one,63.4796,87.8525
ENSCAFG00000016275,,ENSG00000196553,CCDC196,ortholog_one2one,63.4503,73.064
ENSCAFG00000028605,,ENSG00000006757,PNPLA4,ortholog_one2one,63.4146,92.4901
ENSCAFG00000004730,,ENSG00000011422,PLAUR,ortholog_one2one,63.369,70.7463
ENSCAFG00000019444,,ENSG00000187609,EXD3,ortholog_one2one,63.3149,65.411
ENSCAFG00000023618,,ENSG00000167118,URM1,ortholog_one2one,63.3094,60.274
ENSCAFG00000049076,,ENSG00000125485,DDX31,ortholog_one2one,63.2939,69.0952
ENSCAFG00000016706,,ENSG00000145217,SLC26A1,ortholog_one2one,63.2287,80.4565
ENSCAFG00000014369,,ENSG00000064545,TMEM161A,ortholog_one2one,63.2224,75.3653
ENSCAFG00000019539,,ENSG00000159069,FBXW5,ortholog_one2one,63.217,89.576
ENSCAFG00000001548,,ENSG00000164975,SNAPC3,ortholog_one2one,63.1757,90.9976
ENSCAFG00000011065,,ENSG00000163535,SGO2,ortholog_one2one,63.1659,65.6126
ENSCAFG00000012245,,ENSG00000124205,EDN3,ortholog_one2one,63.1579,55.4622
ENSCAFG00000006522,,ENSG00000187676,B3GLCT,ortholog_one2one,63.1184,84.5382
ENSCAFG00000016544,,ENSG00000163138,PACRGL,ortholog_one2one,63.1179,66.9355
ENSCAFG00000012242,,ENSG00000124203,ZNF831,ortholog_one2one,63.0974,62.1944
ENSCAFG00000028989,,ENSG00000141542,RAB40B,ortholog_one2one,63.0952,76.259
ENSCAFG00000028626,,ENSG00000124107,SLPI,ortholog_one2one,63.0769,62.1212
ENSCAFG00000016989,,ENSG00000119689,DLST,ortholog_one2one,63.0368,90.7285
ENSCAFG00000006987,,ENSG00000088782,DEFB127,ortholog_one2one,63.0,63.6364
ENSCAFG00000003342,,ENSG00000131400,NAPSA,ortholog_one2one,62.9921,76.1905
ENSCAFG00000018925,,ENSG00000127663,KDM4B,ortholog_one2one,62.9721,67.8761
ENSCAFG00000006234,,ENSG00000149451,ADAM33,ortholog_one2one,62.9714,67.7737
ENSCAFG00000019186,,ENSG00000213397,HAUS7,ortholog_one2one,62.9442,67.3913
ENSCAFG00000015521,,ENSG00000122952,ZWINT,ortholog_one2one,62.9371,64.9819
ENSCAFG00000001618,,ENSG00000112576,CCND3,ortholog_one2one,62.8947,81.8493
ENSCAFG00000023119,,ENSG00000120440,TTLL2,ortholog_one2one,62.89,64.6959
ENSCAFG00000001428,,ENSG00000137168,PPIL1,ortholog_one2one,62.8788,100.0
ENSCAFG00000009768,,ENSG00000101473,ACOT8,ortholog_one2one,62.8647,74.2947
ENSCAFG00000002050,,ENSG00000109220,CHIC2,ortholog_one2one,62.8571,80.0
ENSCAFG00000000185,,ENSG00000079950,STX7,ortholog_one2one,62.8483,77.7778
ENSCAFG00000019546,,ENSG00000099817,POLR2E,ortholog_one2one,62.8458,75.7143
ENSCAFG00000002580,,ENSG00000063241,ISOC2,ortholog_one2one,62.782,75.5656
ENSCAFG00000032606,,ENSG00000155754,CATSPERT,ortholog_one2one,62.7506,61.9231
ENSCAFG00000015028,,ENSG00000096996,IL12RB1,ortholog_one2one,62.7049,69.3354
ENSCAFG00000019442,,ENSG00000278057,TEX28,ortholog_one2one,62.6506,63.4146
ENSCAFG00000006980,,ENSG00000125903,DEFB129,ortholog_one2one,62.6506,56.8306
ENSCAFG00000031946,,ENSG00000165376,CLDN2,ortholog_one2one,62.6471,92.6087
ENSCAFG00000018681,,ENSG00000125651,GTF2F1,ortholog_one2one,62.6446,73.3075
ENSCAFG00000003878,,ENSG00000104804,TULP2,ortholog_one2one,62.6243,60.5769
ENSCAFG00000012857,,ENSG00000154485,MMP21,ortholog_one2one,62.614,72.4077
ENSCAFG00000014866,,ENSG00000159733,ZFYVE28,ortholog_one2one,62.5759,58.0609
ENSCAFG00000015233,,ENSG00000007062,PROM1,ortholog_one2one,62.5576,62.7746
ENSCAFG00000011813,,ENSG00000171940,ZNF217,ortholog_one2one,62.5445,67.0802
ENSCAFG00000032112,,ENSG00000186051,TAL2,ortholog_one2one,62.5,87.963
ENSCAFG00000019698,,ENSG00000099864,PALM,ortholog_one2one,62.4758,83.4625
ENSCAFG00000017538,,ENSG00000161888,SPC24,ortholog_one2one,62.4365,58.8517
ENSCAFG00000020036,,ENSG00000167136,ENDOG,ortholog_one2one,62.4146,92.2559
ENSCAFG00000015721,,ENSG00000107798,LIPA,ortholog_one2one,62.4,78.1955
ENSCAFG00000006190,,ENSG00000101222,SPEF1,ortholog_one2one,62.3907,90.678
ENSCAFG00000002635,,ENSG00000160439,RDH13,ortholog_one2one,62.3711,73.1118
ENSCAFG00000000704,,ENSG00000138892,TTLL8,ortholog_one2one,62.3377,67.8445
ENSCAFG00000011815,,ENSG00000175535,PNLIP,ortholog_one2one,62.3352,71.1828
ENSCAFG00000044275,,ENSG00000188716,DUSP29,ortholog_one2one,62.3188,58.6364
ENSCAFG00000019651,,ENSG00000065268,WDR18,ortholog_one2one,62.3158,68.5185
ENSCAFG00000012699,,ENSG00000188816,HMX2,ortholog_one2one,62.2276,94.1392
ENSCAFG00000032284,,ENSG00000126264,HCST,ortholog_one2one,62.2222,60.2151
ENSCAFG00000014882,,ENSG00000130513,GDF15,ortholog_one2one,62.215,62.013
ENSCAFG00000004617,,ENSG00000130203,APOE,ortholog_one2one,62.2024,65.9306
ENSCAFG00000023073,,ENSG00000183733,FIGLA,ortholog_one2one,62.1891,57.0776
ENSCAFG00000007036,,ENSG00000012124,CD22,ortholog_one2one,62.1591,64.5809
ENSCAFG00000009374,,ENSG00000197296,FITM2,ortholog_one2one,62.1134,91.9847
ENSCAFG00000048372,,ENSG00000120055,C10orf95,ortholog_one2one,62.1005,63.8498
ENSCAFG00000009246,,ENSG00000155256,ZFYVE27,ortholog_one2one,62.0408,73.0769
ENSCAFG00000001995,,ENSG00000221829,FANCG,ortholog_one2one,62.0347,80.3858
ENSCAFG00000000782,,ENSG00000075218,GTSE1,ortholog_one2one,61.9891,61.5697
ENSCAFG00000031460,,ENSG00000090339,ICAM1,ortholog_one2one,61.9586,61.8421
ENSCAFG00000015291,,ENSG00000169093,ASMTL,ortholog_one2one,61.9583,62.1578
ENSCAFG00000012468,,ENSG00000099985,OSM,ortholog_one2one,61.9433,60.7143
ENSCAFG00000002037,,ENSG00000146070,PLA2G7,ortholog_one2one,61.9417,72.3356
ENSCAFG00000012367,,ENSG00000129465,RIPK3,ortholog_one2one,61.9385,50.5792
ENSCAFG00000023992,,ENSG00000131355,ADGRE3,ortholog_one2one,61.9303,70.8589
ENSCAFG00000013263,,ENSG00000170430,MGMT,ortholog_one2one,61.9048,54.6218
ENSCAFG00000031735,,ENSG00000102524,TNFSF13B,ortholog_one2one,61.8919,80.3509
ENSCAFG00000004109,,ENSG00000112584,FAM120B,ortholog_one2one,61.8467,76.0986
ENSCAFG00000016385,,ENSG00000123146,ADGRE5,ortholog_one2one,61.8202,66.7066
ENSCAFG00000004400,,ENSG00000101004,NINL,ortholog_one2one,61.788,62.0116
ENSCAFG00000031277,,ENSG00000167094,TTC16,ortholog_one2one,61.7783,61.2829
ENSCAFG00000012407,,ENSG00000155760,FZD7,ortholog_one2one,61.7582,97.9094
ENSCAFG00000015039,,ENSG00000163945,UVSSA,ortholog_one2one,61.7524,54.2787
ENSCAFG00000015190,,ENSG00000122861,PLAU,ortholog_one2one,61.6943,77.7262
ENSCAFG00000043585,,ENSG00000181274,FRAT2,ortholog_one2one,61.6822,56.6524
ENSCAFG00000024087,,ENSG00000164430,CGAS,ortholog_one2one,61.6766,59.1954
ENSCAFG00000008365,,ENSG00000149646,CNBD2,ortholog_one2one,61.6498,73.9583
ENSCAFG00000041658,,ENSG00000171136,RLN3,ortholog_one2one,61.6279,74.6479
ENSCAFG00000000277,,ENSG00000024862,CCDC28A,ortholog_one2one,61.6197,95.1087
ENSCAFG00000002356,,ENSG00000119574,ZBTB45,ortholog_one2one,61.6179,70.0587
ENSCAFG00000007129,,ENSG00000105711,SCN1B,ortholog_one2one,61.6034,54.4776
ENSCAFG00000005124,,ENSG00000125831,CST11,ortholog_one2one,61.5942,61.5942
ENSCAFG00000005857,,ENSG00000134864,GGACT,ortholog_one2one,61.5854,66.0131
ENSCAFG00000019728,,ENSG00000105549,SPMAP2,ortholog_one2one,61.5789,61.7414
ENSCAFG00000017085,,ENSG00000179262,RAD23A,ortholog_one2one,61.553,89.5317
ENSCAFG00000024274,,ENSG00000258436,RNASE12,ortholog_one2one,61.5385,70.7483
ENSCAFG00000014469,,ENSG00000183690,EFHC2,ortholog_one2one,61.5385,71.5621
ENSCAFG00000003040,,ENSG00000135346,CGA,ortholog_one2one,61.5385,59.8639
ENSCAFG00000018215,,ENSG00000182508,LHFPL1,ortholog_one2one,61.5108,77.7273
ENSCAFG00000017627,,ENSG00000102387,TAF7L,ortholog_one2one,61.5079,67.0996
ENSCAFG00000015778,,ENSG00000196684,HSH2D,ortholog_one2one,61.4958,63.0682
ENSCAFG00000002066,,ENSG00000159884,CCDC107,ortholog_one2one,61.4334,63.6042
ENSCAFG00000005426,,ENSG00000258818,RNASE4,ortholog_one2one,61.4213,82.3129
ENSCAFG00000014212,,ENSG00000183597,TANGO2,ortholog_one2one,61.399,74.7634
ENSCAFG00000032130,,ENSG00000101162,TUBB1,ortholog_one2one,61.3977,81.8182
ENSCAFG00000009838,,ENSG00000124523,SIRT5,ortholog_one2one,61.3909,82.5806
ENSCAFG00000000709,,ENSG00000184164,CRELD2,ortholog_one2one,61.3811,59.7015
ENSCAFG00000018420,,ENSG00000101596,SMCHD1,ortholog_one2one,61.3569,93.3666
ENSCAFG00000002461,,ENSG00000136929,HEMGN,ortholog_one2one,61.3546,63.6364
ENSCAFG00000029773,,ENSG00000230601,TEX48,ortholog_one2one,61.3445,60.8333
ENSCAFG00000024382,,ENSG00000169575,VPREB1,ortholog_one2one,61.3333,63.4483
ENSCAFG00000019246,,ENSG00000141905,NFIC,ortholog_one2one,61.3072,88.4906
ENSCAFG00000013622,,ENSG00000211656,IGLV2-33,ortholog_one2one,61.2903,64.4068
ENSCAFG00000029649,,ENSG00000204519,ZNF551,ortholog_one2one,61.2613,60.8955
ENSCAFG00000014796,,ENSG00000144366,GULP1,ortholog_one2one,61.25,80.5921
ENSCAFG00000030127,,ENSG00000180305,WFDC10A,ortholog_one2one,61.25,62.0253
ENSCAFG00000043709,,ENSG00000206113,CFAP99,ortholog_one2one,61.2036,66.9468
ENSCAFG00000005210,,ENSG00000134460,IL2RA,ortholog_one2one,61.194,60.2941
ENSCAFG00000015672,,ENSG00000102103,PQBP1,ortholog_one2one,61.1732,82.6415
ENSCAFG00000017920,,ENSG00000130812,ANGPTL6,ortholog_one2one,61.1354,89.3617
ENSCAFG00000014237,,ENSG00000087299,L2HGDH,ortholog_one2one,61.1276,88.9849
ENSCAFG00000001147,,ENSG00000118507,AKAP7,ortholog_one2one,61.1111,62.8571
ENSCAFG00000023787,,ENSG00000189430,NCR1,ortholog_one2one,61.076,63.4868
ENSCAFG00000000893,,ENSG00000100344,PNPLA3,ortholog_one2one,61.0422,51.1435
ENSCAFG00000023298,,ENSG00000124334,IL9R,ortholog_one2one,60.9901,59.1171
ENSCAFG00000029970,,ENSG00000238227,TMEM250,ortholog_one2one,60.989,79.8561
ENSCAFG00000009785,,ENSG00000111863,ADTRP,ortholog_one2one,60.9155,69.7581
ENSCAFG00000002962,,ENSG00000163626,COX18,ortholog_one2one,60.8989,81.1377
ENSCAFG00000000107,,ENSG00000198796,ALPK2,ortholog_one2one,60.8696,59.3548
ENSCAFG00000025016,,ENSG00000124875,CXCL6,ortholog_one2one,60.8696,61.4035
ENSCAFG00000000868,,ENSG00000112562,SMOC2,ortholog_one2one,60.8696,88.8403
ENSCAFG00000030857,,ENSG00000173988,LRRC63,ortholog_one2one,60.8621,60.1363
ENSCAFG00000020125,,ENSG00000160401,CFAP157,ortholog_one2one,60.8491,74.4231
ENSCAFG00000016500,,ENSG00000141854,MISP3,ortholog_one2one,60.8414,52.0776
ENSCAFG00000003043,,ENSG00000165185,KIAA1958,ortholog_one2one,60.8401,60.3495
ENSCAFG00000009262,,ENSG00000155265,GOLGA7B,ortholog_one2one,60.8108,80.8383
ENSCAFG00000009258,,ENSG00000115165,CYTIP,ortholog_one2one,60.7929,76.8802
ENSCAFG00000019534,,ENSG00000167470,MIDN,ortholog_one2one,60.7877,75.8547
ENSCAFG00000003096,,ENSG00000146281,PM20D2,ortholog_one2one,60.7375,64.2202
ENSCAFG00000024197,,ENSG00000179709,NLRP8,ortholog_one2one,60.7283,58.874
ENSCAFG00000001349,,ENSG00000137392,CLPS,ortholog_one2one,60.6897,78.5714
ENSCAFG00000007026,,ENSG00000107562,CXCL12,ortholog_one2one,60.6838,50.7143
ENSCAFG00000014342,,ENSG00000170871,KIAA0232,ortholog_one2one,60.6614,88.1004
ENSCAFG00000029463,,ENSG00000137098,SPAG8,ortholog_one2one,60.6335,53.493
ENSCAFG00000031358,,ENSG00000179363,TMEM31,ortholog_one2one,60.625,57.7381
ENSCAFG00000014953,,ENSG00000171501,OR1N2,ortholog_one2one,60.596,57.9114
ENSCAFG00000006902,,ENSG00000105668,UPK1A,ortholog_one2one,60.5769,69.2308
ENSCAFG00000005468,,ENSG00000067057,PFKP,ortholog_one2one,60.5747,67.2194
ENSCAFG00000023398,,ENSG00000196228,SULT1C3,ortholog_one2one,60.559,64.1447
ENSCAFG00000003788,,ENSG00000130528,HRC,ortholog_one2one,60.5505,66.0944
ENSCAFG00000007945,,ENSG00000101000,PROCR,ortholog_one2one,60.5364,66.3866
ENSCAFG00000005799,,ENSG00000134882,UBAC2,ortholog_one2one,60.4938,71.2209
ENSCAFG00000023338,,ENSG00000130522,JUND,ortholog_one2one,60.4824,93.9481
ENSCAFG00000019627,,ENSG00000130830,MPP1,ortholog_one2one,60.4782,92.2747
ENSCAFG00000015272,,ENSG00000137440,FGFBP1,ortholog_one2one,60.4444,58.1197
ENSCAFG00000000260,,ENSG00000027697,IFNGR1,ortholog_one2one,60.4211,58.6912
ENSCAFG00000019669,,ENSG00000197561,ELANE,ortholog_one2one,60.3834,70.7865
ENSCAFG00000002061,,ENSG00000137101,CD72,ortholog_one2one,60.3825,61.5599
ENSCAFG00000015022,,ENSG00000174137,FAM53A,ortholog_one2one,60.3774,56.2814
ENSCAFG00000018769,,ENSG00000174898,CATSPERD,ortholog_one2one,60.3727,60.9023
ENSCAFG00000018046,,ENSG00000118271,TTR,ortholog_one2one,60.3659,67.3469
ENSCAFG00000005049,,ENSG00000167600,CYP2S1,ortholog_one2one,60.2392,79.9603
ENSCAFG00000005993,,ENSG00000171984,SHLD1,ortholog_one2one,60.2317,76.0976
ENSCAFG00000001653,,ENSG00000171855,IFNB1,ortholog_one2one,60.2151,59.893
ENSCAFG00000023899,,ENSG00000273777,CEACAM20,ortholog_one2one,60.1709,59.0604
ENSCAFG00000009664,,ENSG00000124159,MATN4,ortholog_one2one,60.1504,90.0322
ENSCAFG00000000629,,ENSG00000205593,DENND6B,ortholog_one2one,60.1359,90.7692
ENSCAFG00000001385,,ENSG00000184949,FAM227A,ortholog_one2one,60.1045,52.9954
ENSCAFG00000011034,,ENSG00000205755,CRLF2,ortholog_one2one,60.0536,60.3774
ENSCAFG00000029050,,ENSG00000118939,UCHL3,ortholog_one2one,60.0536,97.3913
ENSCAFG00000030055,,ENSG00000104921,FCER2,ortholog_one2one,60.0,57.0093
ENSCAFG00000018404,,ENSG00000183828,NUDT14,ortholog_one2one,59.9315,78.8288
ENSCAFG00000004017,,ENSG00000183621,ZNF438,ortholog_one2one,59.9104,64.6135
ENSCAFG00000011348,,ENSG00000169129,AFAP1L2,ortholog_one2one,59.8985,72.1271
ENSCAFG00000024526,,ENSG00000254901,BORCS8,ortholog_one2one,59.887,89.0756
ENSCAFG00000007093,,ENSG00000177558,FAM187B,ortholog_one2one,59.8425,61.7886
ENSCAFG00000004614,,ENSG00000267467,APOC4,ortholog_one2one,59.8361,57.4803
ENSCAFG00000023712,,ENSG00000181588,MEX3D,ortholog_one2one,59.7616,61.5975
ENSCAFG00000013065,,ENSG00000130584,ZBTB46,ortholog_one2one,59.7598,67.5722
ENSCAFG00000018643,,ENSG00000125648,SLC25A23,ortholog_one2one,59.7279,93.8034
ENSCAFG00000007381,,ENSG00000125999,BPIFB1,ortholog_one2one,59.7122,68.595
ENSCAFG00000041191,,ENSG00000182952,HMGN4,ortholog_one2one,59.6774,82.2222
ENSCAFG00000014082,,ENSG00000133460,SLC2A11,ortholog_one2one,59.6491,63.5514
ENSCAFG00000024905,,ENSG00000065621,GSTO2,ortholog_one2one,59.6439,82.716
ENSCAFG00000017942,,ENSG00000166974,MAPRE2,ortholog_one2one,59.6226,96.6361
ENSCAFG00000028797,,ENSG00000224420,ADM5,ortholog_one2one,59.6026,58.8235
ENSCAFG00000016101,,ENSG00000204175,GPRIN2,ortholog_one2one,59.6,65.0655
ENSCAFG00000002881,,ENSG00000135222,CSN2,ortholog_one2one,59.6,65.9292
ENSCAFG00000017838,,ENSG00000036530,CYP46A1,ortholog_one2one,59.5973,88.8
ENSCAFG00000019903,,ENSG00000130717,UCK1,ortholog_one2one,59.5819,60.6383
ENSCAFG00000019245,,ENSG00000185825,BCAP31,ortholog_one2one,59.5628,69.6486
ENSCAFG00000018529,,ENSG00000133250,ZNF414,ortholog_one2one,59.4891,83.5897
ENSCAFG00000005173,,ENSG00000125820,NKX2-2,ortholog_one2one,59.4595,72.5275
ENSCAFG00000007184,,ENSG00000165480,SKA3,ortholog_one2one,59.4041,77.4272
ENSCAFG00000019712,,ENSG00000130560,UBAC1,ortholog_one2one,59.39,91.358
ENSCAFG00000006115,,ENSG00000120699,EXOSC8,ortholog_one2one,59.375,96.3768
ENSCAFG00000002611,,ENSG00000080031,PTPRH,ortholog_one2one,59.322,50.2242
ENSCAFG00000019860,,ENSG00000196422,PPP1R26,ortholog_one2one,59.2217,57.8991
ENSCAFG00000012958,,ENSG00000169660,HEXD,ortholog_one2one,59.1912,55.0427
ENSCAFG00000005117,,ENSG00000125815,CST8,ortholog_one2one,59.1549,59.1549
ENSCAFG00000028660,,ENSG00000204019,CT83,ortholog_one2one,59.1304,60.177
ENSCAFG00000044772,,ENSG00000211806,TRAV25,ortholog_one2one,59.1304,62.3853
ENSCAFG00000000803,,ENSG00000204287,HLA-DRA,ortholog_one2one,59.0643,79.5276
ENSCAFG00000011169,,ENSG00000148735,PLEKHS1,ortholog_one2one,59.0618,59.5699
ENSCAFG00000028456,,ENSG00000112149,CD83,ortholog_one2one,58.952,65.8537
ENSCAFG00000014879,,ENSG00000175489,LRRC25,ortholog_one2one,58.9226,57.377
ENSCAFG00000011433,,ENSG00000092067,CEBPE,ortholog_one2one,58.913,96.4413
ENSCAFG00000010706,,ENSG00000119950,MXI1,ortholog_one2one,58.8785,64.0678
ENSCAFG00000042245,,ENSG00000107443,CCNJ,ortholog_one2one,58.8556,56.3969
ENSCAFG00000001393,,ENSG00000189325,BNIP5,ortholog_one2one,58.8415,59.2025
ENSCAFG00000032211,,ENSG00000197951,ZNF71,ortholog_one2one,58.8394,79.4171
ENSCAFG00000017987,,ENSG00000166960,CCDC178,ortholog_one2one,58.8367,59.0348
ENSCAFG00000002098,,ENSG00000119147,ECRG4,ortholog_one2one,58.8235,60.8108
ENSCAFG00000015000,,ENSG00000013810,TACC3,ortholog_one2one,58.8,52.6253
ENSCAFG00000001420,,ENSG00000198792,TMEM184B,ortholog_one2one,58.7866,69.0418
ENSCAFG00000019648,,ENSG00000182087,TMEM259,ortholog_one2one,58.7778,85.3226
ENSCAFG00000015500,,ENSG00000099330,OCEL1,ortholog_one2one,58.7459,67.4242
ENSCAFG00000009435,,ENSG00000124787,RPP40,ortholog_one2one,58.7398,79.6143
ENSCAFG00000011096,,ENSG00000211810,TRAV29DV5,ortholog_one2one,58.7097,76.4706
ENSCAFG00000009498,,ENSG00000196839,ADA,ortholog_one2one,58.7065,65.0138
ENSCAFG00000001526,,ENSG00000100360,IFT27,ortholog_one2one,58.6957,87.0968
ENSCAFG00000016699,,ENSG00000127418,FGFRL1,ortholog_one2one,58.5616,67.8571
ENSCAFG00000007630,,ENSG00000105171,POP4,ortholog_one2one,58.5366,65.4545
ENSCAFG00000002367,,ENSG00000121410,A1BG,ortholog_one2one,58.5106,66.6667
ENSCAFG00000002809,,ENSG00000118418,HMGN3,ortholog_one2one,58.5,90.0
ENSCAFG00000029621,,ENSG00000177076,ACER2,ortholog_one2one,58.465,94.1818
ENSCAFG00000040684,,ENSG00000262874,C19orf84,ortholog_one2one,58.4615,61.2903
ENSCAFG00000011956,,ENSG00000100908,EMC9,ortholog_one2one,58.4098,91.8269
ENSCAFG00000018051,,ENSG00000134757,DSG3,ortholog_one2one,58.3922,66.1662
ENSCAFG00000011123,,ENSG00000148814,LRRC27,ortholog_one2one,58.349,58.6792
ENSCAFG00000009556,,ENSG00000164304,CAGE1,ortholog_one2one,58.3441,53.7545
ENSCAFG00000016504,,ENSG00000104998,IL27RA,ortholog_one2one,58.3333,71.5409
ENSCAFG00000012078,,ENSG00000197935,ZNF311,ortholog_one2one,58.3333,53.6036
ENSCAFG00000012102,,ENSG00000183605,SFXN4,ortholog_one2one,58.3333,56.0831
ENSCAFG00000032079,,ENSG00000125531,FNDC11,ortholog_one2one,58.2222,82.3899
ENSCAFG00000015340,,ENSG00000156110,ADK,ortholog_one2one,58.1986,69.6133
ENSCAFG00000019556,,ENSG00000196642,RABL6,ortholog_one2one,58.1503,68.9041
ENSCAFG00000004295,,ENSG00000136104,RNASEH2B,ortholog_one2one,58.1461,58.3099
ENSCAFG00000032592,,ENSG00000172000,ZNF556,ortholog_one2one,58.1053,60.5263
ENSCAFG00000017370,,ENSG00000183035,CYLC1,ortholog_one2one,58.0386,55.4531
ENSCAFG00000016592,,ENSG00000187556,NANOS3,ortholog_one2one,58.0357,67.7083
ENSCAFG00000002063,,ENSG00000137078,SIT1,ortholog_one2one,58.0,64.7321
ENSCAFG00000015691,,ENSG00000105072,C19orf44,ortholog_one2one,57.9937,56.3166
ENSCAFG00000028617,,ENSG00000087128,TMPRSS11E,ortholog_one2one,57.9646,61.9385
ENSCAFG00000018887,,ENSG00000156500,PABIR3,ortholog_one2one,57.8358,57.4074
ENSCAFG00000043952,,ENSG00000213231,TCL1B,ortholog_one2one,57.8125,57.8125
ENSCAFG00000001999,,ENSG00000109184,DCUN1D4,ortholog_one2one,57.7869,83.9286
ENSCAFG00000025021,,ENSG00000204548,DEFB121,ortholog_one2one,57.7465,53.9474
ENSCAFG00000019130,,ENSG00000183688,RFLNB,ortholog_one2one,57.7465,85.4167
ENSCAFG00000000991,,ENSG00000183066,WBP2NL,ortholog_one2one,57.6642,51.1327
ENSCAFG00000024645,,ENSG00000176171,BNIP3,ortholog_one2one,57.6271,78.7645
ENSCAFG00000031174,,ENSG00000163736,PPBP,ortholog_one2one,57.6271,53.125
ENSCAFG00000009728,,ENSG00000168634,WFDC13,ortholog_one2one,57.6087,56.9892
ENSCAFG00000015664,,ENSG00000169676,DRD5,ortholog_one2one,57.58,86.7924
ENSCAFG00000018944,,ENSG00000102243,VGLL1,ortholog_one2one,57.5758,51.5504
ENSCAFG00000019228,,ENSG00000095932,SMIM24,ortholog_one2one,57.5758,58.4615
ENSCAFG00000029000,,ENSG00000188488,SERPINA5,ortholog_one2one,57.5639,72.1675
ENSCAFG00000004313,,ENSG00000011485,PPP5C,ortholog_one2one,57.4786,53.9078
ENSCAFG00000007547,,ENSG00000101460,MAP1LC3A,ortholog_one2one,57.3684,87.2
ENSCAFG00000000038,,ENSG00000150637,CD226,ortholog_one2one,57.3487,59.2262
ENSCAFG00000015698,,ENSG00000165424,ZCCHC24,ortholog_one2one,57.2848,71.7842
ENSCAFG00000002396,,ENSG00000163126,ANKRD23,ortholog_one2one,57.2748,81.3115
ENSCAFG00000015093,,ENSG00000158552,ZFAND2B,ortholog_one2one,57.2626,79.7665
ENSCAFG00000029080,,ENSG00000196196,HRCT1,ortholog_one2one,57.2581,61.7391
ENSCAFG00000018188,,ENSG00000185215,TNFAIP2,ortholog_one2one,57.236,67.1254
ENSCAFG00000000788,,ENSG00000186951,PPARA,ortholog_one2one,57.2183,69.4444
ENSCAFG00000017613,,ENSG00000130733,YIPF2,ortholog_one2one,57.2072,80.3797
ENSCAFG00000001844,,ENSG00000107262,BAG1,ortholog_one2one,57.2052,75.942
ENSCAFG00000009704,,ENSG00000158901,WFDC8,ortholog_one2one,57.1984,60.9958
ENSCAFG00000032029,,ENSG00000197928,ZNF677,ortholog_one2one,57.1827,70.2055
ENSCAFG00000018793,,ENSG00000167733,HSD11B1L,ortholog_one2one,57.0681,65.4655
ENSCAFG00000008618,,ENSG00000149636,DSN1,ortholog_one2one,57.0564,79.4944
ENSCAFG00000002876,,ENSG00000146242,TPBG,ortholog_one2one,57.0492,82.8571
ENSCAFG00000017697,,ENSG00000196440,ARMCX4,ortholog_one2one,57.0228,62.2271
ENSCAFG00000016196,,ENSG00000266524,GDF10,ortholog_one2one,57.0058,62.1339
ENSCAFG00000025462,,ENSG00000100867,DHRS2,ortholog_one2one,56.9966,55.6667
ENSCAFG00000015323,,ENSG00000167676,PLIN4,ortholog_one2one,56.965,70.0437
ENSCAFG00000011859,,ENSG00000152253,SPC25,ortholog_one2one,56.9395,71.4286
ENSCAFG00000032700,,ENSG00000148488,ST8SIA6,ortholog_one2one,56.926,75.3769
ENSCAFG00000000975,,ENSG00000235568,NFAM1,ortholog_one2one,56.8702,55.1852
ENSCAFG00000009683,,ENSG00000124251,TP53TG5,ortholog_one2one,56.8702,51.3793
ENSCAFG00000029882,,ENSG00000099812,MISP,ortholog_one2one,56.8144,50.9573
ENSCAFG00000023855,,ENSG00000188624,IGFL3,ortholog_one2one,56.8,56.8
ENSCAFG00000006868,,ENSG00000126246,IGFLR1,ortholog_one2one,56.7485,52.1127
ENSCAFG00000017432,,ENSG00000183401,CCDC159,ortholog_one2one,56.7376,80.8081
ENSCAFG00000004736,,ENSG00000165626,BEND7,ortholog_one2one,56.7325,67.5214
ENSCAFG00000007893,,ENSG00000138207,RBP4,ortholog_one2one,56.6667,93.0348
ENSCAFG00000011267,,ENSG00000129474,AJUBA,ortholog_one2one,56.6667,91.6357
ENSCAFG00000003604,,ENSG00000126458,RRAS,ortholog_one2one,56.6553,76.1468
ENSCAFG00000000866,,ENSG00000164488,DACT2,ortholog_one2one,56.6489,55.0388
ENSCAFG00000001030,,ENSG00000111906,HDDC2,ortholog_one2one,56.6102,81.8627
ENSCAFG00000002331,,ENSG00000187871,GFRAL,ortholog_one2one,56.6071,80.4569
ENSCAFG00000001356,,ENSG00000100311,PDGFB,ortholog_one2one,56.5982,80.083
ENSCAFG00000019173,,ENSG00000105278,ZFR2,ortholog_one2one,56.5708,58.6794
ENSCAFG00000023949,,ENSG00000165028,NIPSNAP3B,ortholog_one2one,56.5684,85.4251
ENSCAFG00000005453,,ENSG00000125850,OVOL2,ortholog_one2one,56.5104,78.9091
ENSCAFG00000013452,,ENSG00000170166,HOXD4,ortholog_one2one,56.4854,52.9412
ENSCAFG00000018780,,ENSG00000109113,RAB34,ortholog_one2one,56.4179,70.5224
ENSCAFG00000003614,,ENSG00000142546,NOSIP,ortholog_one2one,56.3991,85.5263
ENSCAFG00000006984,,ENSG00000185982,DEFB128,ortholog_one2one,56.383,56.9892
ENSCAFG00000014031,,ENSG00000147206,NXF3,ortholog_one2one,56.3356,61.9586
ENSCAFG00000030400,,ENSG00000125657,TNFSF9,ortholog_one2one,56.2992,56.2992
ENSCAFG00000014386,,ENSG00000181035,SLC25A42,ortholog_one2one,56.2005,66.9811
ENSCAFG00000014862,,ENSG00000130511,SSBP4,ortholog_one2one,56.1798,77.9221
ENSCAFG00000017230,,ENSG00000119705,SLIRP,ortholog_one2one,56.1538,58.871
ENSCAFG00000016229,,ENSG00000183785,TUBA8,ortholog_one2one,56.1194,80.5139
ENSCAFG00000002974,,ENSG00000142530,GARIN5A,ortholog_one2one,56.1181,53.8462
ENSCAFG00000019458,,ENSG00000188163,CIMIP2A,ortholog_one2one,56.0794,71.2934
ENSCAFG00000007429,,ENSG00000125967,NECAB3,ortholog_one2one,56.051,66.6667
ENSCAFG00000014687,,ENSG00000105696,TMEM59L,ortholog_one2one,55.9889,58.7719
ENSCAFG00000012714,,ENSG00000154478,GPR26,ortholog_one2one,55.9524,97.6261
ENSCAFG00000003901,,ENSG00000105552,BCAT2,ortholog_one2one,55.9122,74.382
ENSCAFG00000013867,,ENSG00000178026,LRRC75B,ortholog_one2one,55.9078,61.5873
ENSCAFG00000030105,,ENSG00000137033,IL33,ortholog_one2one,55.8935,54.4444
ENSCAFG00000019945,,ENSG00000130707,ASS1,ortholog_one2one,55.8935,71.3592
ENSCAFG00000009680,,ENSG00000111846,GCNT2,ortholog_one2one,55.8704,68.6567
ENSCAFG00000000850,,ENSG00000100364,KIAA0930,ortholog_one2one,55.8419,79.4621
ENSCAFG00000016427,,ENSG00000196632,WNK3,ortholog_one2one,55.8413,71.1667
ENSCAFG00000013001,,ENSG00000154493,C10orf90,ortholog_one2one,55.814,61.8026
ENSCAFG00000004666,,ENSG00000073008,PVR,ortholog_one2one,55.8025,54.1966
ENSCAFG00000030804,,ENSG00000184719,RNLS,ortholog_one2one,55.7951,60.5263
ENSCAFG00000029189,,ENSG00000100234,TIMP3,ortholog_one2one,55.7377,96.6825
ENSCAFG00000029358,,ENSG00000131944,FAAP24,ortholog_one2one,55.7312,65.5814
ENSCAFG00000012518,,ENSG00000149657,LSM14B,ortholog_one2one,55.6641,74.026
ENSCAFG00000004765,,ENSG00000204936,CD177,ortholog_one2one,55.6373,51.9451
ENSCAFG00000003431,,ENSG00000152672,CLEC4F,ortholog_one2one,55.5377,58.7436
ENSCAFG00000012597,,ENSG00000183559,C10orf120,ortholog_one2one,55.5224,55.5224
ENSCAFG00000010566,,ENSG00000184571,PIWIL3,ortholog_one2one,55.3991,53.5147
ENSCAFG00000007095,,ENSG00000266964,FXYD1,ortholog_one2one,55.3846,62.6087
ENSCAFG00000000513,,ENSG00000213760,ATP6V1G2,ortholog_one2one,55.3719,84.8101
ENSCAFG00000030389,,ENSG00000126545,CSN1S1,ortholog_one2one,55.3672,52.973
ENSCAFG00000012718,,ENSG00000121898,CPXM2,ortholog_one2one,55.3339,84.3915
ENSCAFG00000002520,,ENSG00000173572,NLRP13,ortholog_one2one,55.3151,56.3758
ENSCAFG00000002377,,ENSG00000137054,POLR1E,ortholog_one2one,55.2581,60.0832
ENSCAFG00000013179,,ENSG00000171703,TCEA2,ortholog_one2one,55.2561,68.5619
ENSCAFG00000019427,,ENSG00000172081,MOB3A,ortholog_one2one,55.2486,92.1659
ENSCAFG00000018017,,ENSG00000134758,RNF138,ortholog_one2one,55.2311,92.6531
ENSCAFG00000032239,,ENSG00000249693,SPMAP2L,ortholog_one2one,55.2301,56.7742
ENSCAFG00000018049,,ENSG00000022976,ZNF839,ortholog_one2one,55.2291,50.7012
ENSCAFG00000017619,,ENSG00000089723,OTUB2,ortholog_one2one,55.1929,79.4872
ENSCAFG00000006157,,ENSG00000088888,MAVS,ortholog_one2one,55.1923,53.1481
ENSCAFG00000045300,,ENSG00000181617,FDCSP,ortholog_one2one,55.1724,56.4706
ENSCAFG00000000688,,ENSG00000100429,HDAC10,ortholog_one2one,55.1323,77.8774
ENSCAFG00000000564,,ENSG00000284194,SCO2,ortholog_one2one,55.1282,80.8271
ENSCAFG00000024732,,ENSG00000188282,RUFY4,ortholog_one2one,55.1205,60.2965
ENSCAFG00000002675,,ENSG00000170892,TSEN34,ortholog_one2one,55.0802,65.3968
ENSCAFG00000016772,,ENSG00000215375,MYL5,ortholog_one2one,55.0173,91.9075
ENSCAFG00000003589,,ENSG00000126457,PRMT1,ortholog_one2one,54.9383,95.9569
ENSCAFG00000004218,,ENSG00000179133,C10orf67,ortholog_one2one,54.9296,56.7273
ENSCAFG00000030128,,ENSG00000204595,DPRX,ortholog_one2one,54.8913,52.8796
ENSCAFG00000019780,,ENSG00000160326,SLC2A6,ortholog_one2one,54.8571,75.7396
ENSCAFG00000002352,,ENSG00000130724,CHMP2A,ortholog_one2one,54.7945,70.4846
ENSCAFG00000004789,,ENSG00000151465,CDC123,ortholog_one2one,54.7619,95.8333
ENSCAFG00000003029,,ENSG00000169429,CXCL8,ortholog_one2one,54.7445,75.7576
ENSCAFG00000018571,,ENSG00000174837,ADGRE1,ortholog_one2one,54.7332,71.7833
ENSCAFG00000030619,,ENSG00000125868,DSTN,ortholog_one2one,54.717,70.303
ENSCAFG00000011764,,ENSG00000046651,OFD1,ortholog_one2one,54.7141,69.9605
ENSCAFG00000017891,,ENSG00000168350,DEGS2,ortholog_one2one,54.6875,86.6873
ENSCAFG00000015434,,ENSG00000160117,ANKLE1,ortholog_one2one,54.6407,54.559
ENSCAFG00000003461,,ENSG00000144031,ANKRD53,ortholog_one2one,54.5624,55.283
ENSCAFG00000012704,,ENSG00000130701,RBBP8NL,ortholog_one2one,54.5455,63.253
ENSCAFG00000014088,,ENSG00000166220,TBATA,ortholog_one2one,54.4944,55.1136
ENSCAFG00000004675,,ENSG00000120659,TNFSF11,ortholog_one2one,54.4922,88.0126
ENSCAFG00000005622,,ENSG00000269190,FBXO17,ortholog_one2one,54.4669,67.9856
ENSCAFG00000023441,,ENSG00000107537,PHYH,ortholog_one2one,54.4118,76.6272
ENSCAFG00000018785,,ENSG00000147256,ARHGAP36,ortholog_one2one,54.3919,88.2998
ENSCAFG00000015996,,ENSG00000147082,CCNB3,ortholog_one2one,54.3639,52.6882
ENSCAFG00000013590,,ENSG00000188674,C2orf80,ortholog_one2one,54.3554,80.829
ENSCAFG00000019503,,ENSG00000071655,MBD3,ortholog_one2one,54.2553,70.1031
ENSCAFG00000023105,,ENSG00000124490,CRISP2,ortholog_one2one,54.2056,62.5899
ENSCAFG00000007627,,ENSG00000166289,PLEKHF1,ortholog_one2one,54.1936,90.3226
ENSCAFG00000004455,,ENSG00000117877,POLR1G,ortholog_one2one,54.078,59.5703
ENSCAFG00000015682,,ENSG00000182333,LIPF,ortholog_one2one,54.0755,66.6667
ENSCAFG00000000917,,ENSG00000112473,SLC39A7,ortholog_one2one,54.0752,73.5608
ENSCAFG00000002292,,ENSG00000122705,CLTA,ortholog_one2one,54.0541,64.5161
ENSCAFG00000005034,,ENSG00000151657,KIN,ortholog_one2one,54.007,78.8804
ENSCAFG00000016995,,ENSG00000119630,PGF,ortholog_one2one,53.9906,52.0362
ENSCAFG00000016764,,ENSG00000169026,SLC49A3,ortholog_one2one,53.9889,51.9643
ENSCAFG00000013389,,ENSG00000204186,ZDBF2,ortholog_one2one,53.9777,57.6466
ENSCAFG00000019535,,ENSG00000184925,LCN12,ortholog_one2one,53.9267,53.6458
ENSCAFG00000016189,,ENSG00000265763,ZNF488,ortholog_one2one,53.8653,63.5294
ENSCAFG00000004005,,ENSG00000112761,CCN6,ortholog_one2one,53.8462,59.322
ENSCAFG00000010925,,ENSG00000010704,HFE,ortholog_one2one,53.7698,77.8736
ENSCAFG00000015893,,ENSG00000179299,NSUN7,ortholog_one2one,53.7453,79.9443
ENSCAFG00000013394,,ENSG00000165182,CXorf58,ortholog_one2one,53.7433,53.8874
ENSCAFG00000001360,,ENSG00000100307,CBX7,ortholog_one2one,53.7313,71.7132
ENSCAFG00000014448,,ENSG00000170396,ZNF804A,ortholog_one2one,53.6441,52.3573
ENSCAFG00000030536,,ENSG00000179058,C9orf50,ortholog_one2one,53.6131,53.3643
ENSCAFG00000024453,,ENSG00000198183,BPIFA1,ortholog_one2one,53.4591,66.4062
ENSCAFG00000002242,,ENSG00000204930,FAM221B,ortholog_one2one,53.373,66.9154
ENSCAFG00000002094,,ENSG00000134851,TMEM165,ortholog_one2one,53.3613,78.3951
ENSCAFG00000010931,,ENSG00000178605,GTPBP6,ortholog_one2one,53.3426,74.2248
ENSCAFG00000030308,,ENSG00000125726,CD70,ortholog_one2one,53.2663,50.9615
ENSCAFG00000003273,,ENSG00000183607,GKN2,ortholog_one2one,53.2,72.2826
ENSCAFG00000007024,,ENSG00000161249,DMKN,ortholog_one2one,53.1197,66.1765
ENSCAFG00000011113,,ENSG00000056998,GYG2,ortholog_one2one,53.1056,68.2635
ENSCAFG00000031107,,ENSG00000226174,TEX22,ortholog_one2one,53.1034,51.3333
ENSCAFG00000029984,,ENSG00000189420,ZFP92,ortholog_one2one,53.0612,68.75
ENSCAFG00000036179,,ENSG00000101489,CELF4,ortholog_one2one,53.0081,67.0782
ENSCAFG00000032693,,ENSG00000204472,AIF1,ortholog_one2one,52.973,60.8696
ENSCAFG00000032407,,ENSG00000152467,ZSCAN1,ortholog_one2one,52.9046,62.5
ENSCAFG00000030946,,ENSG00000185515,BRCC3,ortholog_one2one,52.8497,64.3533
ENSCAFG00000004655,,ENSG00000069399,BCL3,ortholog_one2one,52.8269,65.859
ENSCAFG00000032138,,ENSG00000160345,PIERCE1,ortholog_one2one,52.795,62.5
ENSCAFG00000031177,,ENSG00000160408,ST6GALNAC6,ortholog_one2one,52.7383,69.5187
ENSCAFG00000002585,,ENSG00000108107,RPL28,ortholog_one2one,52.7273,68.2353
ENSCAFG00000017617,,ENSG00000175699,CCDC197,ortholog_one2one,52.6667,58.0882
ENSCAFG00000032347,,ENSG00000155876,RRAGA,ortholog_one2one,52.605,100.0
ENSCAFG00000000657,,ENSG00000146425,DYNLT1,ortholog_one2one,52.5581,100.0
ENSCAFG00000019537,,ENSG00000176919,C8G,ortholog_one2one,52.518,72.2772
ENSCAFG00000002965,,ENSG00000204653,ASPDH,ortholog_one2one,52.5066,70.318
ENSCAFG00000003659,,ENSG00000104872,PIH1D1,ortholog_one2one,52.495,90.6897
ENSCAFG00000001394,,ENSG00000010030,ETV7,ortholog_one2one,52.3702,68.0352
ENSCAFG00000006811,,ENSG00000125775,SDCBP2,ortholog_one2one,52.3546,64.726
ENSCAFG00000013441,,ENSG00000151650,VENTX,ortholog_one2one,52.3256,52.3256
ENSCAFG00000001517,,ENSG00000185264,CIMIP4,ortholog_one2one,52.2936,61.0714
ENSCAFG00000018220,,ENSG00000104883,PEX11G,ortholog_one2one,52.2788,80.9129
ENSCAFG00000004671,,ENSG00000179813,FAM216B,ortholog_one2one,52.2727,66.187
ENSCAFG00000006991,,ENSG00000088320,REM1,ortholog_one2one,52.2634,85.2349
ENSCAFG00000004185,,ENSG00000130748,TMEM160,ortholog_one2one,52.2523,61.7021
ENSCAFG00000010205,,ENSG00000172201,ID4,ortholog_one2one,52.2321,72.6708
ENSCAFG00000031398,,ENSG00000079393,DUSP13B,ortholog_one2one,52.1277,58.6826
ENSCAFG00000041005,,ENSG00000228486,C2orf92,ortholog_one2one,52.1073,51.3208
ENSCAFG00000000913,,ENSG00000100300,TSPO,ortholog_one2one,52.093,66.2722
ENSCAFG00000004856,,ENSG00000148426,PROSER2,ortholog_one2one,52.008,59.5402
ENSCAFG00000029815,,ENSG00000188243,COMMD6,ortholog_one2one,51.938,67.0
ENSCAFG00000007360,,ENSG00000131050,BPIFA2,ortholog_one2one,51.8072,51.8072
ENSCAFG00000020023,,ENSG00000175287,PHYHD1,ortholog_one2one,51.5464,50.5051
ENSCAFG00000006376,,ENSG00000244754,N4BP2L2,ortholog_one2one,51.5226,68.1175
ENSCAFG00000000781,,ENSG00000112539,C6orf118,ortholog_one2one,51.4886,62.6866
ENSCAFG00000029641,,ENSG00000204334,ERICH2,ortholog_one2one,51.3393,73.7179
ENSCAFG00000008901,,ENSG00000101425,BPI,ortholog_one2one,51.2648,62.423
ENSCAFG00000013430,,ENSG00000198546,ZNF511,ortholog_one2one,51.2635,54.1985
ENSCAFG00000004794,,ENSG00000165609,NUDT5,ortholog_one2one,51.25,53.0172
ENSCAFG00000002869,,ENSG00000213822,CEACAM18,ortholog_one2one,51.1628,51.5625
ENSCAFG00000013120,,ENSG00000196700,ZNF512B,ortholog_one2one,51.1364,85.7623
ENSCAFG00000000172,,ENSG00000176136,MC5R,ortholog_one2one,51.1152,84.6154
ENSCAFG00000008726,,ENSG00000101353,MROH8,ortholog_one2one,51.1111,78.9552
ENSCAFG00000019011,,ENSG00000185361,TNFAIP8L1,ortholog_one2one,51.0703,89.7849
ENSCAFG00000018832,,ENSG00000176014,TUBB6,ortholog_one2one,51.0253,94.843
ENSCAFG00000014752,,ENSG00000003436,TFPI,ortholog_one2one,51.0101,66.4474
ENSCAFG00000001296,,ENSG00000100351,GRAP2,ortholog_one2one,51.0055,84.5455
ENSCAFG00000020212,,ENSG00000136942,RPL35,ortholog_one2one,50.8475,97.561
ENSCAFG00000014193,,ENSG00000188452,CERKL,ortholog_one2one,50.8046,79.2115
ENSCAFG00000014701,,ENSG00000125384,PTGER2,ortholog_one2one,50.7745,82.4022
ENSCAFG00000024434,,ENSG00000134884,ARGLU1,ortholog_one2one,50.5988,61.9048
ENSCAFG00000003840,,ENSG00000268655,SAXO3,ortholog_one2one,50.5376,70.3593
ENSCAFG00000019756,,ENSG00000160349,LCN1,ortholog_one2one,50.5051,56.8182
ENSCAFG00000005421,,ENSG00000182545,RNASE10,ortholog_one2one,50.5051,61.4754
ENSCAFG00000017159,,ENSG00000104889,RNASEH2A,ortholog_one2one,50.3984,84.6154
ENSCAFG00000016734,,ENSG00000090776,EFNB1,ortholog_one2one,50.3979,54.9133
ENSCAFG00000005919,,ENSG00000130244,FAM98C,ortholog_one2one,50.3717,77.6504
ENSCAFG00000003880,,ENSG00000087074,PPP1R15A,ortholog_one2one,50.3243,57.5668
ENSCAFG00000005235,,ENSG00000178372,CALML5,ortholog_one2one,50.2959,58.2192
ENSCAFG00000002138,,ENSG00000115604,IL18R1,ortholog_one2one,50.2786,66.7283
ENSCAFG00000005953,,ENSG00000064666,CNN2,ortholog_one2one,50.2632,57.8788
ENSCAFG00000002852,,ENSG00000105379,ETFB,ortholog_one2one,50.2155,67.341
ENSCAFG00000015441,,ENSG00000148655,LRMDA,ortholog_one2one,50.1845,60.177
